{"mean":{"confidence_interval":{"confidence_level":0.95,"lower_bound":1342526.5216633023,"upper_bound":1367402.8140766418},"point_estimate":1354074.0563228964,"standard_error":6375.605663089503},"median":{"confidence_interval":{"confidence_level":0.95,"lower_bound":1334916.953488372,"upper_bound":1337809.562015019},"point_estimate":1336129.8126657824,"standard_error":754.8716355706256},"median_abs_dev":{"confidence_interval":{"confidence_level":0.95,"lower_bound":4515.983865777521,"upper_bound":10358.643999792885},"point_estimate":7101.30650146287,"standard_error":1501.9884359219843},"slope":{"confidence_interval":{"confidence_level":0.95,"lower_bound":1341038.7910120185,"upper_bound":1373343.4957690912},"point_estimate":1355805.8383655977,"standard_error":8267.038599223657},"std_dev":{"confidence_interval":{"confidence_level":0.95,"lower_bound":40259.97697976433,"upper_bound":82822.46563630905},"point_estimate":64080.002348065726,"standard_error":10861.72960450447}}