{"mean":{"confidence_interval":{"confidence_level":0.95,"lower_bound":1028.0761290301773,"upper_bound":1049.1188940819202},"point_estimate":1039.3192961174655,"standard_error":5.374851843790519},"median":{"confidence_interval":{"confidence_level":0.95,"lower_bound":1054.4939680908333,"upper_bound":1056.2511023439313},"point_estimate":1055.362313940699,"standard_error":0.4274122366223191},"median_abs_dev":{"confidence_interval":{"confidence_level":0.95,"lower_bound":4.135993965454857,"upper_bound":16.94556382266688},"point_estimate":8.16177354202577,"standard_error":3.3148853802922016},"slope":{"confidence_interval":{"confidence_level":0.95,"lower_bound":1062.3504431956585,"upper_bound":1068.3905024853616},"point_estimate":1065.5389911685252,"standard_error":1.5387023731900038},"std_dev":{"confidence_interval":{"confidence_level":0.95,"lower_bound":37.6128414336617,"upper_bound":67.10180170800626},"point_estimate":54.11938217174968,"standard_error":7.552710189289647}}