{"mean":{"confidence_interval":{"confidence_level":0.95,"lower_bound":2601719.5901904767,"upper_bound":2660654.130619047},"point_estimate":2630227.031428571,"standard_error":15023.154844647283},"median":{"confidence_interval":{"confidence_level":0.95,"lower_bound":2576590.333333333,"upper_bound":2637200.261904762},"point_estimate":2608943.023809524,"standard_error":17705.274902160494},"median_abs_dev":{"confidence_interval":{"confidence_level":0.95,"lower_bound":93400.78548680455,"upper_bound":157996.796194996},"point_estimate":124073.24969725948,"standard_error":16711.330269953767},"slope":null,"std_dev":{"confidence_interval":{"confidence_level":0.95,"lower_bound":119761.13398888409,"upper_bound":184153.21103606673},"point_estimate":151893.5853983903,"standard_error":16583.32987740331}}