{"mean":{"confidence_interval":{"confidence_level":0.95,"lower_bound":2443649.3528157896,"upper_bound":2454032.388776315},"point_estimate":2448441.1042105258,"standard_error":2650.0788526618644},"median":{"confidence_interval":{"confidence_level":0.95,"lower_bound":2437415.4736842103,"upper_bound":2445836.4736842103},"point_estimate":2441460.3157894737,"standard_error":1794.3474253963302},"median_abs_dev":{"confidence_interval":{"confidence_level":0.95,"lower_bound":10389.784578833956,"upper_bound":17869.393177229067},"point_estimate":13882.129774595489,"standard_error":1780.3156169119538},"slope":null,"std_dev":{"confidence_interval":{"confidence_level":0.95,"lower_bound":15771.548862901414,"upper_bound":36040.18458931713},"point_estimate":26508.76380913788,"standard_error":5303.397911514396}}