{"mean":{"confidence_interval":{"confidence_level":0.95,"lower_bound":502.6395411449193,"upper_bound":511.5499747814909},"point_estimate":507.20415513544657,"standard_error":2.2682075781054034},"median":{"confidence_interval":{"confidence_level":0.95,"lower_bound":501.3380815654199,"upper_bound":505.7319349608009},"point_estimate":503.170280687379,"standard_error":1.168713938848067},"median_abs_dev":{"confidence_interval":{"confidence_level":0.95,"lower_bound":7.032934598424306,"upper_bound":21.22950669262468},"point_estimate":13.10673291630324,"standard_error":3.567552097441307},"slope":{"confidence_interval":{"confidence_level":0.95,"lower_bound":518.3338308238178,"upper_bound":526.4825042925231},"point_estimate":522.7600726553652,"standard_error":2.07563406439971},"std_dev":{"confidence_interval":{"confidence_level":0.95,"lower_bound":17.14791972890065,"upper_bound":28.153392758390908},"point_estimate":22.68625438332659,"standard_error":2.838644326361457}}