{"mean":{"confidence_interval":{"confidence_level":0.95,"lower_bound":585.5519396789497,"upper_bound":599.5626382735069},"point_estimate":592.7470738884103,"standard_error":3.589624337787111},"median":{"confidence_interval":{"confidence_level":0.95,"lower_bound":590.609022556391,"upper_bound":602.9223393661587},"point_estimate":596.4198788168924,"standard_error":3.5890020757272234},"median_abs_dev":{"confidence_interval":{"confidence_level":0.95,"lower_bound":18.157644854099924,"upper_bound":28.920060324622167},"point_estimate":23.734124876263643,"standard_error":2.7392175077372927},"slope":{"confidence_interval":{"confidence_level":0.95,"lower_bound":602.0177446038036,"upper_bound":614.1988273121677},"point_estimate":607.8562132610972,"standard_error":3.0973743091154993},"std_dev":{"confidence_interval":{"confidence_level":0.95,"lower_bound":26.59669765115494,"upper_bound":44.67137135970036},"point_estimate":36.14245289035016,"standard_error":4.644055052333842}}