{"mean":{"confidence_interval":{"confidence_level":0.95,"lower_bound":496.5314564573522,"upper_bound":505.4576057891309},"point_estimate":501.358693805794,"standard_error":2.293652844233881},"median":{"confidence_interval":{"confidence_level":0.95,"lower_bound":499.9341581756429,"upper_bound":502.95747050919795},"point_estimate":500.69576131125666,"standard_error":1.0698151651424943},"median_abs_dev":{"confidence_interval":{"confidence_level":0.95,"lower_bound":2.8572227148427856,"upper_bound":15.6396126418633},"point_estimate":10.143597567822685,"standard_error":4.04086642264685},"slope":{"confidence_interval":{"confidence_level":0.95,"lower_bound":503.3353474186521,"upper_bound":508.9226255851644},"point_estimate":506.09107526056,"standard_error":1.4268638005488095},"std_dev":{"confidence_interval":{"confidence_level":0.95,"lower_bound":13.043750943302536,"upper_bound":32.11484365431109},"point_estimate":22.99003583665868,"standard_error":4.952444400856695}}