{"mean":{"confidence_interval":{"confidence_level":0.95,"lower_bound":502.91132499971076,"upper_bound":515.9576844932424},"point_estimate":509.56828288417375,"standard_error":3.332104218278966},"median":{"confidence_interval":{"confidence_level":0.95,"lower_bound":504.0243261012492,"upper_bound":518.1173141240031},"point_estimate":511.24513344042623,"standard_error":3.7293811505963945},"median_abs_dev":{"confidence_interval":{"confidence_level":0.95,"lower_bound":24.60873275750031,"upper_bound":37.92562412504605},"point_estimate":31.21817244550935,"standard_error":3.659863836607054},"slope":{"confidence_interval":{"confidence_level":0.95,"lower_bound":508.1546079393923,"upper_bound":523.3416647157405},"point_estimate":515.6473257638226,"standard_error":3.8643720041527176},"std_dev":{"confidence_interval":{"confidence_level":0.95,"lower_bound":26.89410296984753,"upper_bound":39.40760649254541},"point_estimate":33.33027121231119,"standard_error":3.2004805483687044}}