{"mean":{"confidence_interval":{"confidence_level":0.95,"lower_bound":450.76519875628185,"upper_bound":457.1117321757103},"point_estimate":454.099165303241,"standard_error":1.6221238296224754},"median":{"confidence_interval":{"confidence_level":0.95,"lower_bound":456.30411285061973,"upper_bound":462.43171956096313},"point_estimate":458.6130619537147,"standard_error":1.4575366246686763},"median_abs_dev":{"confidence_interval":{"confidence_level":0.95,"lower_bound":6.662031074743131,"upper_bound":11.686289325454833},"point_estimate":8.657243552751435,"standard_error":1.225048315681133},"slope":{"confidence_interval":{"confidence_level":0.95,"lower_bound":456.90067826794615,"upper_bound":459.4208309937949},"point_estimate":458.07908734890196,"standard_error":0.641126025579729},"std_dev":{"confidence_interval":{"confidence_level":0.95,"lower_bound":12.137430109429003,"upper_bound":19.845211038379716},"point_estimate":16.320398281680195,"standard_error":1.9760703261036257}}