{"mean":{"confidence_interval":{"confidence_level":0.95,"lower_bound":29191.45256268063,"upper_bound":29698.166027527073},"point_estimate":29424.77228296576,"standard_error":129.38962678257352},"median":{"confidence_interval":{"confidence_level":0.95,"lower_bound":28888.421875,"upper_bound":29504.042420116195},"point_estimate":29169.656808291344,"standard_error":192.4143146418808},"median_abs_dev":{"confidence_interval":{"confidence_level":0.95,"lower_bound":710.0781756288907,"upper_bound":1246.8463813057456},"point_estimate":948.776038765441,"standard_error":144.19548251925926},"slope":{"confidence_interval":{"confidence_level":0.95,"lower_bound":29286.007350021417,"upper_bound":29873.77806419275},"point_estimate":29571.960955741095,"standard_error":149.86077321735547},"std_dev":{"confidence_interval":{"confidence_level":0.95,"lower_bound":809.5429879700914,"upper_bound":1856.5315321681585},"point_estimate":1304.8897209390502,"standard_error":306.4759543805885}}