{"mean":{"confidence_interval":{"confidence_level":0.95,"lower_bound":10266.964504355983,"upper_bound":10400.07349632715},"point_estimate":10319.674401074366,"standard_error":35.04691674747136},"median":{"confidence_interval":{"confidence_level":0.95,"lower_bound":10245.53634868421,"upper_bound":10270.68},"point_estimate":10256.392810457517,"standard_error":6.148113966546475},"median_abs_dev":{"confidence_interval":{"confidence_level":0.95,"lower_bound":42.30283695577298,"upper_bound":71.64037212894306},"point_estimate":57.71351556511842,"standard_error":7.632900216000439},"slope":{"confidence_interval":{"confidence_level":0.95,"lower_bound":10254.524841241377,"upper_bound":10287.119314694473},"point_estimate":10269.85455429125,"standard_error":8.339767965527642},"std_dev":{"confidence_interval":{"confidence_level":0.95,"lower_bound":81.72850407565053,"upper_bound":576.2636898864231},"point_estimate":352.01255814261714,"standard_error":149.5416164734807}}