{"mean":{"confidence_interval":{"confidence_level":0.95,"lower_bound":1819.5028379476337,"upper_bound":1866.0647623680916},"point_estimate":1842.6944722917908,"standard_error":11.86131563628895},"median":{"confidence_interval":{"confidence_level":0.95,"lower_bound":1825.4047458389564,"upper_bound":1880.821514312096},"point_estimate":1857.2746151092015,"standard_error":15.122035374126849},"median_abs_dev":{"confidence_interval":{"confidence_level":0.95,"lower_bound":77.38148441911763,"upper_bound":126.80360673994876},"point_estimate":111.7968630152091,"standard_error":12.425903758948962},"slope":{"confidence_interval":{"confidence_level":0.95,"lower_bound":1857.9343430815989,"upper_bound":1900.597945179804},"point_estimate":1879.203737824686,"standard_error":10.889245007824822},"std_dev":{"confidence_interval":{"confidence_level":0.95,"lower_bound":97.5663111403468,"upper_bound":140.81062680281522},"point_estimate":119.50433832634965,"standard_error":11.053589664126486}}