{"mean":{"confidence_interval":{"confidence_level":0.95,"lower_bound":-0.4309183206546332,"upper_bound":-0.37733693618628755},"point_estimate":-0.404899118080394,"standard_error":0.013663833996645159},"median":{"confidence_interval":{"confidence_level":0.95,"lower_bound":-0.43863054293954695,"upper_bound":-0.35944186372539555},"point_estimate":-0.38297377451391224,"standard_error":0.022877431189009156}}