{"mean":{"confidence_interval":{"confidence_level":0.95,"lower_bound":0.07610684712494216,"upper_bound":0.18024813706283643},"point_estimate":0.12618202913409848,"standard_error":0.026561205517868076},"median":{"confidence_interval":{"confidence_level":0.95,"lower_bound":-0.011275224008347795,"upper_bound":0.17253712103190844},"point_estimate":0.014896045822251347,"standard_error":0.06503796690822354}}