{"mean":{"confidence_interval":{"confidence_level":0.95,"lower_bound":-0.23721901652195612,"upper_bound":-0.16800348397458095},"point_estimate":-0.20249501113383328,"standard_error":0.01768851308068057},"median":{"confidence_interval":{"confidence_level":0.95,"lower_bound":-0.2176410469111726,"upper_bound":-0.17086149752775037},"point_estimate":-0.18787350816613757,"standard_error":0.012988575594740474}}