{"mean":{"confidence_interval":{"confidence_level":0.95,"lower_bound":-0.29677733594870653,"upper_bound":-0.23025596989893177},"point_estimate":-0.2624513722987163,"standard_error":0.01698056291377947},"median":{"confidence_interval":{"confidence_level":0.95,"lower_bound":-0.3067676905839021,"upper_bound":-0.20570837787143947},"point_estimate":-0.23531568144921555,"standard_error":0.028879783243584884}}