{"mean":{"confidence_interval":{"confidence_level":0.95,"lower_bound":0.2666142685571824,"upper_bound":0.5796973029207819},"point_estimate":0.3864610657571297,"standard_error":0.09003998103252718},"median":{"confidence_interval":{"confidence_level":0.95,"lower_bound":0.25322156757662695,"upper_bound":0.34464437717163876},"point_estimate":0.31154581821423544,"standard_error":0.023654922063934592}}