{"mean":{"confidence_interval":{"confidence_level":0.95,"lower_bound":0.5822565070293055,"upper_bound":0.6917573398472721},"point_estimate":0.6347163284595525,"standard_error":0.02825417070162077},"median":{"confidence_interval":{"confidence_level":0.95,"lower_bound":0.505979812740305,"upper_bound":0.5707830803119478},"point_estimate":0.521742223091314,"standard_error":0.016405357354934137}}