{"mean":{"confidence_interval":{"confidence_level":0.95,"lower_bound":-0.13790626792316296,"upper_bound":-0.06634209231043013},"point_estimate":-0.10333635606114022,"standard_error":0.01816255686296288},"median":{"confidence_interval":{"confidence_level":0.95,"lower_bound":-0.1442331481698327,"upper_bound":-0.09030414265959114},"point_estimate":-0.11872308354856531,"standard_error":0.013436051561461167}}