{"mean":{"confidence_interval":{"confidence_level":0.95,"lower_bound":0.008132896066056201,"upper_bound":0.24197056701047756},"point_estimate":0.11716567891891305,"standard_error":0.0592472456485261},"median":{"confidence_interval":{"confidence_level":0.95,"lower_bound":-0.32731288733219976,"upper_bound":0.1203613759294353},"point_estimate":0.1089738553068218,"standard_error":0.1605253093113746}}