{"mean":{"confidence_interval":{"confidence_level":0.95,"lower_bound":0.3758060123887026,"upper_bound":0.5180023950179128},"point_estimate":0.43980834908700595,"standard_error":0.03628014001942697},"median":{"confidence_interval":{"confidence_level":0.95,"lower_bound":0.3432942692443717,"upper_bound":0.4525653874568263},"point_estimate":0.3914494258457599,"standard_error":0.028016287526340472}}