{"mean":{"confidence_interval":{"confidence_level":0.95,"lower_bound":0.11056709744486075,"upper_bound":0.2021496635706558},"point_estimate":0.16275297573251102,"standard_error":0.02324297739401316},"median":{"confidence_interval":{"confidence_level":0.95,"lower_bound":0.20133836556024964,"upper_bound":0.28286749976533576},"point_estimate":0.24773439347529758,"standard_error":0.022995909200268366}}