{"mean":{"confidence_interval":{"confidence_level":0.95,"lower_bound":-0.12306135336729501,"upper_bound":-0.061525317729765834},"point_estimate":-0.09223519990030082,"standard_error":0.015248071892381676},"median":{"confidence_interval":{"confidence_level":0.95,"lower_bound":-0.08728257490227076,"upper_bound":-0.019738205445360535},"point_estimate":-0.05324627009470284,"standard_error":0.01866436139191567}}