{"mean":{"confidence_interval":{"confidence_level":0.95,"lower_bound":-0.47259102899732974,"upper_bound":-0.4294845758972264},"point_estimate":-0.45193913885057835,"standard_error":0.01101382252577375},"median":{"confidence_interval":{"confidence_level":0.95,"lower_bound":-0.4988590704435698,"upper_bound":-0.4573176728744407},"point_estimate":-0.48116935596399113,"standard_error":0.0108684964391911}}