{"mean":{"confidence_interval":{"confidence_level":0.95,"lower_bound":-0.26820487118915076,"upper_bound":-0.19814885902092644},"point_estimate":-0.2329383799307856,"standard_error":0.017797153058436987},"median":{"confidence_interval":{"confidence_level":0.95,"lower_bound":-0.26158646943940633,"upper_bound":-0.2152103919802575},"point_estimate":-0.2412449230334215,"standard_error":0.01333076382606617}}