{"mean":{"confidence_interval":{"confidence_level":0.95,"lower_bound":0.16405861185505893,"upper_bound":0.2663562857322283},"point_estimate":0.21289750715753253,"standard_error":0.026378557704888464},"median":{"confidence_interval":{"confidence_level":0.95,"lower_bound":0.21255359930505535,"upper_bound":0.2836979160971409},"point_estimate":0.25686290140825996,"standard_error":0.018934627589727516}}