{"mean":{"confidence_interval":{"confidence_level":0.95,"lower_bound":0.02254463926749284,"upper_bound":0.13653413211334678},"point_estimate":0.08082299026582529,"standard_error":0.028941315863996477},"median":{"confidence_interval":{"confidence_level":0.95,"lower_bound":-0.003854835822756142,"upper_bound":0.16822668846561295},"point_estimate":0.09388597548565869,"standard_error":0.04619596582701344}}