{"mean":{"confidence_interval":{"confidence_level":0.95,"lower_bound":-0.06836320847788879,"upper_bound":-0.014758135053348886},"point_estimate":-0.04110485512999429,"standard_error":0.013617786247927166},"median":{"confidence_interval":{"confidence_level":0.95,"lower_bound":-0.08230753778367494,"upper_bound":-0.037297927632860994},"point_estimate":-0.050481527453772546,"standard_error":0.010946349622850467}}