{"mean":{"confidence_interval":{"confidence_level":0.95,"lower_bound":0.07493996317078899,"upper_bound":0.16887555625902004},"point_estimate":0.1239909120592535,"standard_error":0.023298728985052357},"median":{"confidence_interval":{"confidence_level":0.95,"lower_bound":0.11634299313774621,"upper_bound":0.25951013656395605},"point_estimate":0.18494922897705557,"standard_error":0.042523525321116244}}