{"mean":{"confidence_interval":{"confidence_level":0.95,"lower_bound":-0.2398958786064583,"upper_bound":-0.1725583960798577},"point_estimate":-0.20678115038487854,"standard_error":0.017177686464626443},"median":{"confidence_interval":{"confidence_level":0.95,"lower_bound":-0.26622860355116884,"upper_bound":-0.19242844578336427},"point_estimate":-0.24386837342676726,"standard_error":0.021604741368703523}}