{"mean":{"confidence_interval":{"confidence_level":0.95,"lower_bound":-0.29679510697763,"upper_bound":-0.22314884429009507},"point_estimate":-0.2603344658895508,"standard_error":0.018791907611010766},"median":{"confidence_interval":{"confidence_level":0.95,"lower_bound":-0.24508381690053493,"upper_bound":-0.17637618809349043},"point_estimate":-0.20664043489590755,"standard_error":0.017049812296410057}}