{"mean":{"confidence_interval":{"confidence_level":0.95,"lower_bound":-0.23428096516530117,"upper_bound":-0.16220257635125818},"point_estimate":-0.19980161480246839,"standard_error":0.018219342789439697},"median":{"confidence_interval":{"confidence_level":0.95,"lower_bound":-0.2557272132280328,"upper_bound":-0.20348109728834574},"point_estimate":-0.23265930130536383,"standard_error":0.01427049886602553}}