{"mean":{"confidence_interval":{"confidence_level":0.95,"lower_bound":0.5966159058317699,"upper_bound":0.7290913124471786},"point_estimate":0.6603792655338754,"standard_error":0.03395525241445683},"median":{"confidence_interval":{"confidence_level":0.95,"lower_bound":0.6194627090958984,"upper_bound":0.7533726157911969},"point_estimate":0.7004959156472814,"standard_error":0.03471574866521269}}