{"mean":{"confidence_interval":{"confidence_level":0.95,"lower_bound":-0.12326443894129802,"upper_bound":-0.0347905123887857},"point_estimate":-0.07891143678891488,"standard_error":0.022658457830051368},"median":{"confidence_interval":{"confidence_level":0.95,"lower_bound":-0.09444710985813631,"upper_bound":-0.0417417033328783},"point_estimate":-0.07299909830412044,"standard_error":0.015693806774585015}}