{"mean":{"confidence_interval":{"confidence_level":0.95,"lower_bound":0.1478174287921219,"upper_bound":0.2464599782502157},"point_estimate":0.1973500191144928,"standard_error":0.025236396067559147},"median":{"confidence_interval":{"confidence_level":0.95,"lower_bound":0.08351199025238243,"upper_bound":0.18785913950678346},"point_estimate":0.14014227052214467,"standard_error":0.026140826991386944}}