{"mean":{"confidence_interval":{"confidence_level":0.95,"lower_bound":0.07805198791750945,"upper_bound":0.13073984908482839},"point_estimate":0.1047957789710765,"standard_error":0.013391628452051484},"median":{"confidence_interval":{"confidence_level":0.95,"lower_bound":0.07983234534622619,"upper_bound":0.11267894999464456},"point_estimate":0.09499977739349785,"standard_error":0.008421359664899312}}