{"mean":{"confidence_interval":{"confidence_level":0.95,"lower_bound":-0.04763881827516272,"upper_bound":0.04510366878955618},"point_estimate":-0.003165561532045613,"standard_error":0.023589079946811427},"median":{"confidence_interval":{"confidence_level":0.95,"lower_bound":-0.007902288408234481,"upper_bound":0.06021695007922001},"point_estimate":0.017988915461441213,"standard_error":0.01840215119396657}}