{"mean":{"confidence_interval":{"confidence_level":0.95,"lower_bound":-0.10477329029828063,"upper_bound":-0.01244771815791637},"point_estimate":-0.06079332521095415,"standard_error":0.023553472902540524},"median":{"confidence_interval":{"confidence_level":0.95,"lower_bound":-0.09204165173925735,"upper_bound":0.03211543644264503},"point_estimate":-0.0030748507468881803,"standard_error":0.036521356359851}}