{"mean":{"confidence_interval":{"confidence_level":0.95,"lower_bound":0.08510514087931198,"upper_bound":0.1844871095615072},"point_estimate":0.13740587193943643,"standard_error":0.024935542298071805},"median":{"confidence_interval":{"confidence_level":0.95,"lower_bound":0.11901288448734926,"upper_bound":0.2000675147955664},"point_estimate":0.17155755983701404,"standard_error":0.019833333735569687}}