{"mean":{"confidence_interval":{"confidence_level":0.95,"lower_bound":-0.18060818478971766,"upper_bound":-0.11859225957535724},"point_estimate":-0.14997744139729274,"standard_error":0.015883644430109367},"median":{"confidence_interval":{"confidence_level":0.95,"lower_bound":-0.1340320107202272,"upper_bound":-0.07267785659643054},"point_estimate":-0.10216913878232359,"standard_error":0.015952919500602934}}