{"mean":{"confidence_interval":{"confidence_level":0.95,"lower_bound":0.11488341771039562,"upper_bound":0.22472617393445443},"point_estimate":0.1668049166779395,"standard_error":0.028408979540662144},"median":{"confidence_interval":{"confidence_level":0.95,"lower_bound":0.14757927512320812,"upper_bound":0.21183816450676363},"point_estimate":0.17070202753814145,"standard_error":0.016690253294155816}}