{"mean":{"confidence_interval":{"confidence_level":0.95,"lower_bound":0.07156282862327572,"upper_bound":0.16612723834368312},"point_estimate":0.12202303270959725,"standard_error":0.024060848784745577},"median":{"confidence_interval":{"confidence_level":0.95,"lower_bound":0.14471278343362948,"upper_bound":0.21042390078329443},"point_estimate":0.19022391035153552,"standard_error":0.018077289305443226}}