{"mean":{"confidence_interval":{"confidence_level":0.95,"lower_bound":0.19429567118047142,"upper_bound":0.26578006947926136},"point_estimate":0.23023088789049506,"standard_error":0.01835355733791172},"median":{"confidence_interval":{"confidence_level":0.95,"lower_bound":0.25979306106858735,"upper_bound":0.29023139783228347},"point_estimate":0.26888627489514705,"standard_error":0.008803176205644027}}