{"mean":{"confidence_interval":{"confidence_level":0.95,"lower_bound":0.4660832166644362,"upper_bound":0.5631850524027171},"point_estimate":0.5148680079601444,"standard_error":0.024709569908577696},"median":{"confidence_interval":{"confidence_level":0.95,"lower_bound":0.49877278801758207,"upper_bound":0.542330398088992},"point_estimate":0.5208733718890779,"standard_error":0.011113111682343711}}