{"mean":{"confidence_interval":{"confidence_level":0.95,"lower_bound":-0.18842499082218767,"upper_bound":-0.12654104581548234},"point_estimate":-0.1587731171211687,"standard_error":0.015848713091749806},"median":{"confidence_interval":{"confidence_level":0.95,"lower_bound":-0.19359741996198077,"upper_bound":-0.1406022862936938},"point_estimate":-0.16584694905165198,"standard_error":0.013605716970037346}}