{"mean":{"confidence_interval":{"confidence_level":0.95,"lower_bound":-0.09733605088459829,"upper_bound":-0.01049008497604409},"point_estimate":-0.05285791450229915,"standard_error":0.022310001715878994},"median":{"confidence_interval":{"confidence_level":0.95,"lower_bound":-0.07152119443292537,"upper_bound":0.008516931273165884},"point_estimate":-0.03310442861352825,"standard_error":0.02100403763833601}}