{"mean":{"confidence_interval":{"confidence_level":0.95,"lower_bound":0.014210907645454915,"upper_bound":0.07945883008817042},"point_estimate":0.049023418065075264,"standard_error":0.01651882574117508},"median":{"confidence_interval":{"confidence_level":0.95,"lower_bound":0.0804827222544815,"upper_bound":0.13794434274428968},"point_estimate":0.11973549156038521,"standard_error":0.01482961268263372}}