{"mean":{"confidence_interval":{"confidence_level":0.95,"lower_bound":0.2976065276500066,"upper_bound":0.41644380322767016},"point_estimate":0.3519183260714098,"standard_error":0.03098690631747272},"median":{"confidence_interval":{"confidence_level":0.95,"lower_bound":0.24461743691639404,"upper_bound":0.3559504823805866},"point_estimate":0.30764043477010117,"standard_error":0.028506579990786762}}