{"mean":{"confidence_interval":{"confidence_level":0.95,"lower_bound":-0.33872988696362166,"upper_bound":-0.2665823861928282},"point_estimate":-0.3023044618832025,"standard_error":0.01833168684605718},"median":{"confidence_interval":{"confidence_level":0.95,"lower_bound":-0.2768122155835855,"upper_bound":-0.21138860091760325},"point_estimate":-0.23681166215926241,"standard_error":0.01619470725775965}}