{"mean":{"confidence_interval":{"confidence_level":0.95,"lower_bound":-0.1381208895226417,"upper_bound":-0.05909454829008446},"point_estimate":-0.10169762221154677,"standard_error":0.020081465259058864},"median":{"confidence_interval":{"confidence_level":0.95,"lower_bound":-0.10816482315087594,"upper_bound":-0.054086856131642644},"point_estimate":-0.07121656816875122,"standard_error":0.013354932990922065}}