{"mean":{"confidence_interval":{"confidence_level":0.95,"lower_bound":0.21176030948447352,"upper_bound":0.3079916404140667},"point_estimate":0.26498148165969937,"standard_error":0.024282070785998075},"median":{"confidence_interval":{"confidence_level":0.95,"lower_bound":0.36091089155934775,"upper_bound":0.41353583082257517},"point_estimate":0.3968624084294954,"standard_error":0.012473432879712565}}