{"mean":{"confidence_interval":{"confidence_level":0.95,"lower_bound":0.0136439777157868,"upper_bound":0.1157484657025266},"point_estimate":0.0659535486192746,"standard_error":0.026037251481588954},"median":{"confidence_interval":{"confidence_level":0.95,"lower_bound":0.022213676226388923,"upper_bound":0.08849896602094387},"point_estimate":0.04790898206286642,"standard_error":0.018624985897605223}}