{"mean":{"confidence_interval":{"confidence_level":0.95,"lower_bound":-0.21194989045342627,"upper_bound":-0.1606451487567192},"point_estimate":-0.18634000363799397,"standard_error":0.01316131828659859},"median":{"confidence_interval":{"confidence_level":0.95,"lower_bound":-0.23576363818409166,"upper_bound":-0.14643581159245855},"point_estimate":-0.19804450608708368,"standard_error":0.028195231033207525}}