{"mean":{"confidence_interval":{"confidence_level":0.95,"lower_bound":-0.30237558995931696,"upper_bound":-0.23703174838589786},"point_estimate":-0.2724302386063975,"standard_error":0.016503963771721145},"median":{"confidence_interval":{"confidence_level":0.95,"lower_bound":-0.2210525027665463,"upper_bound":-0.1859394970018451},"point_estimate":-0.19876861711484717,"standard_error":0.009273854882662556}}