{"mean":{"confidence_interval":{"confidence_level":0.95,"lower_bound":0.11111904951855663,"upper_bound":0.1756550966886525},"point_estimate":0.14454036918319813,"standard_error":0.016360078136160906},"median":{"confidence_interval":{"confidence_level":0.95,"lower_bound":0.07398092773911968,"upper_bound":0.2348411300179274},"point_estimate":0.17234783337543824,"standard_error":0.046938026830351164}}