{"mean":{"confidence_interval":{"confidence_level":0.95,"lower_bound":-0.13977647762791226,"upper_bound":-0.07124066112501604},"point_estimate":-0.10548651605025239,"standard_error":0.01731723916279263},"median":{"confidence_interval":{"confidence_level":0.95,"lower_bound":-0.11856454679669559,"upper_bound":-0.07031636139308994},"point_estimate":-0.09609708910624593,"standard_error":0.011409683202479022}}