{"mean":{"confidence_interval":{"confidence_level":0.95,"lower_bound":0.04883876398788575,"upper_bound":0.14198823737138205},"point_estimate":0.09421704394199604,"standard_error":0.023472685396216286},"median":{"confidence_interval":{"confidence_level":0.95,"lower_bound":0.07270327051951431,"upper_bound":0.13265331255906143},"point_estimate":0.09981678177650388,"standard_error":0.014609677278462758}}