{"mean":{"confidence_interval":{"confidence_level":0.95,"lower_bound":0.4112527618053915,"upper_bound":0.5400325821365404},"point_estimate":0.47269136803744827,"standard_error":0.03265834212467072},"median":{"confidence_interval":{"confidence_level":0.95,"lower_bound":0.34697908131261473,"upper_bound":0.4915488862516626},"point_estimate":0.4241179988288193,"standard_error":0.03746661287609066}}