{"mean":{"confidence_interval":{"confidence_level":0.95,"lower_bound":-0.025564802429985958,"upper_bound":0.06392394111767115},"point_estimate":0.01982066830288609,"standard_error":0.022541775607580302},"median":{"confidence_interval":{"confidence_level":0.95,"lower_bound":-0.019847873306146346,"upper_bound":0.051547158993118236},"point_estimate":0.013175027849789966,"standard_error":0.017311857859476944}}