{"mean":{"confidence_interval":{"confidence_level":0.95,"lower_bound":0.010828553092513848,"upper_bound":0.07962720359394714},"point_estimate":0.04589353797459239,"standard_error":0.01767368890952666},"median":{"confidence_interval":{"confidence_level":0.95,"lower_bound":-0.01506835593774325,"upper_bound":0.03964555082943111},"point_estimate":-0.0023260117313972373,"standard_error":0.016450416353360937}}