{"mean":{"confidence_interval":{"confidence_level":0.95,"lower_bound":0.1177812391515662,"upper_bound":0.1859898812568199},"point_estimate":0.15191674258785048,"standard_error":0.01728508582958965},"median":{"confidence_interval":{"confidence_level":0.95,"lower_bound":0.13136374440953538,"upper_bound":0.20003335668795774},"point_estimate":0.16691141174312318,"standard_error":0.018733662090738207}}