{"mean":{"confidence_interval":{"confidence_level":0.95,"lower_bound":-0.1340979987592661,"upper_bound":-0.05558955556152523},"point_estimate":-0.09651642683365547,"standard_error":0.020114098482013974},"median":{"confidence_interval":{"confidence_level":0.95,"lower_bound":-0.11332840574616343,"upper_bound":-0.05793332338714885},"point_estimate":-0.08742075421012496,"standard_error":0.01590766539692099}}