{"mean":{"confidence_interval":{"confidence_level":0.95,"lower_bound":0.3250549985070477,"upper_bound":0.3958947580631722},"point_estimate":0.36095883104211546,"standard_error":0.018021389037006404},"median":{"confidence_interval":{"confidence_level":0.95,"lower_bound":0.298737200864563,"upper_bound":0.35337294776526296},"point_estimate":0.3227217590874607,"standard_error":0.014595259188469082}}