{"mean":{"confidence_interval":{"confidence_level":0.95,"lower_bound":0.08406857434758627,"upper_bound":0.1723369029593972},"point_estimate":0.12392333785298404,"standard_error":0.02252868630997074},"median":{"confidence_interval":{"confidence_level":0.95,"lower_bound":0.13052027289247858,"upper_bound":0.19442347224628098},"point_estimate":0.17422235793027507,"standard_error":0.017370796042330206}}