{"mean":{"confidence_interval":{"confidence_level":0.95,"lower_bound":0.21050717722121592,"upper_bound":0.2872671973227908},"point_estimate":0.2507482837455137,"standard_error":0.019834897094814667},"median":{"confidence_interval":{"confidence_level":0.95,"lower_bound":0.2628196186490394,"upper_bound":0.30047712346581634},"point_estimate":0.27866732849345865,"standard_error":0.010386428871784507}}