{"mean":{"confidence_interval":{"confidence_level":0.95,"lower_bound":-0.3023597206583034,"upper_bound":-0.2304510777287374},"point_estimate":-0.2681019069952969,"standard_error":0.018417794586926068},"median":{"confidence_interval":{"confidence_level":0.95,"lower_bound":-0.3200468420941204,"upper_bound":-0.21670998908700412},"point_estimate":-0.25179675278704017,"standard_error":0.028735576127309186}}