{"mean":{"confidence_interval":{"confidence_level":0.95,"lower_bound":0.16849742209117896,"upper_bound":0.2668051726182867},"point_estimate":0.21591810271978584,"standard_error":0.025171056465692673},"median":{"confidence_interval":{"confidence_level":0.95,"lower_bound":0.16128827964090142,"upper_bound":0.21565761521156035},"point_estimate":0.19042298560861082,"standard_error":0.01310593266167669}}