{"mean":{"confidence_interval":{"confidence_level":0.95,"lower_bound":-0.01991998724851375,"upper_bound":0.06362608071292164},"point_estimate":0.02490099027371473,"standard_error":0.02168994507092061},"median":{"confidence_interval":{"confidence_level":0.95,"lower_bound":0.10986547204042485,"upper_bound":0.1424719988689247},"point_estimate":0.1260276270449454,"standard_error":0.008383877103202243}}