{"mean":{"confidence_interval":{"confidence_level":0.95,"lower_bound":0.2297075852457664,"upper_bound":0.34125204865950454},"point_estimate":0.2864864307201538,"standard_error":0.028821717574674225},"median":{"confidence_interval":{"confidence_level":0.95,"lower_bound":0.27899368997625706,"upper_bound":0.3374633510468088},"point_estimate":0.31127475030496776,"standard_error":0.01436589378361631}}