{"mean":{"confidence_interval":{"confidence_level":0.95,"lower_bound":-0.15239162245221372,"upper_bound":-0.10632957799366012},"point_estimate":-0.12937619483020202,"standard_error":0.011742337163120854},"median":{"confidence_interval":{"confidence_level":0.95,"lower_bound":-0.11705233334792375,"upper_bound":-0.09573471790345822},"point_estimate":-0.11042189885047426,"standard_error":0.00614264725412962}}