{"mean":{"confidence_interval":{"confidence_level":0.95,"lower_bound":-0.24926680825863368,"upper_bound":-0.17125001820440286},"point_estimate":-0.21052710792467988,"standard_error":0.019898235153614267},"median":{"confidence_interval":{"confidence_level":0.95,"lower_bound":-0.2445846622782891,"upper_bound":-0.13996407580351256},"point_estimate":-0.1705706732022355,"standard_error":0.030474696458724415}}