{"mean":{"confidence_interval":{"confidence_level":0.95,"lower_bound":0.12620483092878065,"upper_bound":0.1940260886322025},"point_estimate":0.15934979267111515,"standard_error":0.01732908003465989},"median":{"confidence_interval":{"confidence_level":0.95,"lower_bound":0.1924398720550089,"upper_bound":0.2189975830898503},"point_estimate":0.20553634475151417,"standard_error":0.006872867940345363}}