{"mean":{"confidence_interval":{"confidence_level":0.95,"lower_bound":-0.0015331014051236113,"upper_bound":0.10894563340515354},"point_estimate":0.051881432061898325,"standard_error":0.028214617239830347},"median":{"confidence_interval":{"confidence_level":0.95,"lower_bound":-0.0037255963322577745,"upper_bound":0.14512321572174547},"point_estimate":0.09594608955943928,"standard_error":0.041576039938004995}}