{"mean":{"confidence_interval":{"confidence_level":0.95,"lower_bound":-0.33536998677523483,"upper_bound":-0.2728530352273761},"point_estimate":-0.30494594150905463,"standard_error":0.016014556018684355},"median":{"confidence_interval":{"confidence_level":0.95,"lower_bound":-0.32622599573994376,"upper_bound":-0.2799056188279462},"point_estimate":-0.30445278165703815,"standard_error":0.0129195293314693}}