{"mean":{"confidence_interval":{"confidence_level":0.95,"lower_bound":-0.06776436904855836,"upper_bound":0.014814865861700329},"point_estimate":-0.02715293632061022,"standard_error":0.021040171434314338},"median":{"confidence_interval":{"confidence_level":0.95,"lower_bound":-0.038978604055712185,"upper_bound":-0.0034564952376987534},"point_estimate":-0.015946106178018615,"standard_error":0.009279528772245324}}