{"mean":{"confidence_interval":{"confidence_level":0.95,"lower_bound":-0.1595703333496958,"upper_bound":-0.07620610585347881},"point_estimate":-0.11720295217681509,"standard_error":0.021400072702176403},"median":{"confidence_interval":{"confidence_level":0.95,"lower_bound":-0.12494179521298754,"upper_bound":-0.05958301708794589},"point_estimate":-0.10418158197059002,"standard_error":0.018279872575663894}}