{"mean":{"confidence_interval":{"confidence_level":0.95,"lower_bound":0.18181059123921503,"upper_bound":0.28084613241866185},"point_estimate":0.2306518278952927,"standard_error":0.025203710188185627},"median":{"confidence_interval":{"confidence_level":0.95,"lower_bound":0.24391779354037002,"upper_bound":0.3548738588133975},"point_estimate":0.3022244822959608,"standard_error":0.03022783713638782}}