{"mean":{"confidence_interval":{"confidence_level":0.95,"lower_bound":-0.04608832555864939,"upper_bound":0.0400781380879016},"point_estimate":-0.001457329982952893,"standard_error":0.022004357879918595},"median":{"confidence_interval":{"confidence_level":0.95,"lower_bound":-0.05705539725093278,"upper_bound":0.013265026509880595},"point_estimate":-0.030623344012561393,"standard_error":0.018675414983527913}}