{"mean":{"confidence_interval":{"confidence_level":0.95,"lower_bound":0.4212151515015914,"upper_bound":0.5672043588409663},"point_estimate":0.4937255695732483,"standard_error":0.037713516910308824},"median":{"confidence_interval":{"confidence_level":0.95,"lower_bound":0.414507539473564,"upper_bound":0.4829391186548826},"point_estimate":0.44927335672171753,"standard_error":0.01673970603611504}}