{"mean":{"confidence_interval":{"confidence_level":0.95,"lower_bound":-0.4289133004769735,"upper_bound":-0.3722870766402468},"point_estimate":-0.3994491736371317,"standard_error":0.014388935742241248},"median":{"confidence_interval":{"confidence_level":0.95,"lower_bound":-0.44032910822630145,"upper_bound":-0.39028459205252797},"point_estimate":-0.4187782601198704,"standard_error":0.013171116222064926}}