{"mean":{"confidence_interval":{"confidence_level":0.95,"lower_bound":0.20670264818095652,"upper_bound":0.3409348980736529},"point_estimate":0.2685096372717817,"standard_error":0.033993270502589344},"median":{"confidence_interval":{"confidence_level":0.95,"lower_bound":0.1196797753590928,"upper_bound":0.1744020048755157},"point_estimate":0.1475728472478668,"standard_error":0.013227469272571133}}