{"mean":{"confidence_interval":{"confidence_level":0.95,"lower_bound":0.404236960740419,"upper_bound":0.5139871192882762},"point_estimate":0.45801717597148084,"standard_error":0.028042543481229896},"median":{"confidence_interval":{"confidence_level":0.95,"lower_bound":0.3499875620989825,"upper_bound":0.42121681166142944},"point_estimate":0.39285297783361295,"standard_error":0.01795489948929844}}