{"mean":{"confidence_interval":{"confidence_level":0.95,"lower_bound":-0.2479266422860722,"upper_bound":-0.16946184473530448},"point_estimate":-0.20712604457468653,"standard_error":0.02005673393672686},"median":{"confidence_interval":{"confidence_level":0.95,"lower_bound":-0.18338075678920696,"upper_bound":-0.1118350823424894},"point_estimate":-0.1423388104532426,"standard_error":0.0177151164383064}}