{"mean":{"confidence_interval":{"confidence_level":0.95,"lower_bound":-0.06543403013369246,"upper_bound":0.009918013712997054},"point_estimate":-0.026848732866151304,"standard_error":0.019168705913518012},"median":{"confidence_interval":{"confidence_level":0.95,"lower_bound":-0.03570583394137849,"upper_bound":0.018285115486606607},"point_estimate":-0.00554660966110343,"standard_error":0.013589167502768592}}