{"mean":{"confidence_interval":{"confidence_level":0.95,"lower_bound":386.90106928313685,"upper_bound":400.1493652485114},"point_estimate":393.83225904934,"standard_error":3.373447292658735},"median":{"confidence_interval":{"confidence_level":0.95,"lower_bound":396.09233953091126,"upper_bound":407.12863689263895},"point_estimate":402.07501320406226,"standard_error":2.5791251335152},"median_abs_dev":{"confidence_interval":{"confidence_level":0.95,"lower_bound":14.819919269299055,"upper_bound":25.963345006107215},"point_estimate":20.03108338592078,"standard_error":2.892001770157446},"slope":{"confidence_interval":{"confidence_level":0.95,"lower_bound":409.586152152944,"upper_bound":417.33233937447767},"point_estimate":413.43565331275505,"standard_error":1.9797560310294657},"std_dev":{"confidence_interval":{"confidence_level":0.95,"lower_bound":25.33048123763113,"upper_bound":41.24400331271556},"point_estimate":33.88674606296675,"standard_error":4.062637936161542}}