{"mean":{"confidence_interval":{"confidence_level":0.95,"lower_bound":532.1408486990542,"upper_bound":541.5380638161635},"point_estimate":537.10146945853,"standard_error":2.4022697698503044},"median":{"confidence_interval":{"confidence_level":0.95,"lower_bound":535.9183813443072,"upper_bound":551.1620042014064},"point_estimate":539.9828579834015,"standard_error":4.432433467267501},"median_abs_dev":{"confidence_interval":{"confidence_level":0.95,"lower_bound":9.95400903725727,"upper_bound":24.630333687120274},"point_estimate":19.58360445501877,"standard_error":4.162357840405755},"slope":{"confidence_interval":{"confidence_level":0.95,"lower_bound":540.0079114581836,"upper_bound":544.7843069050821},"point_estimate":542.2066654137834,"standard_error":1.2225863008854383},"std_dev":{"confidence_interval":{"confidence_level":0.95,"lower_bound":16.6499659862509,"upper_bound":32.411878288713154},"point_estimate":24.23867308408227,"standard_error":4.222663264195685}}