{"mean":{"confidence_interval":{"confidence_level":0.95,"lower_bound":538.8866105877079,"upper_bound":542.745783829947},"point_estimate":540.9144110826259,"standard_error":0.9882167188087815},"median":{"confidence_interval":{"confidence_level":0.95,"lower_bound":542.563893710224,"upper_bound":545.7659745694511},"point_estimate":544.5621333257423,"standard_error":0.800379961099963},"median_abs_dev":{"confidence_interval":{"confidence_level":0.95,"lower_bound":3.815173217277036,"upper_bound":8.123626757240368},"point_estimate":5.681004103537709,"standard_error":1.0731904114201125},"slope":{"confidence_interval":{"confidence_level":0.95,"lower_bound":546.3708812122487,"upper_bound":547.4042148012185},"point_estimate":546.9463956536691,"standard_error":0.26350767072463976},"std_dev":{"confidence_interval":{"confidence_level":0.95,"lower_bound":7.123975830589511,"upper_bound":12.346175287843456},"point_estimate":9.967208100114188,"standard_error":1.3409035441705695}}