{"mean":{"confidence_interval":{"confidence_level":0.95,"lower_bound":709.2417055349785,"upper_bound":725.3015454024112},"point_estimate":715.7418631966501,"standard_error":4.232345062018147},"median":{"confidence_interval":{"confidence_level":0.95,"lower_bound":712.749899212866,"upper_bound":718.6135411965297},"point_estimate":716.1154321764357,"standard_error":1.5359574050957374},"median_abs_dev":{"confidence_interval":{"confidence_level":0.95,"lower_bound":11.009559217152177,"upper_bound":19.406739538557805},"point_estimate":15.968985158756707,"standard_error":2.0700357329066343},"slope":{"confidence_interval":{"confidence_level":0.95,"lower_bound":715.7583391977034,"upper_bound":720.6191020555174},"point_estimate":718.3211113162134,"standard_error":1.2363712922774952},"std_dev":{"confidence_interval":{"confidence_level":0.95,"lower_bound":15.159279819816351,"upper_bound":69.21397023942912},"point_estimate":42.54285209000851,"standard_error":17.709946647619425}}