{"mean":{"confidence_interval":{"confidence_level":0.95,"lower_bound":641.5041028844742,"upper_bound":656.7199134797476},"point_estimate":648.4830132799138,"standard_error":3.8924973109817684},"median":{"confidence_interval":{"confidence_level":0.95,"lower_bound":637.1963198890312,"upper_bound":645.4891431924883},"point_estimate":641.0113797705587,"standard_error":2.333905189062696},"median_abs_dev":{"confidence_interval":{"confidence_level":0.95,"lower_bound":12.873389731661682,"upper_bound":22.99935994797018},"point_estimate":17.575801945916684,"standard_error":2.6181010822043276},"slope":{"confidence_interval":{"confidence_level":0.95,"lower_bound":638.3388600184492,"upper_bound":646.9309344953471},"point_estimate":642.6409124541842,"standard_error":2.1969127964781614},"std_dev":{"confidence_interval":{"confidence_level":0.95,"lower_bound":22.905392046571198,"upper_bound":54.26974046498783},"point_estimate":39.248826162560256,"standard_error":8.138721395493908}}