{"mean":{"confidence_interval":{"confidence_level":0.95,"lower_bound":2436125.3087499985,"upper_bound":2437156.7625681823},"point_estimate":2436621.5281818183,"standard_error":263.86735973963164},"median":{"confidence_interval":{"confidence_level":0.95,"lower_bound":2435782.3181818184,"upper_bound":2436607.3181818184},"point_estimate":2436132.409090909,"standard_error":208.99051103546407},"median_abs_dev":{"confidence_interval":{"confidence_level":0.95,"lower_bound":1592.447153546468,"upper_bound":2560.888195444183},"point_estimate":2085.7485993341024,"standard_error":244.71644963518705},"slope":null,"std_dev":{"confidence_interval":{"confidence_level":0.95,"lower_bound":2092.9180643364602,"upper_bound":3176.1998213327333},"point_estimate":2659.864116530482,"standard_error":277.11988639789297}}