{"mean":{"confidence_interval":{"confidence_level":0.95,"lower_bound":2222868.375135417,"upper_bound":2225077.053156249},"point_estimate":2223958.85875,"standard_error":564.0767767854107},"median":{"confidence_interval":{"confidence_level":0.95,"lower_bound":2222390.770833333,"upper_bound":2224515.7916666665},"point_estimate":2223103.4375,"standard_error":587.8886897889319},"median_abs_dev":{"confidence_interval":{"confidence_level":0.95,"lower_bound":3644.9102602901376,"upper_bound":6381.357386708375},"point_estimate":5315.831318125244,"standard_error":679.7406818913856},"slope":null,"std_dev":{"confidence_interval":{"confidence_level":0.95,"lower_bound":4792.166215633832,"upper_bound":6519.931487964847},"point_estimate":5689.507937133471,"standard_error":439.8192848829809}}