{"mean":{"confidence_interval":{"confidence_level":0.95,"lower_bound":2401281.9215454543,"upper_bound":2402842.11753409},"point_estimate":2401979.974545454,"standard_error":399.3772254930579},"median":{"confidence_interval":{"confidence_level":0.95,"lower_bound":2400790.4545454546,"upper_bound":2401926.9545454546},"point_estimate":2401340.590909091,"standard_error":299.46342207144863},"median_abs_dev":{"confidence_interval":{"confidence_level":0.95,"lower_bound":1694.8804911592783,"upper_bound":2843.9637040546922},"point_estimate":2281.182232228004,"standard_error":285.5424939949182},"slope":null,"std_dev":{"confidence_interval":{"confidence_level":0.95,"lower_bound":2052.0985129830747,"upper_bound":5701.318705114081},"point_estimate":3992.1013798251342,"standard_error":960.8947671389917}}