{"mean":{"confidence_interval":{"confidence_level":0.95,"lower_bound":2813523.9322222234,"upper_bound":2820216.236722222},"point_estimate":2816800.083888888,"standard_error":1712.234446064891},"median":{"confidence_interval":{"confidence_level":0.95,"lower_bound":2809711.888888889,"upper_bound":2817462.027777778},"point_estimate":2814559.1944444445,"standard_error":2034.7351424850058},"median_abs_dev":{"confidence_interval":{"confidence_level":0.95,"lower_bound":11115.4226526618,"upper_bound":19414.152455329666},"point_estimate":15666.345638533701,"standard_error":2054.092373015204},"slope":null,"std_dev":{"confidence_interval":{"confidence_level":0.95,"lower_bound":14154.94134936742,"upper_bound":20059.91401291021},"point_estimate":17179.488140853806,"standard_error":1505.12164434648}}