{"mean":{"confidence_interval":{"confidence_level":0.95,"lower_bound":2940909.3475441174,"upper_bound":2952268.314205882},"point_estimate":2946205.0699999994,"standard_error":2897.340357276568},"median":{"confidence_interval":{"confidence_level":0.95,"lower_bound":2932212.6470588236,"upper_bound":2942995.117647059},"point_estimate":2936978.0588235296,"standard_error":2606.4106499051036},"median_abs_dev":{"confidence_interval":{"confidence_level":0.95,"lower_bound":11158.551049837499,"upper_bound":20829.702208580897},"point_estimate":15013.766662864591,"standard_error":2416.693288111475},"slope":null,"std_dev":{"confidence_interval":{"confidence_level":0.95,"lower_bound":19556.065293511267,"upper_bound":38043.01269769299},"point_estimate":29255.254002109596,"standard_error":4762.018631296077}}