{"mean":{"confidence_interval":{"confidence_level":0.95,"lower_bound":3335808.004883334,"upper_bound":3395983.6454500016},"point_estimate":3365195.627333332,"standard_error":15424.917125890117},"median":{"confidence_interval":{"confidence_level":0.95,"lower_bound":3312120.7333333334,"upper_bound":3363877.0666666664},"point_estimate":3331794.7,"standard_error":15973.146652321548},"median_abs_dev":{"confidence_interval":{"confidence_level":0.95,"lower_bound":95659.623621702,"upper_bound":153485.37155508978},"point_estimate":133799.85388457766,"standard_error":15410.868944295222},"slope":null,"std_dev":{"confidence_interval":{"confidence_level":0.95,"lower_bound":127168.0879244615,"upper_bound":180624.40533629493},"point_estimate":155324.3783811344,"standard_error":13692.531889635808}}