{"mean":{"confidence_interval":{"confidence_level":0.95,"lower_bound":3162939.1375312502,"upper_bound":3199779.1134375003},"point_estimate":3181225.268125,"standard_error":9383.011746941662},"median":{"confidence_interval":{"confidence_level":0.95,"lower_bound":3174620.875,"upper_bound":3193683.375},"point_estimate":3186852.125,"standard_error":5922.7324205024415},"median_abs_dev":{"confidence_interval":{"confidence_level":0.95,"lower_bound":61156.92691206003,"upper_bound":108577.18978486955},"point_estimate":85536.84489391744,"standard_error":11940.193052880748},"slope":null,"std_dev":{"confidence_interval":{"confidence_level":0.95,"lower_bound":79834.25250678438,"upper_bound":108045.47273471115},"point_estimate":94523.34278273069,"standard_error":7218.378599717026}}