{"mean":{"confidence_interval":{"confidence_level":0.95,"lower_bound":4036.8947292995904,"upper_bound":4043.2902196861382},"point_estimate":4039.758084146354,"standard_error":1.6380970069358578},"median":{"confidence_interval":{"confidence_level":0.95,"lower_bound":4037.003716216216,"upper_bound":4039.898383968972},"point_estimate":4038.833035714286,"standard_error":0.7443776189659932},"median_abs_dev":{"confidence_interval":{"confidence_level":0.95,"lower_bound":3.9728278557355203,"upper_bound":7.390904635152856},"point_estimate":5.061249430268835,"standard_error":0.9303458736414864},"slope":{"confidence_interval":{"confidence_level":0.95,"lower_bound":4030.4619298208304,"upper_bound":4035.6660042664043},"point_estimate":4032.9150070299142,"standard_error":1.326243226012798},"std_dev":{"confidence_interval":{"confidence_level":0.95,"lower_bound":9.170706662628772,"upper_bound":24.039178380093254},"point_estimate":16.416937939812346,"standard_error":4.207604018592219}}