{"mean":{"confidence_interval":{"confidence_level":0.95,"lower_bound":3901.017243147487,"upper_bound":4020.0200068029726},"point_estimate":3959.10456649735,"standard_error":30.435722118885817},"median":{"confidence_interval":{"confidence_level":0.95,"lower_bound":3868.528776827632,"upper_bound":3996.7840136054424},"point_estimate":3954.1552492341966,"standard_error":36.54183493411904},"median_abs_dev":{"confidence_interval":{"confidence_level":0.95,"lower_bound":194.76718206020914,"upper_bound":346.8498339904385},"point_estimate":251.65501132416134,"standard_error":36.68210328891497},"slope":{"confidence_interval":{"confidence_level":0.95,"lower_bound":3937.733678676448,"upper_bound":4107.019415017324},"point_estimate":4023.7420527138,"standard_error":43.05812659558471},"std_dev":{"confidence_interval":{"confidence_level":0.95,"lower_bound":253.15625550585153,"upper_bound":355.33510669272374},"point_estimate":306.66731615282447,"standard_error":26.207582317643055}}