{"mean":{"confidence_interval":{"confidence_level":0.95,"lower_bound":6165561.606333334,"upper_bound":6254217.304500001},"point_estimate":6209432.49666667,"standard_error":22714.004418430035},"median":{"confidence_interval":{"confidence_level":0.95,"lower_bound":6114677.666666667,"upper_bound":6254496.833333334},"point_estimate":6177862.833333333,"standard_error":37211.45462438859},"median_abs_dev":{"confidence_interval":{"confidence_level":0.95,"lower_bound":172054.49144542194,"upper_bound":289456.40661612124},"point_estimate":250462.53235340095,"standard_error":29122.080889901896},"slope":null,"std_dev":{"confidence_interval":{"confidence_level":0.95,"lower_bound":194801.97165321116,"upper_bound":260314.60798123147},"point_estimate":228273.49104868577,"standard_error":16783.11378973918}}