{"mean":{"confidence_interval":{"confidence_level":0.95,"lower_bound":6457745.157500001,"upper_bound":6625032.274750002},"point_estimate":6539390.56333333,"standard_error":42516.32728130353},"median":{"confidence_interval":{"confidence_level":0.95,"lower_bound":6361172.666666667,"upper_bound":6505174.333333333},"point_estimate":6447857.166666666,"standard_error":38217.99365085188},"median_abs_dev":{"confidence_interval":{"confidence_level":0.95,"lower_bound":253749.5862225448,"upper_bound":459660.3538393965},"point_estimate":341471.68463766505,"standard_error":55165.26727656674},"slope":null,"std_dev":{"confidence_interval":{"confidence_level":0.95,"lower_bound":353770.8749917566,"upper_bound":492442.0608788337},"point_estimate":428372.32348220336,"standard_error":35529.791183822}}