{"mean":{"confidence_interval":{"confidence_level":0.95,"lower_bound":7327159.069333332,"upper_bound":7462534.740499998},"point_estimate":7392971.426666668,"standard_error":34522.741814211986},"median":{"confidence_interval":{"confidence_level":0.95,"lower_bound":7240432.0,"upper_bound":7401781.0},"point_estimate":7305004.666666667,"standard_error":37730.13463724078},"median_abs_dev":{"confidence_interval":{"confidence_level":0.95,"lower_bound":209758.24427604675,"upper_bound":355858.340582252},"point_estimate":276555.79769015335,"standard_error":38163.74540833379},"slope":null,"std_dev":{"confidence_interval":{"confidence_level":0.95,"lower_bound":291084.153156337,"upper_bound":393057.7213910476},"point_estimate":346756.44437609613,"standard_error":25969.460942249374}}