{"mean":{"confidence_interval":{"confidence_level":0.95,"lower_bound":4781562.903124999,"upper_bound":4842594.8513124995},"point_estimate":4811514.605,"standard_error":15567.598738118264},"median":{"confidence_interval":{"confidence_level":0.95,"lower_bound":4756143.0,"upper_bound":4824342.5},"point_estimate":4800005.125,"standard_error":17490.325857553984},"median_abs_dev":{"confidence_interval":{"confidence_level":0.95,"lower_bound":93217.54672005773,"upper_bound":166068.9882516861},"point_estimate":126316.96178242564,"standard_error":18080.879791890064},"slope":null,"std_dev":{"confidence_interval":{"confidence_level":0.95,"lower_bound":128778.91508770318,"upper_bound":182886.23362445732},"point_estimate":156872.814175408,"standard_error":13827.021544777861}}