{"mean":{"confidence_interval":{"confidence_level":0.95,"lower_bound":9176233.336833328,"upper_bound":9203473.45308333},"point_estimate":9189612.96,"standard_error":6951.8895575880315},"median":{"confidence_interval":{"confidence_level":0.95,"lower_bound":9172804.5,"upper_bound":9192518.333333332},"point_estimate":9180806.333333332,"standard_error":5683.641227150777},"median_abs_dev":{"confidence_interval":{"confidence_level":0.95,"lower_bound":46207.69917964981,"upper_bound":76272.60274589108},"point_estimate":63557.08407163804,"standard_error":7886.207108904799},"slope":null,"std_dev":{"confidence_interval":{"confidence_level":0.95,"lower_bound":58060.721778482315,"upper_bound":80301.36907733297},"point_estimate":69885.36945050045,"standard_error":5674.299071357358}}