{"mean":{"confidence_interval":{"confidence_level":0.95,"lower_bound":-0.0148251525477242,"upper_bound":-0.011540193434282808},"point_estimate":-0.013071170499129647,"standard_error":0.0008355602763012488},"median":{"confidence_interval":{"confidence_level":0.95,"lower_bound":-0.013218820126458142,"upper_bound":-0.012476148751763394},"point_estimate":-0.012936632903156942,"standard_error":0.00019949532695430353}}