{"mean":{"confidence_interval":{"confidence_level":0.95,"lower_bound":-0.005250659158354076,"upper_bound":-0.00019694659371209992},"point_estimate":-0.0031908037396427558,"standard_error":0.0013221423473270824},"median":{"confidence_interval":{"confidence_level":0.95,"lower_bound":-0.003772349488801238,"upper_bound":-0.0029536046420602924},"point_estimate":-0.0033937823620775465,"standard_error":0.00022204802429255386}}