{"mean":{"confidence_interval":{"confidence_level":0.95,"lower_bound":0.016727845935402996,"upper_bound":0.020033924558158406},"point_estimate":0.018411420626804897,"standard_error":0.0008432308089046211},"median":{"confidence_interval":{"confidence_level":0.95,"lower_bound":0.018767810716936895,"upper_bound":0.019563095532820984},"point_estimate":0.01909221982727205,"standard_error":0.00020796836254477252}}