{"mean":{"confidence_interval":{"confidence_level":0.95,"lower_bound":0.2040671243518024,"upper_bound":0.20858432240203695},"point_estimate":0.20637266404957288,"standard_error":0.0011530241527716678},"median":{"confidence_interval":{"confidence_level":0.95,"lower_bound":0.20698367713459173,"upper_bound":0.21017416988602133},"point_estimate":0.2086279561144304,"standard_error":0.0009140785784279274}}