{"mean":{"confidence_interval":{"confidence_level":0.95,"lower_bound":0.20719307590615801,"upper_bound":0.21127833984103508},"point_estimate":0.2093208836871414,"standard_error":0.0010382303476200998},"median":{"confidence_interval":{"confidence_level":0.95,"lower_bound":0.2091714545374359,"upper_bound":0.2104339055230502},"point_estimate":0.2098084184168978,"standard_error":0.0003414835608888476}}