{"mean":{"confidence_interval":{"confidence_level":0.95,"lower_bound":0.009213881925532741,"upper_bound":0.016026662070127155},"point_estimate":0.012314245690780101,"standard_error":0.0017663689592655474},"median":{"confidence_interval":{"confidence_level":0.95,"lower_bound":0.009703767407217123,"upper_bound":0.01250600190026474},"point_estimate":0.010931149555043707,"standard_error":0.0007207786058087505}}