{"mean":{"confidence_interval":{"confidence_level":0.95,"lower_bound":-0.031181926734643706,"upper_bound":-0.028436724942970334},"point_estimate":-0.029843289047235433,"standard_error":0.0007009919772777661},"median":{"confidence_interval":{"confidence_level":0.95,"lower_bound":-0.029109935563813687,"upper_bound":-0.02851223721653917},"point_estimate":-0.02881515671805024,"standard_error":0.00015427589161802867}}