{"mean":{"confidence_interval":{"confidence_level":0.95,"lower_bound":-0.547391886985795,"upper_bound":-0.5417375595070766},"point_estimate":-0.5456586888875528,"standard_error":0.001474176653389357},"median":{"confidence_interval":{"confidence_level":0.95,"lower_bound":-0.5463897935794189,"upper_bound":-0.5461121550901703},"point_estimate":-0.5461959947685107,"standard_error":0.00007546676510568611}}