{"mean":{"confidence_interval":{"confidence_level":0.95,"lower_bound":0.19051683136077074,"upper_bound":0.1983208291049497},"point_estimate":0.1946903211530595,"standard_error":0.001969976437280977},"median":{"confidence_interval":{"confidence_level":0.95,"lower_bound":0.1896907227169189,"upper_bound":0.2020730737396863},"point_estimate":0.1917418967157336,"standard_error":0.0031907128173271774}}