{"mean":{"confidence_interval":{"confidence_level":0.95,"lower_bound":0.023534158976214015,"upper_bound":0.04723626631809591},"point_estimate":0.03552914371461413,"standard_error":0.006256996594455752},"median":{"confidence_interval":{"confidence_level":0.95,"lower_bound":0.017806023882986778,"upper_bound":0.04552775243610063},"point_estimate":0.03368960309018698,"standard_error":0.006547700980223375}}