{"mean":{"confidence_interval":{"confidence_level":0.95,"lower_bound":0.1366330762806393,"upper_bound":0.15248435031751617},"point_estimate":0.14361829949059168,"standard_error":0.00427305334740964},"median":{"confidence_interval":{"confidence_level":0.95,"lower_bound":0.13299093591255917,"upper_bound":0.14399811994992895},"point_estimate":0.13630294696132106,"standard_error":0.002591302439399679}}