{"mean":{"confidence_interval":{"confidence_level":0.95,"lower_bound":0.09806197290530844,"upper_bound":0.10567073628286297},"point_estimate":0.10100909488566479,"standard_error":0.00196875396913385},"median":{"confidence_interval":{"confidence_level":0.95,"lower_bound":0.09827340907819271,"upper_bound":0.09987958106660866},"point_estimate":0.09896362782354928,"standard_error":0.0004147382049200572}}