{"mean":{"confidence_interval":{"confidence_level":0.95,"lower_bound":23481.815368550433,"upper_bound":25045.827638072707},"point_estimate":24165.459503867303,"standard_error":402.60762780390564},"median":{"confidence_interval":{"confidence_level":0.95,"lower_bound":22913.707142857143,"upper_bound":23460.338775510205},"point_estimate":23128.972556390978,"standard_error":145.26688906088714},"median_abs_dev":{"confidence_interval":{"confidence_level":0.95,"lower_bound":785.2134275859888,"upper_bound":1429.904851311085},"point_estimate":1061.0463019443976,"standard_error":153.1623419830823},"slope":{"confidence_interval":{"confidence_level":0.95,"lower_bound":23044.58528863425,"upper_bound":23679.697879397685},"point_estimate":23323.240148367076,"standard_error":162.6926714839587},"std_dev":{"confidence_interval":{"confidence_level":0.95,"lower_bound":1691.5506462336898,"upper_bound":6078.531659107007},"point_estimate":4068.512178884688,"standard_error":1169.8763910036776}}