{"mean":{"confidence_interval":{"confidence_level":0.95,"lower_bound":16665.782095088387,"upper_bound":16709.899876451174},"point_estimate":16682.050975884446,"standard_error":12.516295512045602},"median":{"confidence_interval":{"confidence_level":0.95,"lower_bound":16664.821800020596,"upper_bound":16673.927085346215},"point_estimate":16669.20800477897,"standard_error":2.298262433584149},"median_abs_dev":{"confidence_interval":{"confidence_level":0.95,"lower_bound":15.248977291602912,"upper_bound":23.449105248774064},"point_estimate":19.80407817908421,"standard_error":2.0791773663199966},"slope":{"confidence_interval":{"confidence_level":0.95,"lower_bound":16668.965586265662,"upper_bound":16675.979826496816},"point_estimate":16672.406367830812,"standard_error":1.7879052770862278},"std_dev":{"confidence_interval":{"confidence_level":0.95,"lower_bound":17.9578937918632,"upper_bound":213.5479460098276},"point_estimate":126.12269265539962,"standard_error":66.54630388103354}}