{"mean":{"confidence_interval":{"confidence_level":0.95,"lower_bound":5543972.474166666,"upper_bound":5614047.203027779},"point_estimate":5577174.455555555,"standard_error":17942.653707891768},"median":{"confidence_interval":{"confidence_level":0.95,"lower_bound":5499133.277777778,"upper_bound":5569184.222222222},"point_estimate":5547105.5,"standard_error":19490.32446341381},"median_abs_dev":{"confidence_interval":{"confidence_level":0.95,"lower_bound":92249.68486557451,"upper_bound":163134.92290377617},"point_estimate":130247.231354316,"standard_error":17964.221685889213},"slope":null,"std_dev":{"confidence_interval":{"confidence_level":0.95,"lower_bound":130915.41108723069,"upper_bound":228856.53627707512},"point_estimate":181188.70783593867,"standard_error":25239.846580269783}}