{"mean":{"confidence_interval":{"confidence_level":0.95,"lower_bound":3077190.1085000006,"upper_bound":3081964.292911765},"point_estimate":3079449.5782352956,"standard_error":1220.7061240274165},"median":{"confidence_interval":{"confidence_level":0.95,"lower_bound":3075476.0,"upper_bound":3080605.294117647},"point_estimate":3077767.5,"standard_error":1279.5883322633},"median_abs_dev":{"confidence_interval":{"confidence_level":0.95,"lower_bound":7821.049536295601,"upper_bound":12717.544167454136},"point_estimate":9698.47133370023,"standard_error":1245.3796014687698},"slope":null,"std_dev":{"confidence_interval":{"confidence_level":0.95,"lower_bound":8511.269102583368,"upper_bound":16089.241309536745},"point_estimate":12243.676066854943,"standard_error":1986.9575295943828}}