{"mean":{"confidence_interval":{"confidence_level":0.95,"lower_bound":5851496.38397222,"upper_bound":5938379.0805555545},"point_estimate":5893345.711111108,"standard_error":22067.200662123185},"median":{"confidence_interval":{"confidence_level":0.95,"lower_bound":5803508.777777778,"upper_bound":5889389.222222222},"point_estimate":5845437.277777778,"standard_error":21102.83916857029},"median_abs_dev":{"confidence_interval":{"confidence_level":0.95,"lower_bound":122423.22182655358,"upper_bound":205894.67111130478},"point_estimate":162814.84604279255,"standard_error":20566.949347030866},"slope":null,"std_dev":{"confidence_interval":{"confidence_level":0.95,"lower_bound":170687.872880049,"upper_bound":268465.28454433917},"point_estimate":221829.62368751,"standard_error":24842.915831413597}}