{"mean":{"confidence_interval":{"confidence_level":0.95,"lower_bound":8150505.111500002,"upper_bound":8319119.866500004},"point_estimate":8235429.245000004,"standard_error":42948.29189934489},"median":{"confidence_interval":{"confidence_level":0.95,"lower_bound":8129022.25,"upper_bound":8369265.583333334},"point_estimate":8289431.583333333,"standard_error":56814.49133923776},"median_abs_dev":{"confidence_interval":{"confidence_level":0.95,"lower_bound":342099.812826514,"upper_bound":555410.1226282492},"point_estimate":439432.99529850413,"standard_error":55398.21136039661},"slope":null,"std_dev":{"confidence_interval":{"confidence_level":0.95,"lower_bound":373670.0960820852,"upper_bound":481850.1007329684},"point_estimate":430647.2321198057,"standard_error":27734.735473672143}}