{"mean":{"confidence_interval":{"confidence_level":0.95,"lower_bound":-0.0032718714699347335,"upper_bound":0.03591320910142172},"point_estimate":0.017041330186575054,"standard_error":0.009935381858754498},"median":{"confidence_interval":{"confidence_level":0.95,"lower_bound":-0.004949096943870912,"upper_bound":0.049364112084172795},"point_estimate":0.02181368381647575,"standard_error":0.012417965907753507}}