{"mean":{"confidence_interval":{"confidence_level":0.95,"lower_bound":-0.10104057420258464,"upper_bound":-0.06962416584626571},"point_estimate":-0.08502831878640271,"standard_error":0.008006977768450786},"median":{"confidence_interval":{"confidence_level":0.95,"lower_bound":-0.09108355970656379,"upper_bound":-0.0666058938079358},"point_estimate":-0.0772315332968867,"standard_error":0.0062836216222374106}}