{"mean":{"confidence_interval":{"confidence_level":0.95,"lower_bound":-0.07080001151500115,"upper_bound":-0.052659027998145876},"point_estimate":-0.06097815839202936,"standard_error":0.0047047569058664696},"median":{"confidence_interval":{"confidence_level":0.95,"lower_bound":-0.07461371305901757,"upper_bound":-0.048046643645787035},"point_estimate":-0.062306803346447226,"standard_error":0.006737344363565146}}