{"mean":{"confidence_interval":{"confidence_level":0.95,"lower_bound":-0.035163424926753804,"upper_bound":0.00021936849369936818},"point_estimate":-0.018727756413075336,"standard_error":0.009010988061414127},"median":{"confidence_interval":{"confidence_level":0.95,"lower_bound":-0.038250241952156816,"upper_bound":-0.009069315472187256},"point_estimate":-0.026688078863637,"standard_error":0.008208893217983305}}