{"mean":{"confidence_interval":{"confidence_level":0.95,"lower_bound":0.026419953112692962,"upper_bound":0.04221358926812321},"point_estimate":0.03405478437603304,"standard_error":0.003993632876221978},"median":{"confidence_interval":{"confidence_level":0.95,"lower_bound":0.039651319779381966,"upper_bound":0.058555245177469795},"point_estimate":0.0485404181800011,"standard_error":0.004243856185209448}}