{"mean":{"confidence_interval":{"confidence_level":0.95,"lower_bound":-0.22096662857476956,"upper_bound":-0.13634654036694},"point_estimate":-0.17658713290839478,"standard_error":0.021787927917324017},"median":{"confidence_interval":{"confidence_level":0.95,"lower_bound":-0.1502148916105287,"upper_bound":-0.13154596779844843},"point_estimate":-0.1448191259062539,"standard_error":0.004700554905874765}}