{"mean":{"confidence_interval":{"confidence_level":0.95,"lower_bound":0.008289650477825976,"upper_bound":0.033942644330590965},"point_estimate":0.02004078916564289,"standard_error":0.006687513722395091},"median":{"confidence_interval":{"confidence_level":0.95,"lower_bound":-0.008468577878692152,"upper_bound":0.01775810867829902},"point_estimate":-0.004298863939028119,"standard_error":0.0070840305487643515}}