{"mean":{"confidence_interval":{"confidence_level":0.95,"lower_bound":0.008540695428520045,"upper_bound":0.02496282842435528},"point_estimate":0.016745621522164855,"standard_error":0.004158400610889076},"median":{"confidence_interval":{"confidence_level":0.95,"lower_bound":0.014275509093512495,"upper_bound":0.03322092536245855},"point_estimate":0.023464845741984597,"standard_error":0.0049785253850389}}