{"mean":{"confidence_interval":{"confidence_level":0.95,"lower_bound":-0.31471552035997324,"upper_bound":-0.29813490538161336},"point_estimate":-0.3061559928867952,"standard_error":0.004224249738029656},"median":{"confidence_interval":{"confidence_level":0.95,"lower_bound":-0.3077624495502015,"upper_bound":-0.2845436547108623},"point_estimate":-0.2955852925045005,"standard_error":0.006345112043847325}}