{"mean":{"confidence_interval":{"confidence_level":0.95,"lower_bound":0.008675356379422045,"upper_bound":0.054018454682176496},"point_estimate":0.029965384247172544,"standard_error":0.011675093813803324},"median":{"confidence_interval":{"confidence_level":0.95,"lower_bound":-0.000648411665333807,"upper_bound":0.03296487035902551},"point_estimate":0.018174319035200837,"standard_error":0.009973846640067962}}