{"mean":{"confidence_interval":{"confidence_level":0.95,"lower_bound":-0.12851426034684474,"upper_bound":-0.11216709517890691},"point_estimate":-0.1199965918515431,"standard_error":0.004163409267311731},"median":{"confidence_interval":{"confidence_level":0.95,"lower_bound":-0.11656430389519734,"upper_bound":-0.10765803492719528},"point_estimate":-0.112423974300498,"standard_error":0.0021974410491273576}}