{"mean":{"confidence_interval":{"confidence_level":0.95,"lower_bound":0.20191832728241435,"upper_bound":0.2610040199681853},"point_estimate":0.23059429256166708,"standard_error":0.014292451747828266},"median":{"confidence_interval":{"confidence_level":0.95,"lower_bound":0.19860587380566552,"upper_bound":0.2536911988411772},"point_estimate":0.23193902398044974,"standard_error":0.01305649020469765}}