{"mean":{"confidence_interval":{"confidence_level":0.95,"lower_bound":-0.12976898475080123,"upper_bound":-0.11019628491155187},"point_estimate":-0.11990162267524651,"standard_error":0.004954077521563921},"median":{"confidence_interval":{"confidence_level":0.95,"lower_bound":-0.1273898452777923,"upper_bound":-0.10736281718744423},"point_estimate":-0.11620547922709135,"standard_error":0.005309508611781604}}