{"mean":{"confidence_interval":{"confidence_level":0.95,"lower_bound":-0.04407596037734085,"upper_bound":-0.024761385736172592},"point_estimate":-0.034097462060207806,"standard_error":0.004913023199081882},"median":{"confidence_interval":{"confidence_level":0.95,"lower_bound":-0.02609900374074925,"upper_bound":-0.017164225442274916},"point_estimate":-0.021210646215595208,"standard_error":0.0022428966213436075}}