{"mean":{"confidence_interval":{"confidence_level":0.95,"lower_bound":0.31654699959878096,"upper_bound":0.3590934657731118},"point_estimate":0.33797701226439014,"standard_error":0.010860489604776187},"median":{"confidence_interval":{"confidence_level":0.95,"lower_bound":0.2994493037822423,"upper_bound":0.3653528269077033},"point_estimate":0.3242777352631139,"standard_error":0.01569921309479949}}