{"mean":{"confidence_interval":{"confidence_level":0.95,"lower_bound":0.3852082329140428,"upper_bound":0.43224604132160815},"point_estimate":0.40821941970041076,"standard_error":0.012188562886008227},"median":{"confidence_interval":{"confidence_level":0.95,"lower_bound":0.3943274200563913,"upper_bound":0.42397761105646015},"point_estimate":0.412714108839326,"standard_error":0.007986252527740986}}