{"mean":{"confidence_interval":{"confidence_level":0.95,"lower_bound":0.019192895587224177,"upper_bound":0.06023457939921455},"point_estimate":0.036962707451214216,"standard_error":0.010277854153134888},"median":{"confidence_interval":{"confidence_level":0.95,"lower_bound":0.025423461826407756,"upper_bound":0.05254167125559569},"point_estimate":0.03426024937718841,"standard_error":0.00667978332706482}}