{"mean":{"confidence_interval":{"confidence_level":0.95,"lower_bound":0.3963895943032368,"upper_bound":0.45038260602731905},"point_estimate":0.4201457378518867,"standard_error":0.013493790568270105},"median":{"confidence_interval":{"confidence_level":0.95,"lower_bound":0.367650506552311,"upper_bound":0.4111187122839507},"point_estimate":0.3869568467057609,"standard_error":0.011197494971486999}}