{"mean":{"confidence_interval":{"confidence_level":0.95,"lower_bound":-0.23362172469615908,"upper_bound":-0.21569301801501461},"point_estimate":-0.22451140347011778,"standard_error":0.004583343273140116},"median":{"confidence_interval":{"confidence_level":0.95,"lower_bound":-0.21471511038645785,"upper_bound":-0.20331179527200083},"point_estimate":-0.21023600295242828,"standard_error":0.0028221990444854753}}