{"mean":{"confidence_interval":{"confidence_level":0.95,"lower_bound":0.019541816497648096,"upper_bound":0.03739955205877976},"point_estimate":0.02905143939678112,"standard_error":0.004551839654423422},"median":{"confidence_interval":{"confidence_level":0.95,"lower_bound":0.01574171002834482,"upper_bound":0.054484384698947785},"point_estimate":0.037034260865304036,"standard_error":0.01129128638844525}}