{"mean":{"confidence_interval":{"confidence_level":0.95,"lower_bound":-0.22949418862697504,"upper_bound":-0.21467908410396194},"point_estimate":-0.22169724204178742,"standard_error":0.0037975466057272155},"median":{"confidence_interval":{"confidence_level":0.95,"lower_bound":-0.22389610086163392,"upper_bound":-0.21051811396589293},"point_estimate":-0.21934705363931806,"standard_error":0.003430910183822754}}