{"mean":{"confidence_interval":{"confidence_level":0.95,"lower_bound":-0.13065310044588077,"upper_bound":-0.09777345234994429},"point_estimate":-0.1142074352710184,"standard_error":0.008380662613309003},"median":{"confidence_interval":{"confidence_level":0.95,"lower_bound":-0.1220102599291325,"upper_bound":-0.08432956705796597},"point_estimate":-0.10546368830736741,"standard_error":0.010010915412543729}}