{"mean":{"confidence_interval":{"confidence_level":0.95,"lower_bound":0.23211725346763226,"upper_bound":0.2408282535752686},"point_estimate":0.23640522314085488,"standard_error":0.0022212827721469703},"median":{"confidence_interval":{"confidence_level":0.95,"lower_bound":0.23015303317326663,"upper_bound":0.24343659917111735},"point_estimate":0.2359553416342388,"standard_error":0.0035352127410000224}}