{"mean":{"confidence_interval":{"confidence_level":0.95,"lower_bound":-0.06527148169729936,"upper_bound":0.036821637668536085},"point_estimate":-0.011341402020274671,"standard_error":0.026172767589528113},"median":{"confidence_interval":{"confidence_level":0.95,"lower_bound":0.0303676237918038,"upper_bound":0.04539394341531633},"point_estimate":0.03908248502909184,"standard_error":0.004205362525526868}}