{"mean":{"confidence_interval":{"confidence_level":0.95,"lower_bound":0.005450959290506774,"upper_bound":0.018422040034462128},"point_estimate":0.012318324315921725,"standard_error":0.0032951980768766123},"median":{"confidence_interval":{"confidence_level":0.95,"lower_bound":0.019912052109799294,"upper_bound":0.030173377520451003},"point_estimate":0.025127889205883047,"standard_error":0.002770048346062093}}