{"mean":{"confidence_interval":{"confidence_level":0.95,"lower_bound":0.03045998301387936,"upper_bound":0.061714774516145265},"point_estimate":0.0454309072510799,"standard_error":0.007800509064882869},"median":{"confidence_interval":{"confidence_level":0.95,"lower_bound":0.04018233935720117,"upper_bound":0.055031654963587195},"point_estimate":0.047418853123309734,"standard_error":0.003987074256391558}}