{"mean":{"confidence_interval":{"confidence_level":0.95,"lower_bound":0.03639089902035925,"upper_bound":0.04390689417654174},"point_estimate":0.04014474136629831,"standard_error":0.0019302681748009538},"median":{"confidence_interval":{"confidence_level":0.95,"lower_bound":0.038605167622457914,"upper_bound":0.04821652449768843},"point_estimate":0.04236545943490766,"standard_error":0.0026964803912837222}}