{"mean":{"confidence_interval":{"confidence_level":0.95,"lower_bound":-0.013572699753037884,"upper_bound":0.02047109176269549},"point_estimate":0.002436361860158831,"standard_error":0.00862529577969648},"median":{"confidence_interval":{"confidence_level":0.95,"lower_bound":0.0002766556493713464,"upper_bound":0.020613831825465168},"point_estimate":0.011373287043955793,"standard_error":0.005040630439192579}}