{"mean":{"confidence_interval":{"confidence_level":0.95,"lower_bound":0.06332015713862307,"upper_bound":0.10155885354902543},"point_estimate":0.0826337233609673,"standard_error":0.010014259125984698},"median":{"confidence_interval":{"confidence_level":0.95,"lower_bound":0.0589216194271127,"upper_bound":0.0948044038071516},"point_estimate":0.07703148414293848,"standard_error":0.00969383994214005}}