{"mean":{"confidence_interval":{"confidence_level":0.95,"lower_bound":-0.31714196305068254,"upper_bound":-0.299910187942965},"point_estimate":-0.30814754481913853,"standard_error":0.004392525936429002},"median":{"confidence_interval":{"confidence_level":0.95,"lower_bound":-0.3059339645303145,"upper_bound":-0.29488535884363726},"point_estimate":-0.2996404106130387,"standard_error":0.002782991750587728}}