{"mean":{"confidence_interval":{"confidence_level":0.95,"lower_bound":-0.2318498579878568,"upper_bound":-0.21206109220824249},"point_estimate":-0.22136112662203888,"standard_error":0.00503020189469343},"median":{"confidence_interval":{"confidence_level":0.95,"lower_bound":-0.22269220750699642,"upper_bound":-0.20500646395204614},"point_estimate":-0.21368589229187207,"standard_error":0.004535618561839948}}