{"mean":{"confidence_interval":{"confidence_level":0.95,"lower_bound":-0.01408408792649945,"upper_bound":0.02545754708301012},"point_estimate":0.005092442766968963,"standard_error":0.010105225738526074},"median":{"confidence_interval":{"confidence_level":0.95,"lower_bound":-0.005632151778605876,"upper_bound":0.02376765961483951},"point_estimate":0.006906196282676413,"standard_error":0.007870817803315267}}