{"mean":{"confidence_interval":{"confidence_level":0.95,"lower_bound":0.04003682360963211,"upper_bound":0.055630661453217524},"point_estimate":0.0476007354168162,"standard_error":0.003959771853364965},"median":{"confidence_interval":{"confidence_level":0.95,"lower_bound":0.04140215471459485,"upper_bound":0.06330142517721393},"point_estimate":0.04980427726883474,"standard_error":0.005356448374768556}}