{"mean":{"confidence_interval":{"confidence_level":0.95,"lower_bound":0.19315107881765972,"upper_bound":0.2267531393820572},"point_estimate":0.2070424227970069,"standard_error":0.008385297177774462},"median":{"confidence_interval":{"confidence_level":0.95,"lower_bound":0.19732341978857182,"upper_bound":0.22005480144704803},"point_estimate":0.2080719853541475,"standard_error":0.005328481789915198}}