{"mean":{"confidence_interval":{"confidence_level":0.95,"lower_bound":-0.15835542856104567,"upper_bound":-0.13228628533972708},"point_estimate":-0.14484473530731878,"standard_error":0.006646518660185756},"median":{"confidence_interval":{"confidence_level":0.95,"lower_bound":-0.14818510999185297,"upper_bound":-0.11077395572785345},"point_estimate":-0.12197201666223212,"standard_error":0.00923591634130216}}