{"mean":{"confidence_interval":{"confidence_level":0.95,"lower_bound":0.03190677668868935,"upper_bound":0.08021139796753317},"point_estimate":0.05659879074485219,"standard_error":0.012334986624141439},"median":{"confidence_interval":{"confidence_level":0.95,"lower_bound":0.046050778715703844,"upper_bound":0.08306907479009817},"point_estimate":0.06829281003650611,"standard_error":0.009511518303818762}}