{"mean":{"confidence_interval":{"confidence_level":0.95,"lower_bound":0.14811454064069934,"upper_bound":0.16506507625932873},"point_estimate":0.15680644400296018,"standard_error":0.004321108894173644},"median":{"confidence_interval":{"confidence_level":0.95,"lower_bound":0.14088620780430472,"upper_bound":0.17182289019167318},"point_estimate":0.15408371804599508,"standard_error":0.008379413185765312}}