{"mean":{"confidence_interval":{"confidence_level":0.95,"lower_bound":-0.025940270784391532,"upper_bound":0.00483270364681553},"point_estimate":-0.01329310131796857,"standard_error":0.007872431458127861},"median":{"confidence_interval":{"confidence_level":0.95,"lower_bound":-0.0394420169738714,"upper_bound":-0.013117080867468323},"point_estimate":-0.02956547620203609,"standard_error":0.006610612749236101}}