{"mean":{"confidence_interval":{"confidence_level":0.95,"lower_bound":-0.32588411006925466,"upper_bound":-0.3156898568852095},"point_estimate":-0.320594604919043,"standard_error":0.0025716703332815697},"median":{"confidence_interval":{"confidence_level":0.95,"lower_bound":-0.3231705884044035,"upper_bound":-0.3168738061936121},"point_estimate":-0.32032506260916804,"standard_error":0.001545029736622168}}