{"mean":{"confidence_interval":{"confidence_level":0.95,"lower_bound":-0.09691761853925282,"upper_bound":-0.07431451349249148},"point_estimate":-0.08521411405205637,"standard_error":0.005774917838110819},"median":{"confidence_interval":{"confidence_level":0.95,"lower_bound":-0.07828035539598366,"upper_bound":-0.06170272026150403},"point_estimate":-0.0729897105459304,"standard_error":0.004442230693818278}}