{"mean":{"confidence_interval":{"confidence_level":0.95,"lower_bound":-0.0917908714040511,"upper_bound":-0.0666222843568473},"point_estimate":-0.07887049306615057,"standard_error":0.0064066020132922145},"median":{"confidence_interval":{"confidence_level":0.95,"lower_bound":-0.07586978038344687,"upper_bound":-0.0584151677964001},"point_estimate":-0.06607255174663218,"standard_error":0.004451383303404791}}