{"mean":{"confidence_interval":{"confidence_level":0.95,"lower_bound":0.0496606738338188,"upper_bound":0.06303671057579578},"point_estimate":0.05643938116341207,"standard_error":0.0034232672393147935},"median":{"confidence_interval":{"confidence_level":0.95,"lower_bound":0.05833550694707679,"upper_bound":0.06885106022595032},"point_estimate":0.06434036300022283,"standard_error":0.002837979552300988}}