{"mean":{"confidence_interval":{"confidence_level":0.95,"lower_bound":0.11297615009369623,"upper_bound":0.13459073989762962},"point_estimate":0.12402139357573438,"standard_error":0.0055219618888958134},"median":{"confidence_interval":{"confidence_level":0.95,"lower_bound":0.12849554910752303,"upper_bound":0.13862132544298666},"point_estimate":0.13327170782381637,"standard_error":0.00258206669407471}}