{"mean":{"confidence_interval":{"confidence_level":0.95,"lower_bound":-0.23495979069406842,"upper_bound":-0.2180621066660453},"point_estimate":-0.2262876989541841,"standard_error":0.0043145140850531435},"median":{"confidence_interval":{"confidence_level":0.95,"lower_bound":-0.22121293413685345,"upper_bound":-0.21309650528054724},"point_estimate":-0.21895673182263642,"standard_error":0.002298947218899651}}