{"mean":{"confidence_interval":{"confidence_level":0.95,"lower_bound":-0.11272249837038811,"upper_bound":-0.098634022363864},"point_estimate":-0.10563431547921476,"standard_error":0.0035944923223503065},"median":{"confidence_interval":{"confidence_level":0.95,"lower_bound":-0.11274841032202931,"upper_bound":-0.09182109161908714},"point_estimate":-0.10130599432807885,"standard_error":0.004924487700728057}}