{"mean":{"confidence_interval":{"confidence_level":0.95,"lower_bound":0.03664629302217196,"upper_bound":0.11927397304200074},"point_estimate":0.07414551318339258,"standard_error":0.021290703592951276},"median":{"confidence_interval":{"confidence_level":0.95,"lower_bound":0.022759374848381815,"upper_bound":0.04918012142003426},"point_estimate":0.033722664198293284,"standard_error":0.007189384853956794}}