{"mean":{"confidence_interval":{"confidence_level":0.95,"lower_bound":0.04591483855002768,"upper_bound":0.0644505447513655},"point_estimate":0.05496299853247533,"standard_error":0.004773663317929901},"median":{"confidence_interval":{"confidence_level":0.95,"lower_bound":0.03457288271918979,"upper_bound":0.07706773662153338},"point_estimate":0.04893665830476168,"standard_error":0.011689811987242}}