{"mean":{"confidence_interval":{"confidence_level":0.95,"lower_bound":0.061712368826076086,"upper_bound":0.10552860281668586},"point_estimate":0.08448472240801674,"standard_error":0.011166127014811409},"median":{"confidence_interval":{"confidence_level":0.95,"lower_bound":0.08594472248190055,"upper_bound":0.11786453568201893},"point_estimate":0.10505301873832495,"standard_error":0.008346217155466164}}