{"mean":{"confidence_interval":{"confidence_level":0.95,"lower_bound":-0.28492018233574434,"upper_bound":-0.2470029917600322},"point_estimate":-0.2654303123383064,"standard_error":0.00968343048165181},"median":{"confidence_interval":{"confidence_level":0.95,"lower_bound":-0.23965765719242169,"upper_bound":-0.2219651334661327},"point_estimate":-0.22495369193983472,"standard_error":0.004689908490019977}}