{"mean":{"confidence_interval":{"confidence_level":0.95,"lower_bound":0.008876168711560481,"upper_bound":0.04465692647891762},"point_estimate":0.027429217678396123,"standard_error":0.009127831895534434},"median":{"confidence_interval":{"confidence_level":0.95,"lower_bound":0.020162689905917963,"upper_bound":0.07216563990609792},"point_estimate":0.04591510209755345,"standard_error":0.013348942685471073}}