{"mean":{"confidence_interval":{"confidence_level":0.95,"lower_bound":-0.256146109245627,"upper_bound":-0.2427479079354199},"point_estimate":-0.24923609742982056,"standard_error":0.003416381626137584},"median":{"confidence_interval":{"confidence_level":0.95,"lower_bound":-0.24495595727041033,"upper_bound":-0.2417989845768994},"point_estimate":-0.24317659283679482,"standard_error":0.000817547985540103}}