{"mean":{"confidence_interval":{"confidence_level":0.95,"lower_bound":0.6708368038296179,"upper_bound":0.69360832617804},"point_estimate":0.6823740521232526,"standard_error":0.005720524707356415},"median":{"confidence_interval":{"confidence_level":0.95,"lower_bound":0.6651901179079361,"upper_bound":0.6928627707224536},"point_estimate":0.6795998500500995,"standard_error":0.007056787365000047}}