{"mean":{"confidence_interval":{"confidence_level":0.95,"lower_bound":0.17218910546127775,"upper_bound":0.19003328030173258},"point_estimate":0.1814883768888269,"standard_error":0.004616533005295877},"median":{"confidence_interval":{"confidence_level":0.95,"lower_bound":0.18515072604667604,"upper_bound":0.2075178056073952},"point_estimate":0.19658953627856413,"standard_error":0.005617450811589722}}