{"mean":{"confidence_interval":{"confidence_level":0.95,"lower_bound":0.1904733707371129,"upper_bound":0.21375327249571022},"point_estimate":0.20262206389033244,"standard_error":0.005945243172850076},"median":{"confidence_interval":{"confidence_level":0.95,"lower_bound":0.1934771436331595,"upper_bound":0.22614724065625036},"point_estimate":0.2097820834567523,"standard_error":0.007912910403890108}}