{"mean":{"confidence_interval":{"confidence_level":0.95,"lower_bound":0.25075119469286905,"upper_bound":0.26251818739653016},"point_estimate":0.25679448118850257,"standard_error":0.0029930963901822643},"median":{"confidence_interval":{"confidence_level":0.95,"lower_bound":0.25852344579523745,"upper_bound":0.2668528747681105},"point_estimate":0.2625925796918589,"standard_error":0.002210588936641181}}