{"mean":{"confidence_interval":{"confidence_level":0.95,"lower_bound":0.1029862317034358,"upper_bound":0.1165797568266515},"point_estimate":0.10983873368462094,"standard_error":0.003466245011786102},"median":{"confidence_interval":{"confidence_level":0.95,"lower_bound":0.11486860722385583,"upper_bound":0.1306702746831187},"point_estimate":0.12438435612421261,"standard_error":0.003935430690840434}}