{"mean":{"confidence_interval":{"confidence_level":0.95,"lower_bound":0.05331806172678211,"upper_bound":0.06286450479682396},"point_estimate":0.05807291189553632,"standard_error":0.00246380124797801},"median":{"confidence_interval":{"confidence_level":0.95,"lower_bound":0.056053333047148435,"upper_bound":0.06657549463721346},"point_estimate":0.06038378789501131,"standard_error":0.0028331468345671362}}