{"mean":{"confidence_interval":{"confidence_level":0.95,"lower_bound":0.24320907825605503,"upper_bound":0.2782402481498224},"point_estimate":0.26004464069798394,"standard_error":0.008588218935946558},"median":{"confidence_interval":{"confidence_level":0.95,"lower_bound":0.23821584297210174,"upper_bound":0.2636219758057974},"point_estimate":0.2504546541066861,"standard_error":0.006700314665954174}}