{"mean":{"confidence_interval":{"confidence_level":0.95,"lower_bound":-0.10640979132726591,"upper_bound":-0.07333021908572149},"point_estimate":-0.08990430076577238,"standard_error":0.008474347485846622},"median":{"confidence_interval":{"confidence_level":0.95,"lower_bound":-0.09649172513648141,"upper_bound":-0.056589303573488126},"point_estimate":-0.07808149061047731,"standard_error":0.0103974101432261}}