{"mean":{"confidence_interval":{"confidence_level":0.95,"lower_bound":-0.06983790656513778,"upper_bound":-0.024681426902797083},"point_estimate":-0.0461037877523266,"standard_error":0.011546360057491831},"median":{"confidence_interval":{"confidence_level":0.95,"lower_bound":-0.033784162243244875,"upper_bound":0.003304025731428961},"point_estimate":-0.015025182005844129,"standard_error":0.009262133926150752}}