{"mean":{"confidence_interval":{"confidence_level":0.95,"lower_bound":-0.2329057941722226,"upper_bound":-0.18358599430085415},"point_estimate":-0.2093531203674429,"standard_error":0.012717598769437932},"median":{"confidence_interval":{"confidence_level":0.95,"lower_bound":-0.23860918637601136,"upper_bound":-0.20584338326987542},"point_estimate":-0.21969450116407652,"standard_error":0.009766674951175124}}