{"mean":{"confidence_interval":{"confidence_level":0.95,"lower_bound":0.16363711497128533,"upper_bound":0.20903594042970622},"point_estimate":0.18698702980414206,"standard_error":0.011554034543337281},"median":{"confidence_interval":{"confidence_level":0.95,"lower_bound":0.16827011435666117,"upper_bound":0.22558622027331454},"point_estimate":0.19364593503884486,"standard_error":0.01490479897559039}}