{"mean":{"confidence_interval":{"confidence_level":0.95,"lower_bound":0.3076496624174001,"upper_bound":0.39528704213039656},"point_estimate":0.3473120131706495,"standard_error":0.022408247760903045},"median":{"confidence_interval":{"confidence_level":0.95,"lower_bound":0.26700557349138676,"upper_bound":0.3161122663001399},"point_estimate":0.28285963456877883,"standard_error":0.012632602095680158}}