{"mean":{"confidence_interval":{"confidence_level":0.95,"lower_bound":0.24529398765923122,"upper_bound":0.2811495671944664},"point_estimate":0.26243249858102,"standard_error":0.009980941181456614},"median":{"confidence_interval":{"confidence_level":0.95,"lower_bound":0.22395993781306278,"upper_bound":0.25503392705300443},"point_estimate":0.23658318183286742,"standard_error":0.008291490989790498}}