{"mean":{"confidence_interval":{"confidence_level":0.95,"lower_bound":-0.2367768977970796,"upper_bound":-0.20725943361834273},"point_estimate":-0.22224354406171842,"standard_error":0.007526841164497681},"median":{"confidence_interval":{"confidence_level":0.95,"lower_bound":-0.23584041499228592,"upper_bound":-0.19278492665109814},"point_estimate":-0.2153621029486239,"standard_error":0.01116852462494776}}