{"mean":{"confidence_interval":{"confidence_level":0.95,"lower_bound":-0.09675615580925305,"upper_bound":-0.07129054510348871},"point_estimate":-0.08369017337748452,"standard_error":0.006518626972946224},"median":{"confidence_interval":{"confidence_level":0.95,"lower_bound":-0.09266528905198557,"upper_bound":-0.06226083905208581},"point_estimate":-0.0744112417156928,"standard_error":0.007739696548622227}}