{"mean":{"confidence_interval":{"confidence_level":0.95,"lower_bound":-0.1041643946061548,"upper_bound":-0.08851848124982797},"point_estimate":-0.09599654442791583,"standard_error":0.003991474423069046},"median":{"confidence_interval":{"confidence_level":0.95,"lower_bound":-0.08376077250573488,"upper_bound":-0.07966874952113134},"point_estimate":-0.0814188941623234,"standard_error":0.0010345740682079789}}