{"mean":{"confidence_interval":{"confidence_level":0.95,"lower_bound":-0.10697420303759295,"upper_bound":-0.09168975537929686},"point_estimate":-0.09905833488214877,"standard_error":0.003909301350486564},"median":{"confidence_interval":{"confidence_level":0.95,"lower_bound":-0.09168409255895915,"upper_bound":-0.0867297652236324},"point_estimate":-0.08873553587630012,"standard_error":0.0012746071930363112}}