{"mean":{"confidence_interval":{"confidence_level":0.95,"lower_bound":-0.021909378081499516,"upper_bound":-0.008967064988671995},"point_estimate":-0.015439190946272885,"standard_error":0.0033118332111574896},"median":{"confidence_interval":{"confidence_level":0.95,"lower_bound":-0.013561129070607131,"upper_bound":-0.0031940844435094373},"point_estimate":-0.00823088968616259,"standard_error":0.0027564309136631554}}