{"mean":{"confidence_interval":{"confidence_level":0.95,"lower_bound":-0.11375552469520965,"upper_bound":-0.09529836271207982},"point_estimate":-0.10445176505211773,"standard_error":0.004720434232517861},"median":{"confidence_interval":{"confidence_level":0.95,"lower_bound":-0.10045560384021224,"upper_bound":-0.09281219621162329},"point_estimate":-0.09529607788111616,"standard_error":0.0018374286309481476}}