{"mean":{"confidence_interval":{"confidence_level":0.95,"lower_bound":0.12025133254033805,"upper_bound":0.18795622356592473},"point_estimate":0.15191612885675365,"standard_error":0.017449527897253705},"median":{"confidence_interval":{"confidence_level":0.95,"lower_bound":0.11763768932362706,"upper_bound":0.15555164057832416},"point_estimate":0.13838605016486105,"standard_error":0.00965295377738743}}