{"mean":{"confidence_interval":{"confidence_level":0.95,"lower_bound":-0.2043693138654521,"upper_bound":-0.18295503266838942},"point_estimate":-0.19301975334490484,"standard_error":0.005443293156960745},"median":{"confidence_interval":{"confidence_level":0.95,"lower_bound":-0.1907691582115103,"upper_bound":-0.17375097631481518},"point_estimate":-0.1806778078688971,"standard_error":0.004283426864828772}}