{"mean":{"confidence_interval":{"confidence_level":0.95,"lower_bound":409.7158796839919,"upper_bound":427.49703783438736},"point_estimate":418.730534718801,"standard_error":4.526552914918619},"median":{"confidence_interval":{"confidence_level":0.95,"lower_bound":415.14475448298975,"upper_bound":433.05691831388424},"point_estimate":428.20405174414185,"standard_error":4.987894835419753},"median_abs_dev":{"confidence_interval":{"confidence_level":0.95,"lower_bound":25.221029739432087,"upper_bound":44.217451654857015},"point_estimate":33.327720418558975,"standard_error":5.15329013816797},"slope":{"confidence_interval":{"confidence_level":0.95,"lower_bound":436.7929931263718,"upper_bound":448.5673661491758},"point_estimate":442.50014410163243,"standard_error":2.996062635875222},"std_dev":{"confidence_interval":{"confidence_level":0.95,"lower_bound":37.22018096668787,"upper_bound":52.817024008778894},"point_estimate":45.48889060826151,"standard_error":3.9699493904404206}}