{"mean":{"confidence_interval":{"confidence_level":0.95,"lower_bound":549.0691680836985,"upper_bound":564.8915643333953},"point_estimate":556.90069078267,"standard_error":4.032664762357439},"median":{"confidence_interval":{"confidence_level":0.95,"lower_bound":541.9202595338984,"upper_bound":559.4023927608409},"point_estimate":548.1198580002726,"standard_error":5.3944883412261015},"median_abs_dev":{"confidence_interval":{"confidence_level":0.95,"lower_bound":26.015000422510916,"upper_bound":48.911288468241466},"point_estimate":34.67931394999708,"standard_error":6.208438208118758},"slope":{"confidence_interval":{"confidence_level":0.95,"lower_bound":557.47560569057,"upper_bound":575.5970554080037},"point_estimate":566.2880680984238,"standard_error":4.630641850902197},"std_dev":{"confidence_interval":{"confidence_level":0.95,"lower_bound":35.169674911543,"upper_bound":45.08256007775731},"point_estimate":40.549025108909674,"standard_error":2.5123385752245775}}