{"mean":{"confidence_interval":{"confidence_level":0.95,"lower_bound":0.7976444896843835,"upper_bound":0.816190953367594},"point_estimate":0.8072693125514883,"standard_error":0.004732262397225602},"median":{"confidence_interval":{"confidence_level":0.95,"lower_bound":0.8035388214535409,"upper_bound":0.8212112560234097},"point_estimate":0.8116006410202778,"standard_error":0.004453851955186004}}