{"mean":{"confidence_interval":{"confidence_level":0.95,"lower_bound":-0.013032221641793419,"upper_bound":0.001708909694030968},"point_estimate":-0.005635184264335069,"standard_error":0.0037544152852502363},"median":{"confidence_interval":{"confidence_level":0.95,"lower_bound":-0.0124713486307505,"upper_bound":0.010620403282098288},"point_estimate":0.0014920848632509198,"standard_error":0.004563739985900256}}