{"mean":{"confidence_interval":{"confidence_level":0.95,"lower_bound":0.3743287018680824,"upper_bound":0.40518484167212876},"point_estimate":0.3896751491216017,"standard_error":0.007928685437755678},"median":{"confidence_interval":{"confidence_level":0.95,"lower_bound":0.37487747253669634,"upper_bound":0.4085042298758099},"point_estimate":0.39197897135064563,"standard_error":0.00803852990898821}}