{"mean":{"confidence_interval":{"confidence_level":0.95,"lower_bound":0.01018119044389667,"upper_bound":0.015879881383877192},"point_estimate":0.01295613726951661,"standard_error":0.0014498211146289298},"median":{"confidence_interval":{"confidence_level":0.95,"lower_bound":0.01017514311338874,"upper_bound":0.01573207457948289},"point_estimate":0.012775049049974063,"standard_error":0.001387136907754111}}