{"mean":{"confidence_interval":{"confidence_level":0.95,"lower_bound":0.07320169231957041,"upper_bound":0.08957716020531942},"point_estimate":0.08136781648111513,"standard_error":0.004212224732948457},"median":{"confidence_interval":{"confidence_level":0.95,"lower_bound":0.07624031934786735,"upper_bound":0.10134997132720813},"point_estimate":0.09099218648877216,"standard_error":0.005198977273996731}}