{"mean":{"confidence_interval":{"confidence_level":0.95,"lower_bound":0.16719833795979416,"upper_bound":0.20784106335765754},"point_estimate":0.18589247303406342,"standard_error":0.010207641210257018},"median":{"confidence_interval":{"confidence_level":0.95,"lower_bound":0.1605406453705307,"upper_bound":0.20600911567893898},"point_estimate":0.1806998852730406,"standard_error":0.01141523540563654}}