{"mean":{"confidence_interval":{"confidence_level":0.95,"lower_bound":0.5707066032915076,"upper_bound":0.5840954909023414},"point_estimate":0.5774334394366989,"standard_error":0.0034121014468749627},"median":{"confidence_interval":{"confidence_level":0.95,"lower_bound":0.5757321329950211,"upper_bound":0.5892967569859433},"point_estimate":0.5811483788973462,"standard_error":0.003494139647914722}}