{"mean":{"confidence_interval":{"confidence_level":0.95,"lower_bound":0.3370513404862004,"upper_bound":0.3689433703257764},"point_estimate":0.3534639815568448,"standard_error":0.00808318144494949},"median":{"confidence_interval":{"confidence_level":0.95,"lower_bound":0.3344592750563704,"upper_bound":0.3895514820399777},"point_estimate":0.3650665357288396,"standard_error":0.013123799278549085}}