{"mean":{"confidence_interval":{"confidence_level":0.95,"lower_bound":0.2663513894137994,"upper_bound":0.30869469889544215},"point_estimate":0.286068356230877,"standard_error":0.010854693987903227},"median":{"confidence_interval":{"confidence_level":0.95,"lower_bound":0.2533202639948937,"upper_bound":0.3007211361627067},"point_estimate":0.27845448436675624,"standard_error":0.011576991511577392}}