{"mean":{"confidence_interval":{"confidence_level":0.95,"lower_bound":1.2851571924825216,"upper_bound":1.3126063372586045},"point_estimate":1.299587528811153,"standard_error":0.0070367756922760025},"median":{"confidence_interval":{"confidence_level":0.95,"lower_bound":1.2785683632401357,"upper_bound":1.3182042519425017},"point_estimate":1.3020833198579735,"standard_error":0.01114153941938755}}