{"mean":{"confidence_interval":{"confidence_level":0.95,"lower_bound":0.5784968634233001,"upper_bound":0.5932779060118598},"point_estimate":0.5859902159759078,"standard_error":0.003777486430950213},"median":{"confidence_interval":{"confidence_level":0.95,"lower_bound":0.5822878832400695,"upper_bound":0.5974611663632587},"point_estimate":0.5890822889790077,"standard_error":0.003806386672575591}}