{"mean":{"confidence_interval":{"confidence_level":0.95,"lower_bound":0.3203308435784638,"upper_bound":0.39171369313757376},"point_estimate":0.3515254495613289,"standard_error":0.018639442364486326},"median":{"confidence_interval":{"confidence_level":0.95,"lower_bound":0.29499794393945056,"upper_bound":0.3410394747261248},"point_estimate":0.3121956238282604,"standard_error":0.011120318009708993}}