{"mean":{"confidence_interval":{"confidence_level":0.95,"lower_bound":678494.7092750003,"upper_bound":679751.8540625},"point_estimate":679107.9039999999,"standard_error":320.09218268290255},"median":{"confidence_interval":{"confidence_level":0.95,"lower_bound":677802.1,"upper_bound":679187.4},"point_estimate":678489.825,"standard_error":365.7402027347294},"median_abs_dev":{"confidence_interval":{"confidence_level":0.95,"lower_bound":2042.4297237395895,"upper_bound":3547.306688647716},"point_estimate":2728.24340656398,"standard_error":378.9122541457038},"slope":null,"std_dev":{"confidence_interval":{"confidence_level":0.95,"lower_bound":2679.185881304294,"upper_bound":3705.6390224786533},"point_estimate":3225.81468488915,"standard_error":261.80623124675066}}