{"mean":{"confidence_interval":{"confidence_level":0.95,"lower_bound":622937.7777954546,"upper_bound":627555.486443182},"point_estimate":624804.2813636364,"standard_error":1209.443915702629},"median":{"confidence_interval":{"confidence_level":0.95,"lower_bound":621459.3636363636,"upper_bound":622603.5909090909},"point_estimate":621834.25,"standard_error":322.37835184911904},"median_abs_dev":{"confidence_interval":{"confidence_level":0.95,"lower_bound":1622.402412105714,"upper_bound":3749.697506156819},"point_estimate":2576.32071335205,"standard_error":547.8717264323034},"slope":null,"std_dev":{"confidence_interval":{"confidence_level":0.95,"lower_bound":4172.919109146525,"upper_bound":19551.455358537798},"point_estimate":12132.788972584332,"standard_error":4912.610465556075}}