{"mean":{"confidence_interval":{"confidence_level":0.95,"lower_bound":580836.2787187498,"upper_bound":582730.9475937501},"point_estimate":581775.1720833335,"standard_error":485.4924888704436},"median":{"confidence_interval":{"confidence_level":0.95,"lower_bound":580365.125,"upper_bound":583471.5},"point_estimate":582210.9375,"standard_error":816.0944253957748},"median_abs_dev":{"confidence_interval":{"confidence_level":0.95,"lower_bound":3994.000779092254,"upper_bound":6103.400779142976},"point_estimate":5183.076845481992,"standard_error":514.2971073503334},"slope":null,"std_dev":{"confidence_interval":{"confidence_level":0.95,"lower_bound":4206.9805351961395,"upper_bound":5512.957357539436},"point_estimate":4879.154032033622,"standard_error":334.48469463988283}}