{"mean":{"confidence_interval":{"confidence_level":0.95,"lower_bound":623966.4456022726,"upper_bound":627772.1852386366},"point_estimate":625681.1145454547,"standard_error":974.4835684551682},"median":{"confidence_interval":{"confidence_level":0.95,"lower_bound":623263.6590909092,"upper_bound":624869.8181818182},"point_estimate":623958.1363636364,"standard_error":391.1751943171075},"median_abs_dev":{"confidence_interval":{"confidence_level":0.95,"lower_bound":3474.7089064933566,"upper_bound":7301.232047649963},"point_estimate":5858.089450543522,"standard_error":1007.5892102586084},"slope":null,"std_dev":{"confidence_interval":{"confidence_level":0.95,"lower_bound":5288.936478575242,"upper_bound":13920.394235053162},"point_estimate":9766.59064337209,"standard_error":2299.9807040005153}}