{"mean":{"confidence_interval":{"confidence_level":0.95,"lower_bound":-0.0791817718563637,"upper_bound":-0.05668160380641082},"point_estimate":-0.06795462555194165,"standard_error":0.005742406176361769},"median":{"confidence_interval":{"confidence_level":0.95,"lower_bound":-0.08335582513388684,"upper_bound":-0.05269295041247135},"point_estimate":-0.06928289433922463,"standard_error":0.0075642529335522134}}