{"mean":{"confidence_interval":{"confidence_level":0.95,"lower_bound":-0.18405539635801915,"upper_bound":-0.16542704446470283},"point_estimate":-0.17528760472975569,"standard_error":0.004862933497334637},"median":{"confidence_interval":{"confidence_level":0.95,"lower_bound":-0.1821576668785796,"upper_bound":-0.15804114487511256},"point_estimate":-0.17247886831121984,"standard_error":0.00664233113809031}}