{"mean":{"confidence_interval":{"confidence_level":0.95,"lower_bound":0.38025811434981127,"upper_bound":0.42671231441514185},"point_estimate":0.40253655780939424,"standard_error":0.012006108919695087},"median":{"confidence_interval":{"confidence_level":0.95,"lower_bound":0.36128575984233524,"upper_bound":0.4178842387015167},"point_estimate":0.38758412915761187,"standard_error":0.014392236046503037}}