{"mean":{"confidence_interval":{"confidence_level":0.95,"lower_bound":-0.18604023253779228,"upper_bound":-0.16342368923170192},"point_estimate":-0.17487779293968653,"standard_error":0.0057552129704517225},"median":{"confidence_interval":{"confidence_level":0.95,"lower_bound":-0.18593083291969914,"upper_bound":-0.15708454641242342},"point_estimate":-0.1723365224357798,"standard_error":0.00771547840344316}}