{"mean":{"confidence_interval":{"confidence_level":0.95,"lower_bound":-0.46184626413183205,"upper_bound":-0.43891992828329335},"point_estimate":-0.4489280101947313,"standard_error":0.0059177336982995255},"median":{"confidence_interval":{"confidence_level":0.95,"lower_bound":-0.4412775437982663,"upper_bound":-0.4316009713877551},"point_estimate":-0.4338381969067089,"standard_error":0.0025641137506445142}}