{"mean":{"confidence_interval":{"confidence_level":0.95,"lower_bound":0.29356728183065317,"upper_bound":0.339653734495755},"point_estimate":0.3134986428960942,"standard_error":0.011231860348111182},"median":{"confidence_interval":{"confidence_level":0.95,"lower_bound":0.28727657542611834,"upper_bound":0.35098642681206305},"point_estimate":0.32131800848502845,"standard_error":0.015780438667188555}}