{"mean":{"confidence_interval":{"confidence_level":0.95,"lower_bound":0.23398685481004658,"upper_bound":0.2508117392228386},"point_estimate":0.2422042652984424,"standard_error":0.00426947742707978},"median":{"confidence_interval":{"confidence_level":0.95,"lower_bound":0.23017066931669272,"upper_bound":0.25012668680847905},"point_estimate":0.23827686459644704,"standard_error":0.005015373618292809}}