{"mean":{"confidence_interval":{"confidence_level":0.95,"lower_bound":0.488092812761832,"upper_bound":0.5309368959975997},"point_estimate":0.5079418868820986,"standard_error":0.0107765834964318},"median":{"confidence_interval":{"confidence_level":0.95,"lower_bound":0.4902962667136197,"upper_bound":0.5190317133461304},"point_estimate":0.5067536543601352,"standard_error":0.0077488561295979514}}