{"mean":{"confidence_interval":{"confidence_level":0.95,"lower_bound":-0.19425580641252385,"upper_bound":-0.1778368608841513},"point_estimate":-0.18577745329378748,"standard_error":0.004223530356619127},"median":{"confidence_interval":{"confidence_level":0.95,"lower_bound":-0.17692300207731249,"upper_bound":-0.17191566064662367},"point_estimate":-0.17454926744820531,"standard_error":0.0013877615238916707}}