{"mean":{"confidence_interval":{"confidence_level":0.95,"lower_bound":0.10808112647112358,"upper_bound":0.13911564068752152},"point_estimate":0.1224984953946282,"standard_error":0.0077367198395678705},"median":{"confidence_interval":{"confidence_level":0.95,"lower_bound":0.10036516374844995,"upper_bound":0.14052262904950966},"point_estimate":0.11390869615873012,"standard_error":0.009129663103881093}}