{"mean":{"confidence_interval":{"confidence_level":0.95,"lower_bound":0.5255745156684292,"upper_bound":0.6223852248595882},"point_estimate":0.5701161138417055,"standard_error":0.023798075917155968},"median":{"confidence_interval":{"confidence_level":0.95,"lower_bound":0.48702225235595886,"upper_bound":0.5860227588909497},"point_estimate":0.5324738588281677,"standard_error":0.023804674351361327}}