{"mean":{"confidence_interval":{"confidence_level":0.95,"lower_bound":0.7715412684468942,"upper_bound":0.8195362695176374},"point_estimate":0.7958250163111489,"standard_error":0.012176846066503799},"median":{"confidence_interval":{"confidence_level":0.95,"lower_bound":0.7731885759136687,"upper_bound":0.8375731368608526},"point_estimate":0.8067124510126751,"standard_error":0.01629104785982878}}