{"mean":{"confidence_interval":{"confidence_level":0.95,"lower_bound":0.06438309917648577,"upper_bound":0.07964101029124326},"point_estimate":0.07125573814583941,"standard_error":0.003776384301860976},"median":{"confidence_interval":{"confidence_level":0.95,"lower_bound":0.05369754811647964,"upper_bound":0.07607883665649129},"point_estimate":0.06821835988954295,"standard_error":0.00645471563993946}}