{"mean":{"confidence_interval":{"confidence_level":0.95,"lower_bound":-0.3574660544053754,"upper_bound":-0.34069068982158107},"point_estimate":-0.3490284175499898,"standard_error":0.004292498446565719},"median":{"confidence_interval":{"confidence_level":0.95,"lower_bound":-0.36440225216685773,"upper_bound":-0.3432629212795506},"point_estimate":-0.35472612839860096,"standard_error":0.00523274768097184}}