{"mean":{"confidence_interval":{"confidence_level":0.95,"lower_bound":0.3519078142461001,"upper_bound":0.3807885799404131},"point_estimate":0.36647651288053384,"standard_error":0.007199562953391344},"median":{"confidence_interval":{"confidence_level":0.95,"lower_bound":0.3384342600994239,"upper_bound":0.38190038085979316},"point_estimate":0.35345148717362096,"standard_error":0.011144376196115025}}