{"mean":{"confidence_interval":{"confidence_level":0.95,"lower_bound":-0.2143367130948152,"upper_bound":-0.1741907533563244},"point_estimate":-0.1934922133281115,"standard_error":0.010267457707229912},"median":{"confidence_interval":{"confidence_level":0.95,"lower_bound":-0.18223845004843375,"upper_bound":-0.14382301531297526},"point_estimate":-0.16564978454048196,"standard_error":0.00971012478589403}}