{"mean":{"confidence_interval":{"confidence_level":0.95,"lower_bound":-0.503532433123418,"upper_bound":-0.48190773429457845},"point_estimate":-0.4914941522606697,"standard_error":0.005566019619881731},"median":{"confidence_interval":{"confidence_level":0.95,"lower_bound":-0.48942265177865785,"upper_bound":-0.4752030669162509},"point_estimate":-0.48168861838664245,"standard_error":0.0035678769989579517}}