{"mean":{"confidence_interval":{"confidence_level":0.95,"lower_bound":0.052123713925904126,"upper_bound":0.06374175596793386},"point_estimate":0.0578582223293711,"standard_error":0.0030534243438663676},"median":{"confidence_interval":{"confidence_level":0.95,"lower_bound":0.04308450808686359,"upper_bound":0.06534043598822992},"point_estimate":0.05479101463264402,"standard_error":0.005778681205407123}}