{"mean":{"confidence_interval":{"confidence_level":0.95,"lower_bound":-0.057500193420812536,"upper_bound":-0.03537162842906497},"point_estimate":-0.04568000356223789,"standard_error":0.005654296886727787},"median":{"confidence_interval":{"confidence_level":0.95,"lower_bound":-0.043503826442133985,"upper_bound":-0.0315882922400853},"point_estimate":-0.03469179773112674,"standard_error":0.0029921634346749882}}