{"mean":{"confidence_interval":{"confidence_level":0.95,"lower_bound":-0.049819282166857236,"upper_bound":-0.035447035485058495},"point_estimate":-0.042503532684671774,"standard_error":0.00367416999939469},"median":{"confidence_interval":{"confidence_level":0.95,"lower_bound":-0.05272444098467499,"upper_bound":-0.04439568943983796},"point_estimate":-0.050189169727083205,"standard_error":0.002072030466670937}}