{"mean":{"confidence_interval":{"confidence_level":0.95,"lower_bound":0.20672591921910233,"upper_bound":0.24766489694365634},"point_estimate":0.2228636039174161,"standard_error":0.010918475301786565},"median":{"confidence_interval":{"confidence_level":0.95,"lower_bound":0.21392851747825384,"upper_bound":0.21996979850160403},"point_estimate":0.21767251258999765,"standard_error":0.0016994975755085604}}