{"mean":{"confidence_interval":{"confidence_level":0.95,"lower_bound":0.22922583394582466,"upper_bound":0.295801201487033},"point_estimate":0.2616464227625832,"standard_error":0.016924089043322585},"median":{"confidence_interval":{"confidence_level":0.95,"lower_bound":0.23969120182527703,"upper_bound":0.281581354366514},"point_estimate":0.26471924539561,"standard_error":0.010055040238963763}}