{"mean":{"confidence_interval":{"confidence_level":0.95,"lower_bound":0.025912598238906792,"upper_bound":0.04032945689004764},"point_estimate":0.033275974258660135,"standard_error":0.0036601428654647163},"median":{"confidence_interval":{"confidence_level":0.95,"lower_bound":0.022940717017805756,"upper_bound":0.03487871941275431},"point_estimate":0.027110683134706992,"standard_error":0.0033739883121700104}}