{"mean":{"confidence_interval":{"confidence_level":0.95,"lower_bound":0.017582852765648284,"upper_bound":0.040932981256589285},"point_estimate":0.029124857328930442,"standard_error":0.005955047987168277},"median":{"confidence_interval":{"confidence_level":0.95,"lower_bound":0.009046313048716392,"upper_bound":0.05468044918177051},"point_estimate":0.02407944016688779,"standard_error":0.011940922429737105}}