{"mean":{"confidence_interval":{"confidence_level":0.95,"lower_bound":-0.37127945963611364,"upper_bound":-0.35804142023359564},"point_estimate":-0.36455018454191124,"standard_error":0.0033712725690105087},"median":{"confidence_interval":{"confidence_level":0.95,"lower_bound":-0.3649127013550311,"upper_bound":-0.35094109835835363},"point_estimate":-0.3548463146587437,"standard_error":0.003587905896166847}}