{"mean":{"confidence_interval":{"confidence_level":0.95,"lower_bound":0.06528303977514617,"upper_bound":0.0712642296393633},"point_estimate":0.06820591173657586,"standard_error":0.0015145310481810515},"median":{"confidence_interval":{"confidence_level":0.95,"lower_bound":0.0650553366625979,"upper_bound":0.07176983905574619},"point_estimate":0.06818690963225471,"standard_error":0.0016882809212796419}}