{"mean":{"confidence_interval":{"confidence_level":0.95,"lower_bound":0.10003794441287929,"upper_bound":0.17599423319925495},"point_estimate":0.1344012136258841,"standard_error":0.019533666343933016},"median":{"confidence_interval":{"confidence_level":0.95,"lower_bound":0.11437896887534849,"upper_bound":0.15928958570383522},"point_estimate":0.1383327450319891,"standard_error":0.011123033119248017}}