{"mean":{"confidence_interval":{"confidence_level":0.95,"lower_bound":-0.024117199846419246,"upper_bound":-0.008290993377343413},"point_estimate":-0.01621205549545801,"standard_error":0.00404358420668209},"median":{"confidence_interval":{"confidence_level":0.95,"lower_bound":-0.018580063001422342,"upper_bound":-0.005512680019441607},"point_estimate":-0.008691608462410128,"standard_error":0.0034206360812452583}}