{"mean":{"confidence_interval":{"confidence_level":0.95,"lower_bound":0.07408574819160103,"upper_bound":0.11079791500325153},"point_estimate":0.09278184074955775,"standard_error":0.009369367759767537},"median":{"confidence_interval":{"confidence_level":0.95,"lower_bound":0.06533921141768029,"upper_bound":0.10718562417725153},"point_estimate":0.08610656483646428,"standard_error":0.01079565364475903}}