{"mean":{"confidence_interval":{"confidence_level":0.95,"lower_bound":-0.12024689647501212,"upper_bound":-0.11436389746040225},"point_estimate":-0.11718805502987906,"standard_error":0.0014992793177131451},"median":{"confidence_interval":{"confidence_level":0.95,"lower_bound":-0.12671177025387703,"upper_bound":-0.11923286075117945},"point_estimate":-0.1232395418612312,"standard_error":0.0019327874552275263}}