{"mean":{"confidence_interval":{"confidence_level":0.95,"lower_bound":-0.25415498782576607,"upper_bound":-0.23822871992467845},"point_estimate":-0.2460424409138342,"standard_error":0.004068357222868333},"median":{"confidence_interval":{"confidence_level":0.95,"lower_bound":-0.24558678140881063,"upper_bound":-0.22868406916857206},"point_estimate":-0.2333157332308009,"standard_error":0.004311757458551851}}