{"mean":{"confidence_interval":{"confidence_level":0.95,"lower_bound":-0.18161382042095559,"upper_bound":-0.141781078492823},"point_estimate":-0.16130695373523796,"standard_error":0.010155033896576416},"median":{"confidence_interval":{"confidence_level":0.95,"lower_bound":-0.1612413664613956,"upper_bound":-0.11990634064083072},"point_estimate":-0.1432813209514422,"standard_error":0.010653423007072537}}