{"mean":{"confidence_interval":{"confidence_level":0.95,"lower_bound":-0.0015097319505612903,"upper_bound":0.0036386507809647276},"point_estimate":0.0010898518368345211,"standard_error":0.0013096422013374515},"median":{"confidence_interval":{"confidence_level":0.95,"lower_bound":-0.006135859231858396,"upper_bound":0.004899889004082114},"point_estimate":0.00005623689321110348,"standard_error":0.00279941337725659}}