{"mean":{"confidence_interval":{"confidence_level":0.95,"lower_bound":0.1395069934665453,"upper_bound":0.1580676576388862},"point_estimate":0.14877447418107503,"standard_error":0.004708719860523768},"median":{"confidence_interval":{"confidence_level":0.95,"lower_bound":0.14388443019092367,"upper_bound":0.15584021984871232},"point_estimate":0.15100818276568617,"standard_error":0.003280742298665738}}