{"mean":{"confidence_interval":{"confidence_level":0.95,"lower_bound":0.03675520713168095,"upper_bound":0.060266698979066224},"point_estimate":0.048103138509847154,"standard_error":0.006117607013131416},"median":{"confidence_interval":{"confidence_level":0.95,"lower_bound":0.02680429083642366,"upper_bound":0.06073504145699915},"point_estimate":0.047275394165171125,"standard_error":0.009346895115050543}}