{"mean":{"confidence_interval":{"confidence_level":0.95,"lower_bound":0.5109714786842818,"upper_bound":0.5478554363823591},"point_estimate":0.5286524234228975,"standard_error":0.00946376369718342},"median":{"confidence_interval":{"confidence_level":0.95,"lower_bound":0.5185696141441174,"upper_bound":0.5414414012942075},"point_estimate":0.5289779790932492,"standard_error":0.00572377514621306}}