{"mean":{"confidence_interval":{"confidence_level":0.95,"lower_bound":0.15962995430058874,"upper_bound":0.20476554409283487},"point_estimate":0.1825728687765189,"standard_error":0.011562593468223234},"median":{"confidence_interval":{"confidence_level":0.95,"lower_bound":0.14049246007833083,"upper_bound":0.21468330263381397},"point_estimate":0.18854627729779017,"standard_error":0.019007891050277663}}