{"mean":{"confidence_interval":{"confidence_level":0.95,"lower_bound":-0.011905624477611544,"upper_bound":0.008930980544090457},"point_estimate":-0.0018034114231065823,"standard_error":0.005266632781647954},"median":{"confidence_interval":{"confidence_level":0.95,"lower_bound":-0.019203982140379106,"upper_bound":0.00026374011890339943},"point_estimate":-0.011267986538374353,"standard_error":0.0046183904971640105}}