{"mean":{"confidence_interval":{"confidence_level":0.95,"lower_bound":-0.5299543958506387,"upper_bound":-0.5092209560727518},"point_estimate":-0.5184084981238919,"standard_error":0.005317777172870324},"median":{"confidence_interval":{"confidence_level":0.95,"lower_bound":-0.5161669347569071,"upper_bound":-0.5076900248309413},"point_estimate":-0.509778757232152,"standard_error":0.0022350004234891834}}