{"mean":{"confidence_interval":{"confidence_level":0.95,"lower_bound":-0.16695196312543947,"upper_bound":-0.1454261811314761},"point_estimate":-0.15615051419137427,"standard_error":0.005512719437489906},"median":{"confidence_interval":{"confidence_level":0.95,"lower_bound":-0.16721244895268972,"upper_bound":-0.13962025894845564},"point_estimate":-0.15324983614821197,"standard_error":0.007207040072310147}}