{"mean":{"confidence_interval":{"confidence_level":0.95,"lower_bound":-0.5015621819154377,"upper_bound":-0.4819869381648249},"point_estimate":-0.49155661986227994,"standard_error":0.004976438239794702},"median":{"confidence_interval":{"confidence_level":0.95,"lower_bound":-0.486329791691933,"upper_bound":-0.4721212096527252},"point_estimate":-0.4795940351949278,"standard_error":0.0035873836303352644}}