{"mean":{"confidence_interval":{"confidence_level":0.95,"lower_bound":-0.19809595866138904,"upper_bound":-0.1828695883257936},"point_estimate":-0.18993930631178957,"standard_error":0.0038455002893270345},"median":{"confidence_interval":{"confidence_level":0.95,"lower_bound":-0.1810178896943383,"upper_bound":-0.1766481348129595},"point_estimate":-0.17894501391945794,"standard_error":0.0012920079214580702}}