{"mean":{"confidence_interval":{"confidence_level":0.95,"lower_bound":0.024314734237756347,"upper_bound":0.06065308842897514},"point_estimate":0.043440852478847436,"standard_error":0.009284100358200313},"median":{"confidence_interval":{"confidence_level":0.95,"lower_bound":0.054083491051572744,"upper_bound":0.0869990480834899},"point_estimate":0.07162848408086298,"standard_error":0.0080793154432907}}