{"mean":{"confidence_interval":{"confidence_level":0.95,"lower_bound":0.2068275716468756,"upper_bound":0.2594523816613485},"point_estimate":0.23010508728573642,"standard_error":0.013123776591488346},"median":{"confidence_interval":{"confidence_level":0.95,"lower_bound":0.19276644416032362,"upper_bound":0.22565140502076364},"point_estimate":0.20676879558461847,"standard_error":0.008104284514605237}}