{"mean":{"confidence_interval":{"confidence_level":0.95,"lower_bound":-0.38966967219121884,"upper_bound":-0.35138859262485783},"point_estimate":-0.3746197950028043,"standard_error":0.010040246671017107},"median":{"confidence_interval":{"confidence_level":0.95,"lower_bound":-0.38250593458721527,"upper_bound":-0.3692285115583094},"point_estimate":-0.3764637830035875,"standard_error":0.0031615548190386507}}