{"mean":{"confidence_interval":{"confidence_level":0.95,"lower_bound":0.27932987282146654,"upper_bound":0.3001627527666394},"point_estimate":0.2897903559251782,"standard_error":0.005330087068063991},"median":{"confidence_interval":{"confidence_level":0.95,"lower_bound":0.2629513973856221,"upper_bound":0.2780441376562367},"point_estimate":0.267939336122786,"standard_error":0.004488166239569331}}