{"mean":{"confidence_interval":{"confidence_level":0.95,"lower_bound":0.2082125673079869,"upper_bound":0.271735380881456},"point_estimate":0.2366722051375938,"standard_error":0.016379750709162835},"median":{"confidence_interval":{"confidence_level":0.95,"lower_bound":0.18197844850871214,"upper_bound":0.23091453245974813},"point_estimate":0.20400632208961578,"standard_error":0.012763888270760512}}