{"mean":{"confidence_interval":{"confidence_level":0.95,"lower_bound":0.10791339876363337,"upper_bound":0.14864325989655006},"point_estimate":0.12751910019679857,"standard_error":0.010024091419534338},"median":{"confidence_interval":{"confidence_level":0.95,"lower_bound":0.10444604572934346,"upper_bound":0.16223793212338578},"point_estimate":0.1420712399182522,"standard_error":0.01727279895492073}}