{"mean":{"confidence_interval":{"confidence_level":0.95,"lower_bound":-0.18299944792633768,"upper_bound":-0.13887093486548724},"point_estimate":-0.1608503329021711,"standard_error":0.011180959550973776},"median":{"confidence_interval":{"confidence_level":0.95,"lower_bound":-0.16348953130057853,"upper_bound":-0.14556329564836257},"point_estimate":-0.15189167768597822,"standard_error":0.0046263547301927934}}