{"mean":{"confidence_interval":{"confidence_level":0.95,"lower_bound":0.16540823673470695,"upper_bound":0.17731500467223316},"point_estimate":0.17149427780741977,"standard_error":0.003067971224787381},"median":{"confidence_interval":{"confidence_level":0.95,"lower_bound":0.1667057933657352,"upper_bound":0.18361056595043293},"point_estimate":0.17408630336645747,"standard_error":0.004169620981741265}}