{"mean":{"confidence_interval":{"confidence_level":0.95,"lower_bound":0.030105512112181695,"upper_bound":0.04432085147320776},"point_estimate":0.03709368546426384,"standard_error":0.0036244827093454123},"median":{"confidence_interval":{"confidence_level":0.95,"lower_bound":0.02578746162923407,"upper_bound":0.03716172900764625},"point_estimate":0.02930582453236963,"standard_error":0.0033237512088253396}}