{"mean":{"confidence_interval":{"confidence_level":0.95,"lower_bound":-0.31801052783642436,"upper_bound":-0.28533879525288247},"point_estimate":-0.301362543727308,"standard_error":0.008337228503955896},"median":{"confidence_interval":{"confidence_level":0.95,"lower_bound":-0.301197005151923,"upper_bound":-0.26863831494834867},"point_estimate":-0.28676105205287195,"standard_error":0.00826878888229631}}