{"mean":{"confidence_interval":{"confidence_level":0.95,"lower_bound":-0.005113228890935374,"upper_bound":0.05593721252437046},"point_estimate":0.024440133861132862,"standard_error":0.015470216863156841},"median":{"confidence_interval":{"confidence_level":0.95,"lower_bound":0.022352403397054577,"upper_bound":0.05290762171061458},"point_estimate":0.0353981776046608,"standard_error":0.007611913688742262}}