{"mean":{"confidence_interval":{"confidence_level":0.95,"lower_bound":-0.26851181701661525,"upper_bound":-0.19674410802623596},"point_estimate":-0.23409835471442042,"standard_error":0.018332903140555544},"median":{"confidence_interval":{"confidence_level":0.95,"lower_bound":-0.33381326603373734,"upper_bound":-0.03754029990437513},"point_estimate":-0.11635202135247413,"standard_error":0.12891847698095407}}