{"mean":{"confidence_interval":{"confidence_level":0.95,"lower_bound":1.2670402240589207,"upper_bound":1.3489449364070483},"point_estimate":1.3099624544794177,"standard_error":0.020908867988078412},"median":{"confidence_interval":{"confidence_level":0.95,"lower_bound":1.2704408834421028,"upper_bound":1.3673774588454721},"point_estimate":1.3109192884145635,"standard_error":0.02448882542147579}}