{"mean":{"confidence_interval":{"confidence_level":0.95,"lower_bound":0.3696431246173388,"upper_bound":0.4456286227950785},"point_estimate":0.40548499854320386,"standard_error":0.019501529391606473},"median":{"confidence_interval":{"confidence_level":0.95,"lower_bound":0.3562492849356962,"upper_bound":0.3962953653223311},"point_estimate":0.36766267494639426,"standard_error":0.011988214855096753}}