{"mean":{"confidence_interval":{"confidence_level":0.95,"lower_bound":-0.012503351932263485,"upper_bound":0.02109345238908028},"point_estimate":0.00460888572101914,"standard_error":0.008611074901587946},"median":{"confidence_interval":{"confidence_level":0.95,"lower_bound":0.007113984062911527,"upper_bound":0.027427830304729506},"point_estimate":0.019783180410356538,"standard_error":0.005130457553093923}}