{"mean":{"confidence_interval":{"confidence_level":0.95,"lower_bound":-0.007578118539994763,"upper_bound":0.007093725985186344},"point_estimate":-0.00040414757020390546,"standard_error":0.0037020457251693557},"median":{"confidence_interval":{"confidence_level":0.95,"lower_bound":-0.022535657527063546,"upper_bound":-0.0028300818102920955},"point_estimate":-0.0113624866281552,"standard_error":0.00470514197938937}}