{"mean":{"confidence_interval":{"confidence_level":0.95,"lower_bound":-0.15382477875621806,"upper_bound":-0.12183999979373752},"point_estimate":-0.13752037623074465,"standard_error":0.008178244498825777},"median":{"confidence_interval":{"confidence_level":0.95,"lower_bound":-0.1395283898408789,"upper_bound":-0.12199358983511333},"point_estimate":-0.13234778618554444,"standard_error":0.004094435839666307}}