{"mean":{"confidence_interval":{"confidence_level":0.95,"lower_bound":-0.21771563194825505,"upper_bound":-0.1981907426640624},"point_estimate":-0.2078920237386841,"standard_error":0.0049748883070955185},"median":{"confidence_interval":{"confidence_level":0.95,"lower_bound":-0.2212744229931165,"upper_bound":-0.19532449795466458},"point_estimate":-0.20990526898735895,"standard_error":0.006732938367495022}}