{"mean":{"confidence_interval":{"confidence_level":0.95,"lower_bound":-0.2299001867177967,"upper_bound":-0.2053033030720393},"point_estimate":-0.21744959404361341,"standard_error":0.00629017446207787},"median":{"confidence_interval":{"confidence_level":0.95,"lower_bound":-0.21671918663160702,"upper_bound":-0.19041741933861958},"point_estimate":-0.20467882514284552,"standard_error":0.0064964289649593115}}