{"mean":{"confidence_interval":{"confidence_level":0.95,"lower_bound":0.12123419899172228,"upper_bound":0.12724706784368672},"point_estimate":0.12452572644874826,"standard_error":0.001531603721841192},"median":{"confidence_interval":{"confidence_level":0.95,"lower_bound":0.1290764453712705,"upper_bound":0.13243233712645397},"point_estimate":0.13137135986741755,"standard_error":0.0008588272202554279}}