{"mean":{"confidence_interval":{"confidence_level":0.95,"lower_bound":0.27906392261945795,"upper_bound":0.3441001617347638},"point_estimate":0.30918080014551075,"standard_error":0.01629386764911743},"median":{"confidence_interval":{"confidence_level":0.95,"lower_bound":0.2601822779571741,"upper_bound":0.2834716933225197},"point_estimate":0.2682894952826178,"standard_error":0.006183898587362141}}