{"mean":{"confidence_interval":{"confidence_level":0.95,"lower_bound":-0.3755872162670921,"upper_bound":-0.3488746837539308},"point_estimate":-0.3605604772501,"standard_error":0.006887532812509993},"median":{"confidence_interval":{"confidence_level":0.95,"lower_bound":-0.3484527459881931,"upper_bound":-0.33700529313295335},"point_estimate":-0.33979599962416174,"standard_error":0.0030180270632483084}}