{"mean":{"confidence_interval":{"confidence_level":0.95,"lower_bound":-0.07338110508562756,"upper_bound":-0.03260742727809085},"point_estimate":-0.052034064769052035,"standard_error":0.010390497847578638},"median":{"confidence_interval":{"confidence_level":0.95,"lower_bound":-0.06137058114684124,"upper_bound":-0.018048873337577542},"point_estimate":-0.03309234217832446,"standard_error":0.011263399079322604}}