{"mean":{"confidence_interval":{"confidence_level":0.95,"lower_bound":-0.056976689266301506,"upper_bound":-0.0331665534657491},"point_estimate":-0.04474129197618115,"standard_error":0.006108408536260137},"median":{"confidence_interval":{"confidence_level":0.95,"lower_bound":-0.04286627252052411,"upper_bound":-0.029022597198968825},"point_estimate":-0.033840588472790034,"standard_error":0.003463164264253435}}