{"mean":{"confidence_interval":{"confidence_level":0.95,"lower_bound":-0.3634707861713816,"upper_bound":-0.3475422162637211},"point_estimate":-0.35551314502177,"standard_error":0.004047005716511742},"median":{"confidence_interval":{"confidence_level":0.95,"lower_bound":-0.36724690346857725,"upper_bound":-0.346001494381269},"point_estimate":-0.3575276648128387,"standard_error":0.0052361312355411055}}