{"mean":{"confidence_interval":{"confidence_level":0.95,"lower_bound":0.4056850319900009,"upper_bound":0.43290281948847925},"point_estimate":0.4188887358441251,"standard_error":0.0068055945684451806},"median":{"confidence_interval":{"confidence_level":0.95,"lower_bound":0.40162906816003874,"upper_bound":0.4179710611692997},"point_estimate":0.4114520866650828,"standard_error":0.003966933248187315}}