{"mean":{"confidence_interval":{"confidence_level":0.95,"lower_bound":0.1662392942519945,"upper_bound":0.1772797816718316},"point_estimate":0.17175611119194478,"standard_error":0.0028022278497201935},"median":{"confidence_interval":{"confidence_level":0.95,"lower_bound":0.1630619446572854,"upper_bound":0.18338855790221098},"point_estimate":0.17662239370767807,"standard_error":0.00490131845796747}}