{"mean":{"confidence_interval":{"confidence_level":0.95,"lower_bound":-0.03698227638785025,"upper_bound":-0.03239159758392556},"point_estimate":-0.03477089055649707,"standard_error":0.001166343099782739},"median":{"confidence_interval":{"confidence_level":0.95,"lower_bound":-0.042906205527528885,"upper_bound":-0.03145153485018948},"point_estimate":-0.036346151326267284,"standard_error":0.0029429326909524256}}