{"mean":{"confidence_interval":{"confidence_level":0.95,"lower_bound":0.6879628066999781,"upper_bound":0.754956738703301},"point_estimate":0.7178194218289697,"standard_error":0.017452741157963983},"median":{"confidence_interval":{"confidence_level":0.95,"lower_bound":0.6605961066198645,"upper_bound":0.7270874352625973},"point_estimate":0.6883752233825458,"standard_error":0.015125067793580709}}