{"mean":{"confidence_interval":{"confidence_level":0.95,"lower_bound":-0.47319962739167887,"upper_bound":-0.4383724109161567},"point_estimate":-0.4560523987959937,"standard_error":0.008839012577164592},"median":{"confidence_interval":{"confidence_level":0.95,"lower_bound":-0.4689703350067216,"upper_bound":-0.4249089348298165},"point_estimate":-0.4521211896804085,"standard_error":0.010107457991752455}}