{"mean":{"confidence_interval":{"confidence_level":0.95,"lower_bound":1690036.8509749996,"upper_bound":1700759.1928749997},"point_estimate":1695250.8469999998,"standard_error":2739.021219819418},"median":{"confidence_interval":{"confidence_level":0.95,"lower_bound":1688422.7,"upper_bound":1696113.0},"point_estimate":1692897.65,"standard_error":1790.2440491490381},"median_abs_dev":{"confidence_interval":{"confidence_level":0.95,"lower_bound":16256.85697138306,"upper_bound":26057.139317393026},"point_estimate":22231.808995306354,"standard_error":2525.7394176907787},"slope":null,"std_dev":{"confidence_interval":{"confidence_level":0.95,"lower_bound":20899.93766585236,"upper_bound":34658.54438248734},"point_estimate":27647.40876187775,"standard_error":3583.7284618631124}}