{"mean":{"confidence_interval":{"confidence_level":0.95,"lower_bound":2205831.4744062503,"upper_bound":2245779.2225937503},"point_estimate":2225391.6225,"standard_error":10175.532166950788},"median":{"confidence_interval":{"confidence_level":0.95,"lower_bound":2190143.4375,"upper_bound":2223780.875},"point_estimate":2206380.9375,"standard_error":8526.045229203173},"median_abs_dev":{"confidence_interval":{"confidence_level":0.95,"lower_bound":55245.10353170335,"upper_bound":105673.3115623611},"point_estimate":77493.64737421274,"standard_error":13855.382538141423},"slope":null,"std_dev":{"confidence_interval":{"confidence_level":0.95,"lower_bound":85873.16199725297,"upper_bound":117098.45105900565},"point_estimate":102527.12902837236,"standard_error":7936.705263670872}}