{"mean":{"confidence_interval":{"confidence_level":0.95,"lower_bound":1589051.9837500006,"upper_bound":1595959.457611112},"point_estimate":1592351.372222223,"standard_error":1765.845554204273},"median":{"confidence_interval":{"confidence_level":0.95,"lower_bound":1582855.0,"upper_bound":1591733.0},"point_estimate":1587432.7777777778,"standard_error":2003.4782720528406},"median_abs_dev":{"confidence_interval":{"confidence_level":0.95,"lower_bound":8640.427913268388,"upper_bound":16341.299276550879},"point_estimate":12371.720213691413,"standard_error":1867.6947364411972},"slope":null,"std_dev":{"confidence_interval":{"confidence_level":0.95,"lower_bound":13134.17810619807,"upper_bound":22100.665764626083},"point_estimate":17707.920185907817,"standard_error":2311.7381753158124}}