{"mean":{"confidence_interval":{"confidence_level":0.95,"lower_bound":2156455.5128571414,"upper_bound":2193964.0208214275},"point_estimate":2175336.15,"standard_error":9552.125536281195},"median":{"confidence_interval":{"confidence_level":0.95,"lower_bound":2150498.8571428573,"upper_bound":2199567.0},"point_estimate":2169571.714285714,"standard_error":11148.925981983048},"median_abs_dev":{"confidence_interval":{"confidence_level":0.95,"lower_bound":71434.94963177618,"upper_bound":118162.78106469104},"point_estimate":96408.28718841111,"standard_error":12264.430526748269},"slope":null,"std_dev":{"confidence_interval":{"confidence_level":0.95,"lower_bound":82997.91291768244,"upper_bound":107961.06382877956},"point_estimate":96074.11954455553,"standard_error":6399.71124448443}}