{"mean":{"confidence_interval":{"confidence_level":0.95,"lower_bound":2030863.1186875,"upper_bound":2093382.1932499998},"point_estimate":2059478.25125,"standard_error":15987.824822984838},"median":{"confidence_interval":{"confidence_level":0.95,"lower_bound":1988386.75,"upper_bound":2058556.4375},"point_estimate":2026436.9375,"standard_error":15760.288215620829},"median_abs_dev":{"confidence_interval":{"confidence_level":0.95,"lower_bound":77559.25242304802,"upper_bound":139644.05294582248},"point_estimate":100975.25108233094,"standard_error":16075.377750131654},"slope":null,"std_dev":{"confidence_interval":{"confidence_level":0.95,"lower_bound":103927.99401294717,"upper_bound":224271.47635332053},"point_estimate":160631.5222579317,"standard_error":34759.7304624544}}