{"mean":{"confidence_interval":{"confidence_level":0.95,"lower_bound":934306.2150909088,"upper_bound":941833.0054545457},"point_estimate":938017.8345454548,"standard_error":1927.3150630904306},"median":{"confidence_interval":{"confidence_level":0.95,"lower_bound":929748.8181818181,"upper_bound":937623.0465909088},"point_estimate":934476.1818181819,"standard_error":2053.9494177705856},"median_abs_dev":{"confidence_interval":{"confidence_level":0.95,"lower_bound":12070.115949348978,"upper_bound":21754.32419560177},"point_estimate":16814.705428752135,"standard_error":2447.246708149983},"slope":null,"std_dev":{"confidence_interval":{"confidence_level":0.95,"lower_bound":16304.242202869213,"upper_bound":22232.151664588873},"point_estimate":19443.291859099372,"standard_error":1520.5426928808315}}