{"mean":{"confidence_interval":{"confidence_level":0.95,"lower_bound":2102700.602928572,"upper_bound":2167686.8959642854},"point_estimate":2132115.9857142866,"standard_error":16670.48225843487},"median":{"confidence_interval":{"confidence_level":0.95,"lower_bound":2077743.4285714286,"upper_bound":2107032.0},"point_estimate":2090237.4285714286,"standard_error":7402.931252644148},"median_abs_dev":{"confidence_interval":{"confidence_level":0.95,"lower_bound":53707.18404650688,"upper_bound":97818.66336337152},"point_estimate":74105.32398436753,"standard_error":11830.882618276659},"slope":null,"std_dev":{"confidence_interval":{"confidence_level":0.95,"lower_bound":90407.58025011583,"upper_bound":237016.97897995796},"point_estimate":167123.621803205,"standard_error":38264.89001955023}}