{"mean":{"confidence_interval":{"confidence_level":0.95,"lower_bound":1590144.9825833333,"upper_bound":1612863.402194444},"point_estimate":1601375.4177777774,"standard_error":5802.544110728647},"median":{"confidence_interval":{"confidence_level":0.95,"lower_bound":1570484.111111111,"upper_bound":1609318.2222222222},"point_estimate":1585067.7222222222,"standard_error":7014.0439227232855},"median_abs_dev":{"confidence_interval":{"confidence_level":0.95,"lower_bound":46018.57090217374,"upper_bound":77475.23842453945},"point_estimate":65572.84346918261,"standard_error":8380.043306106445},"slope":null,"std_dev":{"confidence_interval":{"confidence_level":0.95,"lower_bound":51687.35544527478,"upper_bound":63325.891610516},"point_estimate":58106.16686985597,"standard_error":2957.760451398618}}