{"mean":{"confidence_interval":{"confidence_level":0.95,"lower_bound":1432.657628754675,"upper_bound":1493.6364646989916},"point_estimate":1465.1026277733804,"standard_error":15.6399247880929},"median":{"confidence_interval":{"confidence_level":0.95,"lower_bound":1471.0793706293707,"upper_bound":1482.607963800905},"point_estimate":1474.6527517626014,"standard_error":2.8920192264689906},"median_abs_dev":{"confidence_interval":{"confidence_level":0.95,"lower_bound":16.346223162993777,"upper_bound":34.800548662492695},"point_estimate":21.827062093625578,"standard_error":4.4800958613947435},"slope":{"confidence_interval":{"confidence_level":0.95,"lower_bound":1474.5663250747632,"upper_bound":1485.0147717497014},"point_estimate":1479.2594111241206,"standard_error":2.6547631085821526},"std_dev":{"confidence_interval":{"confidence_level":0.95,"lower_bound":102.14793945820755,"upper_bound":197.00844000560153},"point_estimate":156.59707286791146,"standard_error":23.733868611891673}}