{"mean":{"confidence_interval":{"confidence_level":0.95,"lower_bound":971.9498306844634,"upper_bound":1016.7387735400653},"point_estimate":993.928977009716,"standard_error":11.406772894842392},"median":{"confidence_interval":{"confidence_level":0.95,"lower_bound":941.918387034536,"upper_bound":987.0715920523139},"point_estimate":967.5076785273042,"standard_error":13.258785824045905},"median_abs_dev":{"confidence_interval":{"confidence_level":0.95,"lower_bound":44.354179190700634,"upper_bound":101.63117702619628},"point_estimate":58.805738627350905,"standard_error":15.368131034168904},"slope":{"confidence_interval":{"confidence_level":0.95,"lower_bound":939.3898423500422,"upper_bound":954.0094710634793},"point_estimate":945.8314967208304,"standard_error":3.7318537728519874},"std_dev":{"confidence_interval":{"confidence_level":0.95,"lower_bound":95.60480715157648,"upper_bound":130.883931480418},"point_estimate":114.64346749077235,"standard_error":9.001574140198366}}