{"mean":{"confidence_interval":{"confidence_level":0.95,"lower_bound":1183.4778710908408,"upper_bound":1260.609758749143},"point_estimate":1223.6977779315018,"standard_error":19.763418151417167},"median":{"confidence_interval":{"confidence_level":0.95,"lower_bound":1249.4135076252724,"upper_bound":1294.0292609351434},"point_estimate":1264.6866596638656,"standard_error":10.979850598967426},"median_abs_dev":{"confidence_interval":{"confidence_level":0.95,"lower_bound":67.07865525180208,"upper_bound":115.71256406892788},"point_estimate":91.80362850864879,"standard_error":12.621357690810985},"slope":{"confidence_interval":{"confidence_level":0.95,"lower_bound":1277.4290436959448,"upper_bound":1303.1032185335293},"point_estimate":1290.306741087805,"standard_error":6.547566606375247},"std_dev":{"confidence_interval":{"confidence_level":0.95,"lower_bound":148.98100530855845,"upper_bound":236.15003077907846},"point_estimate":198.6418397040637,"standard_error":22.039719950416654}}