{"mean":{"confidence_interval":{"confidence_level":0.95,"lower_bound":1628.185467475252,"upper_bound":1751.333264448837},"point_estimate":1692.4787102590924,"standard_error":31.382114636063175},"median":{"confidence_interval":{"confidence_level":0.95,"lower_bound":1738.4798992281303,"upper_bound":1825.5245601173021},"point_estimate":1785.833491847826,"standard_error":28.724677793855793},"median_abs_dev":{"confidence_interval":{"confidence_level":0.95,"lower_bound":130.48053912343025,"upper_bound":236.0034954739162},"point_estimate":178.93686375299077,"standard_error":28.015083894531124},"slope":{"confidence_interval":{"confidence_level":0.95,"lower_bound":1850.4471953313591,"upper_bound":1905.9396185675555},"point_estimate":1878.6250829224714,"standard_error":14.153055226544536},"std_dev":{"confidence_interval":{"confidence_level":0.95,"lower_bound":248.27222286584944,"upper_bound":370.37881497962076},"point_estimate":315.65923566945645,"standard_error":31.12898478213756}}