{"mean":{"confidence_interval":{"confidence_level":0.95,"lower_bound":979.5601468172558,"upper_bound":1027.842385730233},"point_estimate":1005.007219056244,"standard_error":12.328947153283991},"median":{"confidence_interval":{"confidence_level":0.95,"lower_bound":1030.0459610394525,"upper_bound":1052.359649122807},"point_estimate":1041.6693513609048,"standard_error":5.7254599401904605},"median_abs_dev":{"confidence_interval":{"confidence_level":0.95,"lower_bound":41.6684840159958,"upper_bound":71.45803017887425},"point_estimate":58.26120683151049,"standard_error":7.594896697074728},"slope":{"confidence_interval":{"confidence_level":0.95,"lower_bound":1028.2373283406425,"upper_bound":1048.0522874132018},"point_estimate":1038.2064441617079,"standard_error":5.068215265983304},"std_dev":{"confidence_interval":{"confidence_level":0.95,"lower_bound":87.81256162716988,"upper_bound":151.71847170075227},"point_estimate":123.97847914066075,"standard_error":16.22076610657064}}