{"mean":{"confidence_interval":{"confidence_level":0.95,"lower_bound":499.4254626293634,"upper_bound":513.565870580532},"point_estimate":506.3482986412387,"standard_error":3.6087562932150337},"median":{"confidence_interval":{"confidence_level":0.95,"lower_bound":502.18395200822266,"upper_bound":513.5246986090335},"point_estimate":507.14279197505005,"standard_error":2.9278587817143364},"median_abs_dev":{"confidence_interval":{"confidence_level":0.95,"lower_bound":20.60256873915144,"upper_bound":36.3711538802995},"point_estimate":28.812756254618677,"standard_error":3.862961509285401},"slope":{"confidence_interval":{"confidence_level":0.95,"lower_bound":513.0115377738899,"upper_bound":527.086912553625},"point_estimate":519.9779531416241,"standard_error":3.597732117985494},"std_dev":{"confidence_interval":{"confidence_level":0.95,"lower_bound":27.138083978950437,"upper_bound":44.753349028664694},"point_estimate":36.096313685283604,"standard_error":4.529204801799335}}