{"mean":{"confidence_interval":{"confidence_level":0.95,"lower_bound":329.05182502415613,"upper_bound":336.2578052070653},"point_estimate":332.7116930592674,"standard_error":1.8325534430131751},"median":{"confidence_interval":{"confidence_level":0.95,"lower_bound":331.9844902055588,"upper_bound":339.573056621881},"point_estimate":335.1724952729767,"standard_error":1.9211412285680975},"median_abs_dev":{"confidence_interval":{"confidence_level":0.95,"lower_bound":13.471728897320268,"upper_bound":20.419144545470097},"point_estimate":18.298459988427783,"standard_error":1.6629535169187002},"slope":{"confidence_interval":{"confidence_level":0.95,"lower_bound":329.41155442860736,"upper_bound":338.12727549485624},"point_estimate":334.02862493465665,"standard_error":2.2146205559841836},"std_dev":{"confidence_interval":{"confidence_level":0.95,"lower_bound":14.879447492905753,"upper_bound":21.473663232256516},"point_estimate":18.411912576067593,"standard_error":1.675181223451178}}