{"mean":{"confidence_interval":{"confidence_level":0.95,"lower_bound":4084.324456914178,"upper_bound":4221.986553701257},"point_estimate":4151.208336897889,"standard_error":34.94261243001668},"median":{"confidence_interval":{"confidence_level":0.95,"lower_bound":4007.0818681318683,"upper_bound":4140.32806372549},"point_estimate":4072.050979623825,"standard_error":31.214201571457206},"median_abs_dev":{"confidence_interval":{"confidence_level":0.95,"lower_bound":204.33584385642624,"upper_bound":386.5421246444229},"point_estimate":262.4759254267122,"standard_error":48.96970143526228},"slope":{"confidence_interval":{"confidence_level":0.95,"lower_bound":4125.491253485955,"upper_bound":4268.175031655646},"point_estimate":4192.951515590365,"standard_error":36.51088965124149},"std_dev":{"confidence_interval":{"confidence_level":0.95,"lower_bound":299.0171350005283,"upper_bound":397.5316548495473},"point_estimate":352.20401195147736,"standard_error":25.123180654336394}}