{"mean":{"confidence_interval":{"confidence_level":0.95,"lower_bound":5209.178929452349,"upper_bound":5834.0728643003395},"point_estimate":5519.803789798374,"standard_error":159.9343163913896},"median":{"confidence_interval":{"confidence_level":0.95,"lower_bound":4791.863636363636,"upper_bound":5732.9790108881025},"point_estimate":5024.595311261508,"standard_error":223.2070646382415},"median_abs_dev":{"confidence_interval":{"confidence_level":0.95,"lower_bound":1552.4821651498617,"upper_bound":2343.115963493351},"point_estimate":1953.6644851318927,"standard_error":190.86838166504245},"slope":{"confidence_interval":{"confidence_level":0.95,"lower_bound":4864.258913504534,"upper_bound":5346.5559173835145},"point_estimate":5112.465033339155,"standard_error":123.15654502857271},"std_dev":{"confidence_interval":{"confidence_level":0.95,"lower_bound":1464.5675997370024,"upper_bound":1728.1355164218533},"point_estimate":1611.276339130937,"standard_error":67.21114477880077}}