{"mean":{"confidence_interval":{"confidence_level":0.95,"lower_bound":4494.571175096394,"upper_bound":4702.327786032833},"point_estimate":4594.774602618045,"standard_error":52.903610150315764},"median":{"confidence_interval":{"confidence_level":0.95,"lower_bound":4357.796296296296,"upper_bound":4580.322781385281},"point_estimate":4455.416983259606,"standard_error":54.78911883263893},"median_abs_dev":{"confidence_interval":{"confidence_level":0.95,"lower_bound":347.35016169739157,"upper_bound":610.0218876103526},"point_estimate":489.1700229986341,"standard_error":70.77976884138837},"slope":{"confidence_interval":{"confidence_level":0.95,"lower_bound":4349.70084785722,"upper_bound":4707.162719926657},"point_estimate":4520.839111373824,"standard_error":91.63448340315718},"std_dev":{"confidence_interval":{"confidence_level":0.95,"lower_bound":434.2275446016049,"upper_bound":615.7100602041394},"point_estimate":530.6041602175023,"standard_error":46.35225178392054}}