{"mean":{"confidence_interval":{"confidence_level":0.95,"lower_bound":5002.095683292225,"upper_bound":5316.409509638254},"point_estimate":5156.358235277841,"standard_error":80.18261596702295},"median":{"confidence_interval":{"confidence_level":0.95,"lower_bound":4792.772285714285,"upper_bound":5268.044242424243},"point_estimate":4943.94013897161,"standard_error":124.65745281370587},"median_abs_dev":{"confidence_interval":{"confidence_level":0.95,"lower_bound":541.235780616708,"upper_bound":985.8093177682995},"point_estimate":801.3319010675385,"standard_error":112.67117380173403},"slope":{"confidence_interval":{"confidence_level":0.95,"lower_bound":5217.278538992567,"upper_bound":5588.221256434638},"point_estimate":5412.498044864785,"standard_error":94.26071598013311},"std_dev":{"confidence_interval":{"confidence_level":0.95,"lower_bound":654.3625522443788,"upper_bound":986.7046248049198},"point_estimate":807.0467276904237,"standard_error":88.78130058122314}}