{"mean":{"confidence_interval":{"confidence_level":0.95,"lower_bound":3961.5068403854793,"upper_bound":4099.351986582431},"point_estimate":4027.5103383300548,"standard_error":35.01919594639199},"median":{"confidence_interval":{"confidence_level":0.95,"lower_bound":3941.680375180375,"upper_bound":4033.9175850340134},"point_estimate":3974.8048056027965,"standard_error":23.238443518029882},"median_abs_dev":{"confidence_interval":{"confidence_level":0.95,"lower_bound":172.3102390661862,"upper_bound":313.1964810558127},"point_estimate":253.02109221776072,"standard_error":38.36305726276322},"slope":{"confidence_interval":{"confidence_level":0.95,"lower_bound":3840.8963056605407,"upper_bound":4177.374383200404},"point_estimate":3998.973701225133,"standard_error":86.53161760277658},"std_dev":{"confidence_interval":{"confidence_level":0.95,"lower_bound":255.7331700869165,"upper_bound":434.90965649454563},"point_estimate":352.05153947126,"standard_error":45.89944096878173}}