{"mean":{"confidence_interval":{"confidence_level":0.95,"lower_bound":733.6652146339273,"upper_bound":739.2260522287479},"point_estimate":736.4672260360489,"standard_error":1.4204803815001255},"median":{"confidence_interval":{"confidence_level":0.95,"lower_bound":734.0062421972534,"upper_bound":743.8671598439812},"point_estimate":740.0034994457268,"standard_error":2.346135289499618},"median_abs_dev":{"confidence_interval":{"confidence_level":0.95,"lower_bound":11.5457792704665,"upper_bound":19.76416004152849},"point_estimate":15.063507126934695,"standard_error":2.0991211573576503},"slope":{"confidence_interval":{"confidence_level":0.95,"lower_bound":743.0479555717234,"upper_bound":746.9865460921613},"point_estimate":745.2272873257475,"standard_error":1.0043403085563312},"std_dev":{"confidence_interval":{"confidence_level":0.95,"lower_bound":12.688667155848497,"upper_bound":15.500453512565043},"point_estimate":14.236216675996737,"standard_error":0.7150434524243351}}