{"mean":{"confidence_interval":{"confidence_level":0.95,"lower_bound":25568.812982193056,"upper_bound":26516.641091398673},"point_estimate":25992.086291228876,"standard_error":243.29087314047092},"median":{"confidence_interval":{"confidence_level":0.95,"lower_bound":25200.579523809523,"upper_bound":25684.908441558444},"point_estimate":25421.78783758614,"standard_error":132.55808302222889},"median_abs_dev":{"confidence_interval":{"confidence_level":0.95,"lower_bound":664.54936182614,"upper_bound":1137.9400476520689},"point_estimate":824.8611746057867,"standard_error":124.62551921252569},"slope":{"confidence_interval":{"confidence_level":0.95,"lower_bound":25466.913510164362,"upper_bound":26945.72597408343},"point_estimate":26065.047281217674,"standard_error":388.0304303028012},"std_dev":{"confidence_interval":{"confidence_level":0.95,"lower_bound":1138.0591864905548,"upper_bound":3535.7605546799073},"point_estimate":2449.8556957484234,"standard_error":622.5612885496942}}