{"mean":{"confidence_interval":{"confidence_level":0.95,"lower_bound":12389.950810161774,"upper_bound":12608.300430434922},"point_estimate":12498.32927204297,"standard_error":55.828713844347185},"median":{"confidence_interval":{"confidence_level":0.95,"lower_bound":12223.20625,"upper_bound":12654.019359756097},"point_estimate":12596.795052083333,"standard_error":81.38666322998048},"median_abs_dev":{"confidence_interval":{"confidence_level":0.95,"lower_bound":598.8888480390025,"upper_bound":847.3267706402685},"point_estimate":758.8451635261608,"standard_error":68.031474782483},"slope":{"confidence_interval":{"confidence_level":0.95,"lower_bound":11956.541578689332,"upper_bound":12119.639435346566},"point_estimate":12029.957641126053,"standard_error":41.62532919037695},"std_dev":{"confidence_interval":{"confidence_level":0.95,"lower_bound":492.45106895231663,"upper_bound":628.9341142171138},"point_estimate":559.1716252297366,"standard_error":35.07628555463997}}