{"mean":{"confidence_interval":{"confidence_level":0.95,"lower_bound":10093.864113579579,"upper_bound":11023.896118440663},"point_estimate":10414.96339726916,"standard_error":293.011522274787},"median":{"confidence_interval":{"confidence_level":0.95,"lower_bound":10033.81791044776,"upper_bound":10116.325},"point_estimate":10084.251475155279,"standard_error":18.998574562304995},"median_abs_dev":{"confidence_interval":{"confidence_level":0.95,"lower_bound":147.8811368976363,"upper_bound":293.48136726005475},"point_estimate":208.58699029684007,"standard_error":37.826733272025336},"slope":{"confidence_interval":{"confidence_level":0.95,"lower_bound":9946.791570512016,"upper_bound":9995.798881768675},"point_estimate":9968.960867740505,"standard_error":12.450558389518113},"std_dev":{"confidence_interval":{"confidence_level":0.95,"lower_bound":176.15209735122454,"upper_bound":5017.0356072709965},"point_estimate":2928.0493215902943,"standard_error":1755.8273465193738}}