{"mean":{"confidence_interval":{"confidence_level":0.95,"lower_bound":26183.58462290288,"upper_bound":27121.295813659533},"point_estimate":26643.313531718846,"standard_error":239.9452646496659},"median":{"confidence_interval":{"confidence_level":0.95,"lower_bound":25636.532097358577,"upper_bound":26829.666666666668},"point_estimate":26122.07719216418,"standard_error":273.4618405909723},"median_abs_dev":{"confidence_interval":{"confidence_level":0.95,"lower_bound":1547.8511467703436,"upper_bound":2778.7181060457992},"point_estimate":2024.9798845299413,"standard_error":332.3179927853615},"slope":{"confidence_interval":{"confidence_level":0.95,"lower_bound":25192.6491167661,"upper_bound":26599.236509033643},"point_estimate":25810.461022979165,"standard_error":363.55968429092576},"std_dev":{"confidence_interval":{"confidence_level":0.95,"lower_bound":1988.8956469713448,"upper_bound":2783.8450980228513},"point_estimate":2399.0675696767566,"standard_error":202.77214954251704}}