{"mean":{"confidence_interval":{"confidence_level":0.95,"lower_bound":0.35302550736235094,"upper_bound":0.4538137142684096},"point_estimate":0.3947662731183006,"standard_error":0.025132341303564818},"median":{"confidence_interval":{"confidence_level":0.95,"lower_bound":0.29130008946387,"upper_bound":0.40978195252514277},"point_estimate":0.3399437901497948,"standard_error":0.032311437434880845}}