{"mean":{"confidence_interval":{"confidence_level":0.95,"lower_bound":0.34970970028093157,"upper_bound":0.42251393887645644},"point_estimate":0.38483046799507203,"standard_error":0.018613289000536045},"median":{"confidence_interval":{"confidence_level":0.95,"lower_bound":0.3499719287632481,"upper_bound":0.3771533495703021},"point_estimate":0.36104878800751905,"standard_error":0.006313821804133481}}