{"mean":{"confidence_interval":{"confidence_level":0.95,"lower_bound":-0.031838585872205116,"upper_bound":0.049698398965008904},"point_estimate":0.009719385240953171,"standard_error":0.020905790223125262},"median":{"confidence_interval":{"confidence_level":0.95,"lower_bound":0.02019622374413066,"upper_bound":0.07869924530473192},"point_estimate":0.05208048543359811,"standard_error":0.015102590439400628}}