{"mean":{"confidence_interval":{"confidence_level":0.95,"lower_bound":0.03915538718015932,"upper_bound":0.07450808662843342},"point_estimate":0.05645675167399111,"standard_error":0.009036934996462456},"median":{"confidence_interval":{"confidence_level":0.95,"lower_bound":0.09873547370899287,"upper_bound":0.13220316927668496},"point_estimate":0.12614926607099464,"standard_error":0.01056419719194259}}