{"mean":{"confidence_interval":{"confidence_level":0.95,"lower_bound":0.4926561172276048,"upper_bound":0.6070699944852525},"point_estimate":0.5485735500703453,"standard_error":0.02948326697199358},"median":{"confidence_interval":{"confidence_level":0.95,"lower_bound":0.482758490349005,"upper_bound":0.5267523317230347},"point_estimate":0.5014914219289135,"standard_error":0.011138141878125693}}