{"mean":{"confidence_interval":{"confidence_level":0.95,"lower_bound":-0.036165616162532464,"upper_bound":0.0457878245685085},"point_estimate":0.004973038753027792,"standard_error":0.020894427087764008},"median":{"confidence_interval":{"confidence_level":0.95,"lower_bound":0.08081008968852954,"upper_bound":0.14490683188560016},"point_estimate":0.11272099577788097,"standard_error":0.016748469360096194}}