{"mean":{"confidence_interval":{"confidence_level":0.95,"lower_bound":0.17580314051521986,"upper_bound":0.2157766859537562},"point_estimate":0.1952399145312853,"standard_error":0.010221156912415975},"median":{"confidence_interval":{"confidence_level":0.95,"lower_bound":0.10470633120200112,"upper_bound":0.15914290243632467},"point_estimate":0.1093872620593539,"standard_error":0.01816292578048988}}