{"mean":{"confidence_interval":{"confidence_level":0.95,"lower_bound":-0.24604863073749672,"upper_bound":-0.18216745899676368},"point_estimate":-0.21199580775539162,"standard_error":0.016329997066587807},"median":{"confidence_interval":{"confidence_level":0.95,"lower_bound":-0.2047197335415908,"upper_bound":-0.16684899281475385},"point_estimate":-0.1838440145708059,"standard_error":0.009414375594253758}}