{"mean":{"confidence_interval":{"confidence_level":0.95,"lower_bound":0.221845370918065,"upper_bound":0.27584154198154753},"point_estimate":0.24872300143647208,"standard_error":0.013620674687905503},"median":{"confidence_interval":{"confidence_level":0.95,"lower_bound":0.19419037793058025,"upper_bound":0.29286100815424154},"point_estimate":0.23583669048342615,"standard_error":0.027634777278905627}}