{"mean":{"confidence_interval":{"confidence_level":0.95,"lower_bound":0.06068684961837253,"upper_bound":0.11310776518295501},"point_estimate":0.0870427445064832,"standard_error":0.013255454443312019},"median":{"confidence_interval":{"confidence_level":0.95,"lower_bound":0.08715606724039868,"upper_bound":0.11686309546021079},"point_estimate":0.10218592306979968,"standard_error":0.007797147936455805}}