{"mean":{"confidence_interval":{"confidence_level":0.95,"lower_bound":0.04855595740461349,"upper_bound":0.11626440978243875},"point_estimate":0.08183527505246202,"standard_error":0.017213255831046662},"median":{"confidence_interval":{"confidence_level":0.95,"lower_bound":0.0885504215437856,"upper_bound":0.13890887641085703},"point_estimate":0.10914420558501092,"standard_error":0.01392410065815801}}