{"mean":{"confidence_interval":{"confidence_level":0.95,"lower_bound":-0.10859654573102306,"upper_bound":-0.07001448235636976},"point_estimate":-0.08967893289035311,"standard_error":0.009812764190607736},"median":{"confidence_interval":{"confidence_level":0.95,"lower_bound":-0.11743516203118265,"upper_bound":-0.04117380444701113},"point_estimate":-0.08423426503352927,"standard_error":0.02112837457629028}}