{"mean":{"confidence_interval":{"confidence_level":0.95,"lower_bound":0.27620519919803993,"upper_bound":0.3205079001593874},"point_estimate":0.29835178940866514,"standard_error":0.011173656618611345},"median":{"confidence_interval":{"confidence_level":0.95,"lower_bound":0.28078036212037877,"upper_bound":0.38874208882243555},"point_estimate":0.34609391188711425,"standard_error":0.034567886022155436}}