{"mean":{"confidence_interval":{"confidence_level":0.95,"lower_bound":0.04423265600744921,"upper_bound":0.09486847545723641},"point_estimate":0.06946668870126271,"standard_error":0.013227580595579033},"median":{"confidence_interval":{"confidence_level":0.95,"lower_bound":0.05674560010044516,"upper_bound":0.07230111853266741},"point_estimate":0.062285465175575316,"standard_error":0.00393904701777599}}