{"mean":{"confidence_interval":{"confidence_level":0.95,"lower_bound":-0.07131983208077515,"upper_bound":-0.01972001414069365},"point_estimate":-0.04674257523918657,"standard_error":0.013191485127974172},"median":{"confidence_interval":{"confidence_level":0.95,"lower_bound":-0.057355526402160906,"upper_bound":-0.021835205387967793},"point_estimate":-0.03938309546747054,"standard_error":0.008837160898443962}}