{"mean":{"confidence_interval":{"confidence_level":0.95,"lower_bound":0.15311886896612448,"upper_bound":0.22900878020631907},"point_estimate":0.1853078858394117,"standard_error":0.01943569140046411},"median":{"confidence_interval":{"confidence_level":0.95,"lower_bound":0.0885966854288398,"upper_bound":0.1957557153344962},"point_estimate":0.14651129479715364,"standard_error":0.03108865839490037}}