{"mean":{"confidence_interval":{"confidence_level":0.95,"lower_bound":-0.32129443999173957,"upper_bound":-0.26408113047835297},"point_estimate":-0.29156143627796216,"standard_error":0.014646461284277434},"median":{"confidence_interval":{"confidence_level":0.95,"lower_bound":-0.28803779424669895,"upper_bound":-0.253371248019437},"point_estimate":-0.2701972529098159,"standard_error":0.008938623714703324}}