{"mean":{"confidence_interval":{"confidence_level":0.95,"lower_bound":-0.2247300527133057,"upper_bound":-0.18741066026936204},"point_estimate":-0.2052668013754264,"standard_error":0.009654382872010306},"median":{"confidence_interval":{"confidence_level":0.95,"lower_bound":-0.1788325190953659,"upper_bound":-0.14967806651839655},"point_estimate":-0.16024001411661093,"standard_error":0.00742609482383742}}