{"mean":{"confidence_interval":{"confidence_level":0.95,"lower_bound":0.3598698351423171,"upper_bound":0.42648722408478107},"point_estimate":0.3905583634640162,"standard_error":0.016590741016957275},"median":{"confidence_interval":{"confidence_level":0.95,"lower_bound":0.36516208326472044,"upper_bound":0.40381353568431355},"point_estimate":0.38047580892637467,"standard_error":0.009595118231295325}}