{"mean":{"confidence_interval":{"confidence_level":0.95,"lower_bound":0.16731718807838739,"upper_bound":0.24645063590495325},"point_estimate":0.20733996257641474,"standard_error":0.020062119307951456},"median":{"confidence_interval":{"confidence_level":0.95,"lower_bound":0.203773279898232,"upper_bound":0.251581828377051},"point_estimate":0.2356327516869603,"standard_error":0.011504716118501715}}