{"mean":{"confidence_interval":{"confidence_level":0.95,"lower_bound":-0.2746520516868618,"upper_bound":-0.24068416944686352},"point_estimate":-0.25780157257250325,"standard_error":0.008677639397726497},"median":{"confidence_interval":{"confidence_level":0.95,"lower_bound":-0.24426483536823884,"upper_bound":-0.21894562844055154},"point_estimate":-0.22933128289499094,"standard_error":0.006560503235777342}}