{"mean":{"confidence_interval":{"confidence_level":0.95,"lower_bound":0.08304499113844474,"upper_bound":0.12741636734798467},"point_estimate":0.10435975262789277,"standard_error":0.011330868928426727},"median":{"confidence_interval":{"confidence_level":0.95,"lower_bound":0.1001586732360602,"upper_bound":0.11251164066244956},"point_estimate":0.10714611901165338,"standard_error":0.0031769258748740046}}