{"mean":{"confidence_interval":{"confidence_level":0.95,"lower_bound":-0.09236394391435776,"upper_bound":-0.03837685012759599},"point_estimate":-0.0646127543317968,"standard_error":0.013714747812786306},"median":{"confidence_interval":{"confidence_level":0.95,"lower_bound":-0.061356048069806546,"upper_bound":-0.02336081423106562},"point_estimate":-0.042926701406262646,"standard_error":0.009827833044794005}}