{"mean":{"confidence_interval":{"confidence_level":0.95,"lower_bound":-0.2604171322708745,"upper_bound":-0.21360745254305077},"point_estimate":-0.23780095517829913,"standard_error":0.011849623517766245},"median":{"confidence_interval":{"confidence_level":0.95,"lower_bound":-0.2572507626432877,"upper_bound":-0.2086478693141416},"point_estimate":-0.23871512178135745,"standard_error":0.012603136293922023}}