{"mean":{"confidence_interval":{"confidence_level":0.95,"lower_bound":-0.34786096382288356,"upper_bound":-0.3081803839663109},"point_estimate":-0.3283007878984139,"standard_error":0.010169723841391162},"median":{"confidence_interval":{"confidence_level":0.95,"lower_bound":-0.33377337953382225,"upper_bound":-0.30309065512954936},"point_estimate":-0.3170148224638758,"standard_error":0.0075840692518376095}}