{"mean":{"confidence_interval":{"confidence_level":0.95,"lower_bound":0.11398487971601456,"upper_bound":0.14851754969846453},"point_estimate":0.13178724702061784,"standard_error":0.00884709061148692},"median":{"confidence_interval":{"confidence_level":0.95,"lower_bound":0.11325655220049335,"upper_bound":0.20340304706908752},"point_estimate":0.16709098478665463,"standard_error":0.02987855233534059}}