{"mean":{"confidence_interval":{"confidence_level":0.95,"lower_bound":0.021608073071657154,"upper_bound":0.06281290435111897},"point_estimate":0.041498017964905154,"standard_error":0.010508362363556933},"median":{"confidence_interval":{"confidence_level":0.95,"lower_bound":-0.00115081378833215,"upper_bound":0.08066147646977102},"point_estimate":0.03375267685319483,"standard_error":0.02303841299088182}}