{"mean":{"confidence_interval":{"confidence_level":0.95,"lower_bound":0.4059438050604563,"upper_bound":0.46001841996895965},"point_estimate":0.43257092113363793,"standard_error":0.013985257224379892},"median":{"confidence_interval":{"confidence_level":0.95,"lower_bound":0.3832031217705929,"upper_bound":0.5345846997775576},"point_estimate":0.4799032510222554,"standard_error":0.04225602368747844}}