{"mean":{"confidence_interval":{"confidence_level":0.95,"lower_bound":0.0630152960052921,"upper_bound":0.12210872802679638},"point_estimate":0.09250922334038059,"standard_error":0.01496945241040453},"median":{"confidence_interval":{"confidence_level":0.95,"lower_bound":0.06995165805367999,"upper_bound":0.0928581847254144},"point_estimate":0.08047814242170537,"standard_error":0.005344001253723517}}