{"mean":{"confidence_interval":{"confidence_level":0.95,"lower_bound":0.36671337138872906,"upper_bound":0.44147282070791816},"point_estimate":0.4025786266859075,"standard_error":0.01900968308412724},"median":{"confidence_interval":{"confidence_level":0.95,"lower_bound":0.3604906285547407,"upper_bound":0.3936794180151306},"point_estimate":0.37613807102574914,"standard_error":0.008128091488983047}}