{"mean":{"confidence_interval":{"confidence_level":0.95,"lower_bound":0.01489872951124993,"upper_bound":0.0599840571500738},"point_estimate":0.03746008032343928,"standard_error":0.011541251658000854},"median":{"confidence_interval":{"confidence_level":0.95,"lower_bound":-0.0009733363095437708,"upper_bound":0.08123633776943007},"point_estimate":0.03355532576163767,"standard_error":0.023189334943051275}}