{"mean":{"confidence_interval":{"confidence_level":0.95,"lower_bound":0.520023567103687,"upper_bound":0.6073938727982948},"point_estimate":0.560456964831691,"standard_error":0.022290233400933827},"median":{"confidence_interval":{"confidence_level":0.95,"lower_bound":0.4613063190211806,"upper_bound":0.5577267331378977},"point_estimate":0.5132415362734364,"standard_error":0.02886931955716718}}