{"mean":{"confidence_interval":{"confidence_level":0.95,"lower_bound":0.6212070125171677,"upper_bound":0.7169581604178559},"point_estimate":0.6681328692230781,"standard_error":0.024438796135584494},"median":{"confidence_interval":{"confidence_level":0.95,"lower_bound":0.6348004161651273,"upper_bound":0.6694539172483402},"point_estimate":0.6509492810376847,"standard_error":0.007986134216452325}}