{"mean":{"confidence_interval":{"confidence_level":0.95,"lower_bound":-0.26709689962908045,"upper_bound":-0.2142629504559731},"point_estimate":-0.2417900002089559,"standard_error":0.013391355696478657},"median":{"confidence_interval":{"confidence_level":0.95,"lower_bound":-0.26464277492755894,"upper_bound":-0.2219720312678608},"point_estimate":-0.24008351905822867,"standard_error":0.009660198370905272}}