{"mean":{"confidence_interval":{"confidence_level":0.95,"lower_bound":-0.21321633186110767,"upper_bound":-0.16692127316356808},"point_estimate":-0.19005720258061543,"standard_error":0.011791475955332855},"median":{"confidence_interval":{"confidence_level":0.95,"lower_bound":-0.19378319376433661,"upper_bound":-0.15878039208613304},"point_estimate":-0.1771860201359392,"standard_error":0.008685705911426847}}