{"mean":{"confidence_interval":{"confidence_level":0.95,"lower_bound":-0.1629293351239357,"upper_bound":-0.12074490558868742},"point_estimate":-0.14278483071011872,"standard_error":0.010723897057682915},"median":{"confidence_interval":{"confidence_level":0.95,"lower_bound":-0.1724452608202538,"upper_bound":-0.13944725331119256},"point_estimate":-0.1614733812400979,"standard_error":0.009449696863055539}}