{"mean":{"confidence_interval":{"confidence_level":0.95,"lower_bound":-0.10788729470610459,"upper_bound":-0.030033630531780098},"point_estimate":-0.06646547007696624,"standard_error":0.01991709358306354},"median":{"confidence_interval":{"confidence_level":0.95,"lower_bound":-0.0810402578716739,"upper_bound":-0.032758904277669365},"point_estimate":-0.0582923653355657,"standard_error":0.0125429266431951}}