{"mean":{"confidence_interval":{"confidence_level":0.95,"lower_bound":0.0428187416431619,"upper_bound":0.07975762439489303},"point_estimate":0.05988691417287617,"standard_error":0.00946254180703349},"median":{"confidence_interval":{"confidence_level":0.95,"lower_bound":0.1090925201523536,"upper_bound":0.1407276810153537},"point_estimate":0.1345797175749095,"standard_error":0.01021964497668024}}