{"mean":{"confidence_interval":{"confidence_level":0.95,"lower_bound":-0.26280004488506964,"upper_bound":-0.23371727085879188},"point_estimate":-0.24849802747502547,"standard_error":0.007427260004253913},"median":{"confidence_interval":{"confidence_level":0.95,"lower_bound":-0.23579329063125218,"upper_bound":-0.22879315190091404},"point_estimate":-0.2320937519217623,"standard_error":0.0018799850360799362}}