{"mean":{"confidence_interval":{"confidence_level":0.95,"lower_bound":-0.2105783344738833,"upper_bound":-0.17207069019297772},"point_estimate":-0.19060125386114946,"standard_error":0.009812677838428775},"median":{"confidence_interval":{"confidence_level":0.95,"lower_bound":-0.20733232428704818,"upper_bound":-0.14325928064702614},"point_estimate":-0.17947559797105195,"standard_error":0.01778131910601302}}