{"mean":{"confidence_interval":{"confidence_level":0.95,"lower_bound":0.3824819005149381,"upper_bound":0.43389002206696586},"point_estimate":0.40770464080224333,"standard_error":0.01306786979909214},"median":{"confidence_interval":{"confidence_level":0.95,"lower_bound":0.3558522510671207,"upper_bound":0.47012588445781267},"point_estimate":0.422641128850604,"standard_error":0.03647748993536023}}