{"mean":{"confidence_interval":{"confidence_level":0.95,"lower_bound":-0.3639170970912164,"upper_bound":-0.3149908747983583},"point_estimate":-0.3397980245423109,"standard_error":0.012453541962264456},"median":{"confidence_interval":{"confidence_level":0.95,"lower_bound":-0.341943096643211,"upper_bound":-0.30603986014800566},"point_estimate":-0.3273115124548396,"standard_error":0.00881522676636965}}