{"mean":{"confidence_interval":{"confidence_level":0.95,"lower_bound":0.04692192267508255,"upper_bound":0.08739816667893972},"point_estimate":0.06732885944284472,"standard_error":0.010373973973178924},"median":{"confidence_interval":{"confidence_level":0.95,"lower_bound":0.0586166961916319,"upper_bound":0.17795099318823682},"point_estimate":0.12431416653758309,"standard_error":0.03327154276840802}}