{"mean":{"confidence_interval":{"confidence_level":0.95,"lower_bound":-0.10629828342050937,"upper_bound":-0.06701541454013231},"point_estimate":-0.08715524434281063,"standard_error":0.009979103577439127},"median":{"confidence_interval":{"confidence_level":0.95,"lower_bound":-0.1309274363729552,"upper_bound":-0.05717984689440825},"point_estimate":-0.10001628913550764,"standard_error":0.02033056195687343}}