{"mean":{"confidence_interval":{"confidence_level":0.95,"lower_bound":0.18761927837701212,"upper_bound":0.23866390845095595},"point_estimate":0.2125456777174919,"standard_error":0.012960176383892462},"median":{"confidence_interval":{"confidence_level":0.95,"lower_bound":0.16231864622698966,"upper_bound":0.2591956687449384},"point_estimate":0.2028249145580625,"standard_error":0.027255959445079404}}