{"mean":{"confidence_interval":{"confidence_level":0.95,"lower_bound":-0.09136025113084906,"upper_bound":-0.046022795636862346},"point_estimate":-0.06877184699384975,"standard_error":0.011562895385389488},"median":{"confidence_interval":{"confidence_level":0.95,"lower_bound":-0.1019662813051615,"upper_bound":-0.059250337891144644},"point_estimate":-0.07763068539442008,"standard_error":0.009794730595647153}}