{"mean":{"confidence_interval":{"confidence_level":0.95,"lower_bound":-0.013683336988347197,"upper_bound":0.06729729955226238},"point_estimate":0.024282934559104907,"standard_error":0.020380478390716883},"median":{"confidence_interval":{"confidence_level":0.95,"lower_bound":-0.015245358761984074,"upper_bound":0.042248806575140296},"point_estimate":0.014236580755662587,"standard_error":0.014348786375401794}}