{"mean":{"confidence_interval":{"confidence_level":0.95,"lower_bound":0.2714475642398928,"upper_bound":0.32441583424040915},"point_estimate":0.2961190706601027,"standard_error":0.013597365095187958},"median":{"confidence_interval":{"confidence_level":0.95,"lower_bound":0.2690641946862391,"upper_bound":0.29318273120570515},"point_estimate":0.2821223424788144,"standard_error":0.006068739909702188}}