{"mean":{"confidence_interval":{"confidence_level":0.95,"lower_bound":0.08244860945607825,"upper_bound":0.139602513817781},"point_estimate":0.10977639386316351,"standard_error":0.01465076004200465},"median":{"confidence_interval":{"confidence_level":0.95,"lower_bound":0.08064537074446215,"upper_bound":0.10804349510214495},"point_estimate":0.09423851865137611,"standard_error":0.007045279544061207}}