{"mean":{"confidence_interval":{"confidence_level":0.95,"lower_bound":-0.22677159638199648,"upper_bound":-0.16104312096519724},"point_estimate":-0.19205424447845998,"standard_error":0.01674586484587814},"median":{"confidence_interval":{"confidence_level":0.95,"lower_bound":-0.20106703005401294,"upper_bound":-0.16126718291880604},"point_estimate":-0.18114994450220878,"standard_error":0.009815434594000997}}