{"mean":{"confidence_interval":{"confidence_level":0.95,"lower_bound":0.038387337183634296,"upper_bound":0.10878090966431421},"point_estimate":0.0733965410153774,"standard_error":0.017968842226900237},"median":{"confidence_interval":{"confidence_level":0.95,"lower_bound":0.06196871008206428,"upper_bound":0.1072566791347758},"point_estimate":0.08801314267621363,"standard_error":0.01140717227251761}}