{"mean":{"confidence_interval":{"confidence_level":0.95,"lower_bound":-0.08585066182976868,"upper_bound":-0.019874430808637114},"point_estimate":-0.051889785757996965,"standard_error":0.01675439922791056},"median":{"confidence_interval":{"confidence_level":0.95,"lower_bound":-0.06551289852761118,"upper_bound":-0.032389448349224526},"point_estimate":-0.054140209897440505,"standard_error":0.007708606444215193}}