{"mean":{"confidence_interval":{"confidence_level":0.95,"lower_bound":0.12393511001893225,"upper_bound":0.1534738712459498},"point_estimate":0.1387710640778359,"standard_error":0.007727107646695937},"median":{"confidence_interval":{"confidence_level":0.95,"lower_bound":0.1641721312089408,"upper_bound":0.17116499991021894},"point_estimate":0.16927554626682806,"standard_error":0.0018429899815912095}}