{"mean":{"confidence_interval":{"confidence_level":0.95,"lower_bound":0.0356926604700758,"upper_bound":0.08937301662636817},"point_estimate":0.06242708782636064,"standard_error":0.013667426850699545},"median":{"confidence_interval":{"confidence_level":0.95,"lower_bound":0.030210302479075635,"upper_bound":0.06289361450960149},"point_estimate":0.0368158769325444,"standard_error":0.010346951132732568}}