{"mean":{"confidence_interval":{"confidence_level":0.95,"lower_bound":0.25581320206648217,"upper_bound":0.3568245128141154},"point_estimate":0.3019061796014566,"standard_error":0.02519941126806033},"median":{"confidence_interval":{"confidence_level":0.95,"lower_bound":0.211541545568261,"upper_bound":0.3595611823989872},"point_estimate":0.26706742737929723,"standard_error":0.03849880370442079}}