{"mean":{"confidence_interval":{"confidence_level":0.95,"lower_bound":-0.018386854334750402,"upper_bound":0.016855310967212867},"point_estimate":-0.0014902403355779859,"standard_error":0.008966857083577624},"median":{"confidence_interval":{"confidence_level":0.95,"lower_bound":-0.01200390919496197,"upper_bound":-0.0048244780570088075},"point_estimate":-0.008409826503966156,"standard_error":0.0018519999588553545}}