{"mean":{"confidence_interval":{"confidence_level":0.95,"lower_bound":0.1519237386680663,"upper_bound":0.25552630511385194},"point_estimate":0.19881962426387778,"standard_error":0.02624907022445046},"median":{"confidence_interval":{"confidence_level":0.95,"lower_bound":0.16035190488848605,"upper_bound":0.18790293674459727},"point_estimate":0.1756530514216441,"standard_error":0.0072049809859573155}}