{"mean":{"confidence_interval":{"confidence_level":0.95,"lower_bound":0.32054676295090206,"upper_bound":0.3874776610927842},"point_estimate":0.3526651813526831,"standard_error":0.01703074738768999},"median":{"confidence_interval":{"confidence_level":0.95,"lower_bound":0.34217329115521666,"upper_bound":0.3667612443686399},"point_estimate":0.35650933359965764,"standard_error":0.005745121554546022}}