{"mean":{"confidence_interval":{"confidence_level":0.95,"lower_bound":0.4460528277772009,"upper_bound":0.5466135691531754},"point_estimate":0.49758674615279674,"standard_error":0.025666464752975817},"median":{"confidence_interval":{"confidence_level":0.95,"lower_bound":0.4326997334934337,"upper_bound":0.5035020513493853},"point_estimate":0.46012261499242046,"standard_error":0.01865955295364716}}