{"mean":{"confidence_interval":{"confidence_level":0.95,"lower_bound":0.07196599590189567,"upper_bound":0.1139344477546751},"point_estimate":0.09222920339330076,"standard_error":0.010667218395273632},"median":{"confidence_interval":{"confidence_level":0.95,"lower_bound":0.10488089245208942,"upper_bound":0.1169541954761224},"point_estimate":0.11267412391280685,"standard_error":0.0032506619031853336}}