{"mean":{"confidence_interval":{"confidence_level":0.95,"lower_bound":0.37884645872637257,"upper_bound":0.4590695628945397},"point_estimate":0.4184313744273749,"standard_error":0.02034156467332586},"median":{"confidence_interval":{"confidence_level":0.95,"lower_bound":0.39425230833958436,"upper_bound":0.4247960108893125},"point_estimate":0.40851775413558933,"standard_error":0.007246026043264166}}