{"mean":{"confidence_interval":{"confidence_level":0.95,"lower_bound":0.35436236250391817,"upper_bound":0.45646063448128},"point_estimate":0.40499276642676785,"standard_error":0.026086753558640586},"median":{"confidence_interval":{"confidence_level":0.95,"lower_bound":0.343567490947011,"upper_bound":0.37760444190096876},"point_estimate":0.3592631432426938,"standard_error":0.008526805894965015}}