{"mean":{"confidence_interval":{"confidence_level":0.95,"lower_bound":0.025073161703038607,"upper_bound":0.12176388229881738},"point_estimate":0.0751975250201069,"standard_error":0.024689801161975163},"median":{"confidence_interval":{"confidence_level":0.95,"lower_bound":0.09582680522477993,"upper_bound":0.14969328725562114},"point_estimate":0.1239007741707343,"standard_error":0.01361757128864312}}