{"mean":{"confidence_interval":{"confidence_level":0.95,"lower_bound":0.10616768156601797,"upper_bound":0.15732324015106425},"point_estimate":0.13030267311664456,"standard_error":0.013037306837051841},"median":{"confidence_interval":{"confidence_level":0.95,"lower_bound":0.05644785602308122,"upper_bound":0.15682882425225464},"point_estimate":0.09476805093814145,"standard_error":0.02645466010517047}}