{"mean":{"confidence_interval":{"confidence_level":0.95,"lower_bound":-0.05770541848287352,"upper_bound":0.02128076729226125},"point_estimate":-0.017690467051495462,"standard_error":0.02020555796539836},"median":{"confidence_interval":{"confidence_level":0.95,"lower_bound":-0.009761246339682006,"upper_bound":0.03808221588766836},"point_estimate":0.013683119497271745,"standard_error":0.012313656506093002}}