{"mean":{"confidence_interval":{"confidence_level":0.95,"lower_bound":-0.19983100147488533,"upper_bound":-0.13355159215506418},"point_estimate":-0.1655722891738738,"standard_error":0.016974611834178453},"median":{"confidence_interval":{"confidence_level":0.95,"lower_bound":-0.16646019207695606,"upper_bound":-0.12714214912232102},"point_estimate":-0.14642192389334252,"standard_error":0.01012989149481216}}