{"mean":{"confidence_interval":{"confidence_level":0.95,"lower_bound":-0.04596612785740861,"upper_bound":0.037261565747331415},"point_estimate":-0.0032216764819369414,"standard_error":0.021221262754671965},"median":{"confidence_interval":{"confidence_level":0.95,"lower_bound":-0.022260182724482824,"upper_bound":0.027227970771304566},"point_estimate":-0.00005488768044437098,"standard_error":0.012497787950871688}}