{"mean":{"confidence_interval":{"confidence_level":0.95,"lower_bound":-0.03515219809165236,"upper_bound":0.00802496252678122},"point_estimate":-0.013580937596133325,"standard_error":0.010991916476909268},"median":{"confidence_interval":{"confidence_level":0.95,"lower_bound":-0.03491893998501373,"upper_bound":0.025455436902252382},"point_estimate":0.0184254435899589,"standard_error":0.013808583005548608}}