{"mean":{"confidence_interval":{"confidence_level":0.95,"lower_bound":0.01729358641080377,"upper_bound":0.08005641946860378},"point_estimate":0.04939267108220857,"standard_error":0.01614557750738378},"median":{"confidence_interval":{"confidence_level":0.95,"lower_bound":0.05041707381370575,"upper_bound":0.08720228854289913},"point_estimate":0.07334148666699725,"standard_error":0.009100222580432887}}