{"mean":{"confidence_interval":{"confidence_level":0.95,"lower_bound":-0.06256533554112322,"upper_bound":0.02400418500919904},"point_estimate":-0.01679263744629278,"standard_error":0.022013942099333085},"median":{"confidence_interval":{"confidence_level":0.95,"lower_bound":-0.016616380401962005,"upper_bound":0.031227865628433403},"point_estimate":0.007932223177067543,"standard_error":0.012150714368603825}}