{"mean":{"confidence_interval":{"confidence_level":0.95,"lower_bound":0.06177459495337412,"upper_bound":0.1356922104861437},"point_estimate":0.09730676605752153,"standard_error":0.018776876434933257},"median":{"confidence_interval":{"confidence_level":0.95,"lower_bound":0.05193486028467076,"upper_bound":0.12040712030123868},"point_estimate":0.07724329171181354,"standard_error":0.017723125778711348}}