{"mean":{"confidence_interval":{"confidence_level":0.95,"lower_bound":0.041126062211087035,"upper_bound":0.07682200582555776},"point_estimate":0.05973607575938056,"standard_error":0.009144494009490554},"median":{"confidence_interval":{"confidence_level":0.95,"lower_bound":0.09454463046817119,"upper_bound":0.12612073988464645},"point_estimate":0.11975282617099325,"standard_error":0.010043645808768339}}