{"mean":{"confidence_interval":{"confidence_level":0.95,"lower_bound":1062956.5450009147,"upper_bound":1064765.475378457},"point_estimate":1063660.39842467,"standard_error":484.31577547210236},"median":{"confidence_interval":{"confidence_level":0.95,"lower_bound":1062711.0619621342,"upper_bound":1063210.34},"point_estimate":1062922.5821582451,"standard_error":128.30138848445472},"median_abs_dev":{"confidence_interval":{"confidence_level":0.95,"lower_bound":701.6597741375062,"upper_bound":1252.3733777659772},"point_estimate":930.0561994375481,"standard_error":141.1113578866836},"slope":{"confidence_interval":{"confidence_level":0.95,"lower_bound":1062453.278075009,"upper_bound":1063217.0510557417},"point_estimate":1062803.9993172751,"standard_error":194.23710889740812},"std_dev":{"confidence_interval":{"confidence_level":0.95,"lower_bound":1275.9524695238601,"upper_bound":8098.454984082601},"point_estimate":4898.089416443619,"standard_error":2238.7316598394386}}