{"mean":{"confidence_interval":{"confidence_level":0.95,"lower_bound":1123912.2207743947,"upper_bound":1147893.5556916378},"point_estimate":1135489.2679611729,"standard_error":6123.658958258819},"median":{"confidence_interval":{"confidence_level":0.95,"lower_bound":1117065.6359649124,"upper_bound":1143910.3180722892},"point_estimate":1131229.6458724202,"standard_error":6583.507433065329},"median_abs_dev":{"confidence_interval":{"confidence_level":0.95,"lower_bound":34296.1876139597,"upper_bound":58223.84549480517},"point_estimate":44429.02321903972,"standard_error":5994.1981855570575},"slope":{"confidence_interval":{"confidence_level":0.95,"lower_bound":1132664.4439314986,"upper_bound":1159064.4963029907},"point_estimate":1145418.7534210137,"standard_error":6756.3564243683795},"std_dev":{"confidence_interval":{"confidence_level":0.95,"lower_bound":46260.47202100433,"upper_bound":78185.7246242092},"point_estimate":61584.94917078898,"standard_error":8474.138619624433}}