{"mean":{"confidence_interval":{"confidence_level":0.95,"lower_bound":14058.919878453225,"upper_bound":14077.33506837035},"point_estimate":14066.938425924156,"standard_error":4.72845579246483},"median":{"confidence_interval":{"confidence_level":0.95,"lower_bound":14053.822904368795,"upper_bound":14061.9835997336},"point_estimate":14058.819467079531,"standard_error":2.5297124585530684},"median_abs_dev":{"confidence_interval":{"confidence_level":0.95,"lower_bound":15.085966158086904,"upper_bound":25.444257017116048},"point_estimate":21.664275358426455,"standard_error":2.668395546893589},"slope":{"confidence_interval":{"confidence_level":0.95,"lower_bound":14055.379736708832,"upper_bound":14069.84611565086},"point_estimate":14061.401654721441,"standard_error":3.758583514880664},"std_dev":{"confidence_interval":{"confidence_level":0.95,"lower_bound":21.77421161028804,"upper_bound":72.16006574025025},"point_estimate":47.417909594315724,"standard_error":14.15900759357933}}