{"mean":{"confidence_interval":{"confidence_level":0.95,"lower_bound":14122.310407701114,"upper_bound":14657.235901950467},"point_estimate":14324.927331348845,"standard_error":147.84918835932748},"median":{"confidence_interval":{"confidence_level":0.95,"lower_bound":14067.010080645161,"upper_bound":14246.911082474227},"point_estimate":14168.572186444257,"standard_error":42.81538172963608},"median_abs_dev":{"confidence_interval":{"confidence_level":0.95,"lower_bound":239.97512716824144,"upper_bound":466.4614358746799},"point_estimate":328.9326310643394,"standard_error":54.871125396201016},"slope":{"confidence_interval":{"confidence_level":0.95,"lower_bound":13954.542517858417,"upper_bound":14521.27716861647},"point_estimate":14160.885945396778,"standard_error":152.53327996104665},"std_dev":{"confidence_interval":{"confidence_level":0.95,"lower_bound":354.77484689585015,"upper_bound":2501.60832108683},"point_estimate":1489.8945333707738,"standard_error":742.3970936772557}}