{"mean":{"confidence_interval":{"confidence_level":0.95,"lower_bound":35162.28903055689,"upper_bound":36151.15180147841},"point_estimate":35645.130599147786,"standard_error":251.5767465400237},"median":{"confidence_interval":{"confidence_level":0.95,"lower_bound":34791.882352941175,"upper_bound":35594.99796747968},"point_estimate":35057.357652192426,"standard_error":180.4065423988482},"median_abs_dev":{"confidence_interval":{"confidence_level":0.95,"lower_bound":1330.570417008994,"upper_bound":2175.262872663689},"point_estimate":1743.1722982512156,"standard_error":216.96925812688926},"slope":{"confidence_interval":{"confidence_level":0.95,"lower_bound":35354.79443120707,"upper_bound":36600.0404842412},"point_estimate":35916.38697945914,"standard_error":318.1691598704009},"std_dev":{"confidence_interval":{"confidence_level":0.95,"lower_bound":1995.8418867015594,"upper_bound":2993.4394185533056},"point_estimate":2518.3585887287354,"standard_error":254.96514402192895}}