{"mean":{"confidence_interval":{"confidence_level":0.95,"lower_bound":15038.060992965757,"upper_bound":15609.209182125782},"point_estimate":15273.268337848622,"standard_error":148.31421551567456},"median":{"confidence_interval":{"confidence_level":0.95,"lower_bound":14904.31440402248,"upper_bound":15007.651315789473},"point_estimate":14944.699857026144,"standard_error":32.12780428587955},"median_abs_dev":{"confidence_interval":{"confidence_level":0.95,"lower_bound":168.12589082960247,"upper_bound":287.6104609332665},"point_estimate":232.69503056246506,"standard_error":30.66733978862098},"slope":{"confidence_interval":{"confidence_level":0.95,"lower_bound":15031.117267170099,"upper_bound":15972.949263601735},"point_estimate":15374.305297275996,"standard_error":255.52636663987525},"std_dev":{"confidence_interval":{"confidence_level":0.95,"lower_bound":373.8091877103077,"upper_bound":2378.7696177175853},"point_estimate":1489.7811515223448,"standard_error":552.7291777186186}}