{"mean":{"confidence_interval":{"confidence_level":0.95,"lower_bound":563.4588083923815,"upper_bound":585.0931243748881},"point_estimate":574.4065685619595,"standard_error":5.5398603423967705},"median":{"confidence_interval":{"confidence_level":0.95,"lower_bound":568.9047010338656,"upper_bound":588.4716196892064},"point_estimate":578.6566419127395,"standard_error":5.532397028637856},"median_abs_dev":{"confidence_interval":{"confidence_level":0.95,"lower_bound":32.6244942323293,"upper_bound":54.49831097221557},"point_estimate":43.66561964626081,"standard_error":5.724220293517769},"slope":{"confidence_interval":{"confidence_level":0.95,"lower_bound":580.6051439106299,"upper_bound":604.4683896429083},"point_estimate":592.506209177889,"standard_error":6.110791137194792},"std_dev":{"confidence_interval":{"confidence_level":0.95,"lower_bound":44.68638458113751,"upper_bound":65.62857250607111},"point_estimate":55.48973148983524,"standard_error":5.343914565092913}}