{"mean":{"confidence_interval":{"confidence_level":0.95,"lower_bound":763.9636745024729,"upper_bound":824.3075978440323},"point_estimate":790.9922862244687,"standard_error":15.457863064836486},"median":{"confidence_interval":{"confidence_level":0.95,"lower_bound":774.7967572612317,"upper_bound":811.3649435531788},"point_estimate":790.6079837081892,"standard_error":9.003275894555465},"median_abs_dev":{"confidence_interval":{"confidence_level":0.95,"lower_bound":51.00474257940225,"upper_bound":81.67626320370262},"point_estimate":61.06897019991206,"standard_error":7.845018567135532},"slope":{"confidence_interval":{"confidence_level":0.95,"lower_bound":791.5556532769317,"upper_bound":822.222286896269},"point_estimate":806.5423571397527,"standard_error":7.818665178802511},"std_dev":{"confidence_interval":{"confidence_level":0.95,"lower_bound":82.41122118001861,"upper_bound":233.76248751666967},"point_estimate":154.93913039478605,"standard_error":45.499354763801584}}