{"mean":{"confidence_interval":{"confidence_level":0.95,"lower_bound":437.5514319831597,"upper_bound":451.7280615317933},"point_estimate":444.9060467201884,"standard_error":3.6286488547350424},"median":{"confidence_interval":{"confidence_level":0.95,"lower_bound":443.9976877289377,"upper_bound":459.00008453085377},"point_estimate":452.6212666467276,"standard_error":4.221334802189549},"median_abs_dev":{"confidence_interval":{"confidence_level":0.95,"lower_bound":19.837776307141965,"upper_bound":33.368455817847924},"point_estimate":26.799059240820792,"standard_error":3.4494437206371638},"slope":{"confidence_interval":{"confidence_level":0.95,"lower_bound":446.26273934752544,"upper_bound":457.3623528097729},"point_estimate":451.7308157774938,"standard_error":2.837402632697955},"std_dev":{"confidence_interval":{"confidence_level":0.95,"lower_bound":27.469696010309598,"upper_bound":44.598537149383205},"point_estimate":36.50652002669835,"standard_error":4.386803269002499}}