{"mean":{"confidence_interval":{"confidence_level":0.95,"lower_bound":776.0204371012597,"upper_bound":808.4396085917084},"point_estimate":792.0929572425289,"standard_error":8.237092409092739},"median":{"confidence_interval":{"confidence_level":0.95,"lower_bound":794.6437111429938,"upper_bound":807.4441758438535},"point_estimate":801.5172004224291,"standard_error":2.850433145581033},"median_abs_dev":{"confidence_interval":{"confidence_level":0.95,"lower_bound":28.87897541965935,"upper_bound":63.52696325125596},"point_estimate":44.4653576760571,"standard_error":8.920384704236113},"slope":{"confidence_interval":{"confidence_level":0.95,"lower_bound":807.0982062610248,"upper_bound":825.6360887385354},"point_estimate":815.3131704706906,"standard_error":4.729233710485198},"std_dev":{"confidence_interval":{"confidence_level":0.95,"lower_bound":59.95221619685209,"upper_bound":105.52051172928508},"point_estimate":83.03284704834275,"standard_error":11.766634882102764}}