{"mean":{"confidence_interval":{"confidence_level":0.95,"lower_bound":662.6951529144714,"upper_bound":680.2641151374436},"point_estimate":671.871636726734,"standard_error":4.500375318319613},"median":{"confidence_interval":{"confidence_level":0.95,"lower_bound":687.3001693570862,"upper_bound":693.2682576606071},"point_estimate":690.4600464038499,"standard_error":1.601815760573849},"median_abs_dev":{"confidence_interval":{"confidence_level":0.95,"lower_bound":8.636960743795374,"upper_bound":22.55474779645625},"point_estimate":12.036691723676213,"standard_error":3.445133547864393},"slope":{"confidence_interval":{"confidence_level":0.95,"lower_bound":645.9040112278822,"upper_bound":672.9737181225994},"point_estimate":658.9790353265545,"standard_error":6.889309506816979},"std_dev":{"confidence_interval":{"confidence_level":0.95,"lower_bound":35.47739707842499,"upper_bound":54.965279551415094},"point_estimate":45.06362594391271,"standard_error":5.004295092472925}}