{"mean":{"confidence_interval":{"confidence_level":0.95,"lower_bound":765.4119134430266,"upper_bound":810.2908006871031},"point_estimate":787.1649672814073,"standard_error":11.402845068813168},"median":{"confidence_interval":{"confidence_level":0.95,"lower_bound":780.0588787634499,"upper_bound":792.9709175833063},"point_estimate":786.1952090797145,"standard_error":3.593216497932819},"median_abs_dev":{"confidence_interval":{"confidence_level":0.95,"lower_bound":23.324160045809425,"upper_bound":50.429910002191306},"point_estimate":36.036131219671226,"standard_error":6.75935690449543},"slope":{"confidence_interval":{"confidence_level":0.95,"lower_bound":806.1673136298435,"upper_bound":860.1849233540975},"point_estimate":829.3144365659809,"standard_error":13.932462525072152},"std_dev":{"confidence_interval":{"confidence_level":0.95,"lower_bound":77.80895585413293,"upper_bound":148.22715145996},"point_estimate":114.06268260745173,"standard_error":18.067702039710234}}