{"mean":{"confidence_interval":{"confidence_level":0.95,"lower_bound":763.7230772528133,"upper_bound":788.8522051507211},"point_estimate":776.9992632470277,"standard_error":6.405972668243181},"median":{"confidence_interval":{"confidence_level":0.95,"lower_bound":794.2761310758976,"upper_bound":806.6956790123456},"point_estimate":801.4259672247655,"standard_error":3.4256434147075514},"median_abs_dev":{"confidence_interval":{"confidence_level":0.95,"lower_bound":17.995824755181705,"upper_bound":34.083205734438664},"point_estimate":26.10389232295944,"standard_error":4.325029504017796},"slope":{"confidence_interval":{"confidence_level":0.95,"lower_bound":806.6364056040023,"upper_bound":812.356140475724},"point_estimate":809.6669726815136,"standard_error":1.4540288803167627},"std_dev":{"confidence_interval":{"confidence_level":0.95,"lower_bound":46.58899489080855,"upper_bound":78.61358020340327},"point_estimate":64.03417663237558,"standard_error":8.10865860269339}}