{"mean":{"confidence_interval":{"confidence_level":0.95,"lower_bound":625.0104539790783,"upper_bound":633.0869441569314},"point_estimate":628.8618575438054,"standard_error":2.0610795925214807},"median":{"confidence_interval":{"confidence_level":0.95,"lower_bound":623.9720062208398,"upper_bound":634.6212864377717},"point_estimate":626.2315088984058,"standard_error":3.3856676317945342},"median_abs_dev":{"confidence_interval":{"confidence_level":0.95,"lower_bound":10.877753189762053,"upper_bound":23.475138826723178},"point_estimate":18.938416945286765,"standard_error":4.107101408640154},"slope":{"confidence_interval":{"confidence_level":0.95,"lower_bound":613.3708576282792,"upper_bound":618.3123539114523},"point_estimate":615.5779907799745,"standard_error":1.2635594208052765},"std_dev":{"confidence_interval":{"confidence_level":0.95,"lower_bound":14.968674452193508,"upper_bound":25.802981094100574},"point_estimate":20.665908856272278,"standard_error":2.7555704487611785}}