{"mean":{"confidence_interval":{"confidence_level":0.95,"lower_bound":446.5806224638324,"upper_bound":456.2690469991496},"point_estimate":451.40697650057655,"standard_error":2.4673928671956507},"median":{"confidence_interval":{"confidence_level":0.95,"lower_bound":445.27175632911394,"upper_bound":454.6590989901863},"point_estimate":448.41596641989764,"standard_error":2.344036685690086},"median_abs_dev":{"confidence_interval":{"confidence_level":0.95,"lower_bound":17.182253928563238,"upper_bound":31.930059247391377},"point_estimate":23.825084097268146,"standard_error":3.764798515927047},"slope":{"confidence_interval":{"confidence_level":0.95,"lower_bound":447.74911302325006,"upper_bound":458.8698576313224},"point_estimate":453.2492866302028,"standard_error":2.842386190991101},"std_dev":{"confidence_interval":{"confidence_level":0.95,"lower_bound":21.386582668837505,"upper_bound":27.784676259138564},"point_estimate":24.750195208673897,"standard_error":1.6360125648657728}}