{"mean":{"confidence_interval":{"confidence_level":0.95,"lower_bound":523.8661389164021,"upper_bound":528.9687843125378},"point_estimate":526.2243364984221,"standard_error":1.3058634823821684},"median":{"confidence_interval":{"confidence_level":0.95,"lower_bound":519.4547811355312,"upper_bound":526.7320384615384},"point_estimate":521.2637888111888,"standard_error":2.377452068801693},"median_abs_dev":{"confidence_interval":{"confidence_level":0.95,"lower_bound":3.286616065346092,"upper_bound":10.294269851248186},"point_estimate":6.6998978144506,"standard_error":1.9539324812879257},"slope":{"confidence_interval":{"confidence_level":0.95,"lower_bound":519.6071922232837,"upper_bound":521.5460965136067},"point_estimate":520.4788348978641,"standard_error":0.49561457042522594},"std_dev":{"confidence_interval":{"confidence_level":0.95,"lower_bound":8.018591674842694,"upper_bound":17.42501260774273},"point_estimate":13.145287151775435,"standard_error":2.3968530958303775}}