{"mean":{"confidence_interval":{"confidence_level":0.95,"lower_bound":1004.1548021082863,"upper_bound":1040.0019931648205},"point_estimate":1023.1464563425012,"standard_error":9.17764805917701},"median":{"confidence_interval":{"confidence_level":0.95,"lower_bound":1025.9519396178944,"upper_bound":1031.0063354037268},"point_estimate":1029.533720299714,"standard_error":1.5119591804146013},"median_abs_dev":{"confidence_interval":{"confidence_level":0.95,"lower_bound":12.258173604018689,"upper_bound":20.058579154785598},"point_estimate":15.993684528052412,"standard_error":2.605990494320713},"slope":{"confidence_interval":{"confidence_level":0.95,"lower_bound":1025.3381092674003,"upper_bound":1032.682949341531},"point_estimate":1028.4296283480207,"standard_error":1.8875243564618085},"std_dev":{"confidence_interval":{"confidence_level":0.95,"lower_bound":61.00266841154975,"upper_bound":116.61605477815162},"point_estimate":91.89873578257144,"standard_error":14.292074412064576}}