{"mean":{"confidence_interval":{"confidence_level":0.95,"lower_bound":1281.3501743678898,"upper_bound":1365.712630696378},"point_estimate":1324.1437094000887,"standard_error":21.53817539189103},"median":{"confidence_interval":{"confidence_level":0.95,"lower_bound":1324.336917562724,"upper_bound":1372.1011445279867},"point_estimate":1342.6507609805926,"standard_error":14.47259930984601},"median_abs_dev":{"confidence_interval":{"confidence_level":0.95,"lower_bound":101.70394210550506,"upper_bound":165.7774182503093},"point_estimate":137.6289977832636,"standard_error":16.6642263530587},"slope":{"confidence_interval":{"confidence_level":0.95,"lower_bound":1365.0168619158544,"upper_bound":1398.9095515711595},"point_estimate":1382.4861862962416,"standard_error":8.649221134207874},"std_dev":{"confidence_interval":{"confidence_level":0.95,"lower_bound":179.7760025298375,"upper_bound":247.59229919696304},"point_estimate":216.61799647333143,"standard_error":17.30574669752297}}