{"mean":{"confidence_interval":{"confidence_level":0.95,"lower_bound":1424.9413873788994,"upper_bound":1498.4838749646135},"point_estimate":1461.440701062307,"standard_error":18.755343239127903},"median":{"confidence_interval":{"confidence_level":0.95,"lower_bound":1408.0145833333333,"upper_bound":1492.4478365384616},"point_estimate":1448.5610560868245,"standard_error":23.185842684386813},"median_abs_dev":{"confidence_interval":{"confidence_level":0.95,"lower_bound":162.6044830506933,"upper_bound":280.1342335316025},"point_estimate":213.56682671275678,"standard_error":30.22343126709963},"slope":{"confidence_interval":{"confidence_level":0.95,"lower_bound":1553.6377234339068,"upper_bound":1625.5472813576687},"point_estimate":1592.4948374833752,"standard_error":18.390919555208878},"std_dev":{"confidence_interval":{"confidence_level":0.95,"lower_bound":168.7418776960145,"upper_bound":205.71749577357104},"point_estimate":188.67834166102966,"standard_error":9.425980205211017}}