{"mean":{"confidence_interval":{"confidence_level":0.95,"lower_bound":1531.2656636730985,"upper_bound":1614.7220507063766},"point_estimate":1574.7746571277892,"standard_error":21.357308632953096},"median":{"confidence_interval":{"confidence_level":0.95,"lower_bound":1589.7452727272728,"upper_bound":1616.7719851576994},"point_estimate":1602.1273684740981,"standard_error":6.799378868124666},"median_abs_dev":{"confidence_interval":{"confidence_level":0.95,"lower_bound":60.95173241192942,"upper_bound":157.714128406911},"point_estimate":115.0336864022026,"standard_error":27.25801266385651},"slope":{"confidence_interval":{"confidence_level":0.95,"lower_bound":1621.958673402778,"upper_bound":1655.2439553417375},"point_estimate":1638.4319207652109,"standard_error":8.474074129179371},"std_dev":{"confidence_interval":{"confidence_level":0.95,"lower_bound":162.9492408530325,"upper_bound":255.33979312435366},"point_estimate":214.14024842538706,"standard_error":23.624776675511935}}