{"mean":{"confidence_interval":{"confidence_level":0.95,"lower_bound":-0.09852792583250575,"upper_bound":-0.06845462308996084},"point_estimate":-0.08305234057461264,"standard_error":0.0076758611267306355},"median":{"confidence_interval":{"confidence_level":0.95,"lower_bound":-0.08302971296569595,"upper_bound":-0.0511130901611595},"point_estimate":-0.06946690053545979,"standard_error":0.008897494891137721}}