{"mean":{"confidence_interval":{"confidence_level":0.95,"lower_bound":-0.01679237663477741,"upper_bound":0.008503215776104588},"point_estimate":-0.004574454059674382,"standard_error":0.006403462192375484},"median":{"confidence_interval":{"confidence_level":0.95,"lower_bound":-0.023654150851620592,"upper_bound":-0.006643038603808771},"point_estimate":-0.014297622266185472,"standard_error":0.004573687717555887}}