{"mean":{"confidence_interval":{"confidence_level":0.95,"lower_bound":-0.035684275641845065,"upper_bound":-0.021966815568363107},"point_estimate":-0.028720209934290586,"standard_error":0.003511175415652127},"median":{"confidence_interval":{"confidence_level":0.95,"lower_bound":-0.04371309763301712,"upper_bound":-0.020538762585788906},"point_estimate":-0.030921247214673486,"standard_error":0.006420915243237783}}