{"mean":{"confidence_interval":{"confidence_level":0.95,"lower_bound":0.017161734429187687,"upper_bound":0.03562023463030939},"point_estimate":0.026414880168268207,"standard_error":0.0047256303358574},"median":{"confidence_interval":{"confidence_level":0.95,"lower_bound":0.017569058608522425,"upper_bound":0.05246525873647978},"point_estimate":0.025626179979403085,"standard_error":0.008532317095483822}}