{"mean":{"confidence_interval":{"confidence_level":0.95,"lower_bound":0.6524883770907789,"upper_bound":0.6990401587832588},"point_estimate":0.6739459384152886,"standard_error":0.01199971597272588},"median":{"confidence_interval":{"confidence_level":0.95,"lower_bound":0.6413154185856698,"upper_bound":0.7162065920251868},"point_estimate":0.6659088271864537,"standard_error":0.018078186460191523}}