{"mean":{"confidence_interval":{"confidence_level":0.95,"lower_bound":-0.03382962676702971,"upper_bound":-0.01936788485821516},"point_estimate":-0.02694864426055521,"standard_error":0.0036784899856079994},"median":{"confidence_interval":{"confidence_level":0.95,"lower_bound":-0.030009032266586022,"upper_bound":-0.008241053312570634},"point_estimate":-0.019586172670906232,"standard_error":0.006581007876024817}}