{"mean":{"confidence_interval":{"confidence_level":0.95,"lower_bound":-0.1112697280051504,"upper_bound":-0.07606665926463893},"point_estimate":-0.09373279217016595,"standard_error":0.008988264128196208},"median":{"confidence_interval":{"confidence_level":0.95,"lower_bound":-0.1196253638582192,"upper_bound":-0.0653297656311691},"point_estimate":-0.0912944910150969,"standard_error":0.014296845846994675}}