{"mean":{"confidence_interval":{"confidence_level":0.95,"lower_bound":-0.10733829502471508,"upper_bound":-0.08062925650100346},"point_estimate":-0.09385233255137027,"standard_error":0.00681346521807188},"median":{"confidence_interval":{"confidence_level":0.95,"lower_bound":-0.09588514294169548,"upper_bound":-0.07051728447881067},"point_estimate":-0.08406892271864941,"standard_error":0.006931527370224108}}