{"mean":{"confidence_interval":{"confidence_level":0.95,"lower_bound":0.19334222211682173,"upper_bound":0.23055717663666983},"point_estimate":0.2093265746398114,"standard_error":0.00881550999798363},"median":{"confidence_interval":{"confidence_level":0.95,"lower_bound":0.1768298887979185,"upper_bound":0.21964592578271214},"point_estimate":0.20037900042172163,"standard_error":0.011268183704453734}}