{"mean":{"confidence_interval":{"confidence_level":0.95,"lower_bound":0.015821790049869333,"upper_bound":0.05786181708885506},"point_estimate":0.03678759816317734,"standard_error":0.010727046594319334},"median":{"confidence_interval":{"confidence_level":0.95,"lower_bound":-0.0006652877957838976,"upper_bound":0.05463944052530967},"point_estimate":0.026165624908287333,"standard_error":0.015083369308877402}}