{"mean":{"confidence_interval":{"confidence_level":0.95,"lower_bound":-0.2921254674574738,"upper_bound":-0.265727187622849},"point_estimate":-0.27810751673896905,"standard_error":0.006748315882984747},"median":{"confidence_interval":{"confidence_level":0.95,"lower_bound":-0.2826565987587212,"upper_bound":-0.26177045662278875},"point_estimate":-0.2724257906501707,"standard_error":0.004747735129320495}}