{"mean":{"confidence_interval":{"confidence_level":0.95,"lower_bound":0.1690822335539364,"upper_bound":0.18996586431573442},"point_estimate":0.18003134668132836,"standard_error":0.00532588283266843},"median":{"confidence_interval":{"confidence_level":0.95,"lower_bound":0.16229964013183373,"upper_bound":0.18284734659565965},"point_estimate":0.16910003246654948,"standard_error":0.0058368034260753415}}