{"mean":{"confidence_interval":{"confidence_level":0.95,"lower_bound":-0.14501858554498878,"upper_bound":-0.13141074072648815},"point_estimate":-0.13809651163304004,"standard_error":0.0034505790038034077},"median":{"confidence_interval":{"confidence_level":0.95,"lower_bound":-0.14718538361626032,"upper_bound":-0.12524141625983776},"point_estimate":-0.13454263366314745,"standard_error":0.005951707739081132}}