{"mean":{"confidence_interval":{"confidence_level":0.95,"lower_bound":0.23762400248862933,"upper_bound":0.2726917411891251},"point_estimate":0.25533362705338414,"standard_error":0.009009938384837764},"median":{"confidence_interval":{"confidence_level":0.95,"lower_bound":0.21884483703091595,"upper_bound":0.26280366508141206},"point_estimate":0.23047224482980178,"standard_error":0.010864394556969257}}