{"mean":{"confidence_interval":{"confidence_level":0.95,"lower_bound":0.10090471441314242,"upper_bound":0.16222716424980815},"point_estimate":0.13600124103470446,"standard_error":0.01597573145413837},"median":{"confidence_interval":{"confidence_level":0.95,"lower_bound":0.1373866663387766,"upper_bound":0.1650680570919414},"point_estimate":0.14850765902983865,"standard_error":0.007707216524130375}}