{"mean":{"confidence_interval":{"confidence_level":0.95,"lower_bound":-0.04539324278345467,"upper_bound":-0.013145751495252793},"point_estimate":-0.03035147004174643,"standard_error":0.008223328301907841},"median":{"confidence_interval":{"confidence_level":0.95,"lower_bound":-0.05234629399280555,"upper_bound":-0.027897797608930297},"point_estimate":-0.040822743321122346,"standard_error":0.006198406993512607}}