{"mean":{"confidence_interval":{"confidence_level":0.95,"lower_bound":0.09442119816405324,"upper_bound":0.11025394859797005},"point_estimate":0.10178429460380678,"standard_error":0.004067612166582294},"median":{"confidence_interval":{"confidence_level":0.95,"lower_bound":0.10007689230922612,"upper_bound":0.12367252789924454},"point_estimate":0.11319222695956954,"standard_error":0.005655951232061081}}