{"mean":{"confidence_interval":{"confidence_level":0.95,"lower_bound":-0.27202327051865777,"upper_bound":-0.24566032912577593},"point_estimate":-0.2578927970996713,"standard_error":0.006752335418846682},"median":{"confidence_interval":{"confidence_level":0.95,"lower_bound":-0.251825174668685,"upper_bound":-0.23199641124756232},"point_estimate":-0.24088211821413574,"standard_error":0.004594533651739535}}