{"mean":{"confidence_interval":{"confidence_level":0.95,"lower_bound":-0.03287035556785445,"upper_bound":0.010081168558505382},"point_estimate":-0.010510170258014595,"standard_error":0.010999463141724682},"median":{"confidence_interval":{"confidence_level":0.95,"lower_bound":-0.011837216110320847,"upper_bound":0.023622563679541075},"point_estimate":0.004380297766692021,"standard_error":0.008606093438209181}}