{"mean":{"confidence_interval":{"confidence_level":0.95,"lower_bound":-0.09796404392532478,"upper_bound":-0.07382695105752156},"point_estimate":-0.08606901923456745,"standard_error":0.006063748601746357},"median":{"confidence_interval":{"confidence_level":0.95,"lower_bound":-0.08845846354251319,"upper_bound":-0.06171444226406164},"point_estimate":-0.07933095728249662,"standard_error":0.00701744667489634}}