{"mean":{"confidence_interval":{"confidence_level":0.95,"lower_bound":-0.07965138737095401,"upper_bound":-0.05864376197857568},"point_estimate":-0.06945463939156815,"standard_error":0.005376454929477267},"median":{"confidence_interval":{"confidence_level":0.95,"lower_bound":-0.07136828043658616,"upper_bound":-0.050391576920685965},"point_estimate":-0.061161878835019,"standard_error":0.005380035769859103}}