{"mean":{"confidence_interval":{"confidence_level":0.95,"lower_bound":-0.015616072121099235,"upper_bound":-0.0017144071335178205},"point_estimate":-0.008826728937580186,"standard_error":0.0035406608259753846},"median":{"confidence_interval":{"confidence_level":0.95,"lower_bound":-0.020169258960521463,"upper_bound":0.006122114636879505},"point_estimate":-0.005766493791677374,"standard_error":0.006955969848025036}}