{"mean":{"confidence_interval":{"confidence_level":0.95,"lower_bound":-0.214052678095129,"upper_bound":-0.18927728469036015},"point_estimate":-0.20251124014742572,"standard_error":0.006385378294006306},"median":{"confidence_interval":{"confidence_level":0.95,"lower_bound":-0.23025504309322187,"upper_bound":-0.21432388993183737},"point_estimate":-0.22036089991468877,"standard_error":0.004405710014081286}}