{"mean":{"confidence_interval":{"confidence_level":0.95,"lower_bound":0.23394887429651745,"upper_bound":0.3048056906891348},"point_estimate":0.26393487752284717,"standard_error":0.017831744406856812},"median":{"confidence_interval":{"confidence_level":0.95,"lower_bound":0.20728184980012432,"upper_bound":0.2558910364343099},"point_estimate":0.2302594051370126,"standard_error":0.012798874502166229}}