{"mean":{"confidence_interval":{"confidence_level":0.95,"lower_bound":-0.16742121145125047,"upper_bound":-0.13800442668940346},"point_estimate":-0.15255100901780583,"standard_error":0.007510855601167133},"median":{"confidence_interval":{"confidence_level":0.95,"lower_bound":-0.17487705262388353,"upper_bound":-0.13373586737408016},"point_estimate":-0.1551792296153388,"standard_error":0.011329665217894304}}