{"mean":{"confidence_interval":{"confidence_level":0.95,"lower_bound":0.10601426197029395,"upper_bound":0.11950537723895122},"point_estimate":0.1128166452971473,"standard_error":0.0034457201935226833},"median":{"confidence_interval":{"confidence_level":0.95,"lower_bound":0.09844940583121921,"upper_bound":0.12364826024961117},"point_estimate":0.11151901536391584,"standard_error":0.005906350615073926}}