{"mean":{"confidence_interval":{"confidence_level":0.95,"lower_bound":-0.0284853942531505,"upper_bound":0.005599728535671664},"point_estimate":-0.011773509582155395,"standard_error":0.008704670093316139},"median":{"confidence_interval":{"confidence_level":0.95,"lower_bound":-0.011875811885902032,"upper_bound":0.01920748258022864},"point_estimate":-0.00042064586229018097,"standard_error":0.007934636490667791}}