{"mean":{"confidence_interval":{"confidence_level":0.95,"lower_bound":-0.042877529350095075,"upper_bound":-0.006977276354625394},"point_estimate":-0.023744696886217498,"standard_error":0.009163430901008941},"median":{"confidence_interval":{"confidence_level":0.95,"lower_bound":-0.02058302942504353,"upper_bound":0.009589330265025842},"point_estimate":-0.006249040151015128,"standard_error":0.0071582753853212}}