{"mean":{"confidence_interval":{"confidence_level":0.95,"lower_bound":-0.030395731843136077,"upper_bound":-0.00051572077352946},"point_estimate":-0.015004405483679428,"standard_error":0.007614415331044066},"median":{"confidence_interval":{"confidence_level":0.95,"lower_bound":-0.021352937693074114,"upper_bound":0.011107903896511147},"point_estimate":-0.004924061451545891,"standard_error":0.008687566747460903}}