{"mean":{"confidence_interval":{"confidence_level":0.95,"lower_bound":0.019798449239183485,"upper_bound":0.03852511310021913},"point_estimate":0.029354603797543843,"standard_error":0.0047800784428994126},"median":{"confidence_interval":{"confidence_level":0.95,"lower_bound":0.02493733889285515,"upper_bound":0.05920621903699419},"point_estimate":0.03287162372370833,"standard_error":0.00852942459750058}}