{"mean":{"confidence_interval":{"confidence_level":0.95,"lower_bound":0.11627472061022393,"upper_bound":0.1531596811185584},"point_estimate":0.13481837028383437,"standard_error":0.009371873791615668},"median":{"confidence_interval":{"confidence_level":0.95,"lower_bound":0.10383342702915165,"upper_bound":0.14315095806433908},"point_estimate":0.1189719802357383,"standard_error":0.01096343049244735}}