{"mean":{"confidence_interval":{"confidence_level":0.95,"lower_bound":0.09267569498649264,"upper_bound":0.11716453666195648},"point_estimate":0.10496567289185776,"standard_error":0.0062643940475618255},"median":{"confidence_interval":{"confidence_level":0.95,"lower_bound":0.09499270955470429,"upper_bound":0.13116226798801311},"point_estimate":0.10981820214086979,"standard_error":0.010273546117860818}}