{"mean":{"confidence_interval":{"confidence_level":0.95,"lower_bound":0.12412741596033292,"upper_bound":0.1920328023209777},"point_estimate":0.1554262954066319,"standard_error":0.01738296909295228},"median":{"confidence_interval":{"confidence_level":0.95,"lower_bound":0.09140843429876888,"upper_bound":0.17430883136244035},"point_estimate":0.13275394709326593,"standard_error":0.018168088639707983}}