{"mean":{"confidence_interval":{"confidence_level":0.95,"lower_bound":0.06696604766127087,"upper_bound":0.10796308802113751},"point_estimate":0.08765824089551333,"standard_error":0.01047210087467837},"median":{"confidence_interval":{"confidence_level":0.95,"lower_bound":0.08594106289053816,"upper_bound":0.11955612968511842},"point_estimate":0.10083262321571884,"standard_error":0.008889208480972317}}