{"mean":{"confidence_interval":{"confidence_level":0.95,"lower_bound":-0.25809490869304214,"upper_bound":-0.23214465330133205},"point_estimate":-0.24503349174111733,"standard_error":0.006607195320824474},"median":{"confidence_interval":{"confidence_level":0.95,"lower_bound":-0.26237585725453416,"upper_bound":-0.2251473462420741},"point_estimate":-0.2428246823427046,"standard_error":0.010429489532333825}}