{"mean":{"confidence_interval":{"confidence_level":0.95,"lower_bound":0.10078095212268982,"upper_bound":0.1382294861967948},"point_estimate":0.11904165372774989,"standard_error":0.009567470408585356},"median":{"confidence_interval":{"confidence_level":0.95,"lower_bound":0.1089879875484105,"upper_bound":0.14828296504549265},"point_estimate":0.12989961580071863,"standard_error":0.010174509403385469}}