{"mean":{"confidence_interval":{"confidence_level":0.95,"lower_bound":-0.12039822765830649,"upper_bound":-0.10749316198640593},"point_estimate":-0.1139515398546036,"standard_error":0.003302800332624079},"median":{"confidence_interval":{"confidence_level":0.95,"lower_bound":-0.12441526990904894,"upper_bound":-0.1118290569373731},"point_estimate":-0.11692695051110935,"standard_error":0.0036897230920443563}}