{"mean":{"confidence_interval":{"confidence_level":0.95,"lower_bound":0.009124434713406194,"upper_bound":0.023515641190985547},"point_estimate":0.016169443643421877,"standard_error":0.003688129830724053},"median":{"confidence_interval":{"confidence_level":0.95,"lower_bound":-0.007874261535023463,"upper_bound":0.002183710798352667},"point_estimate":-0.004429558578346926,"standard_error":0.002758375717781033}}