{"mean":{"confidence_interval":{"confidence_level":0.95,"lower_bound":-0.27149937954848424,"upper_bound":-0.25541337281028376},"point_estimate":-0.26394279724272385,"standard_error":0.004014635528572071},"median":{"confidence_interval":{"confidence_level":0.95,"lower_bound":-0.28511662450946657,"upper_bound":-0.2658229404742276},"point_estimate":-0.27427121833652945,"standard_error":0.00483276412917157}}