{"mean":{"confidence_interval":{"confidence_level":0.95,"lower_bound":0.2515425825278264,"upper_bound":0.2746052759412275},"point_estimate":0.26282102504279137,"standard_error":0.005850298673206157},"median":{"confidence_interval":{"confidence_level":0.95,"lower_bound":0.2421195100458553,"upper_bound":0.29361104854076925},"point_estimate":0.2463944482667968,"standard_error":0.013422339309505725}}