{"mean":{"confidence_interval":{"confidence_level":0.95,"lower_bound":0.1067507770532865,"upper_bound":0.13051349935681714},"point_estimate":0.11836635399267603,"standard_error":0.005843181538651426},"median":{"confidence_interval":{"confidence_level":0.95,"lower_bound":0.10012302022475028,"upper_bound":0.13001626163599633},"point_estimate":0.11568174179735924,"standard_error":0.007974898966561006}}