{"mean":{"confidence_interval":{"confidence_level":0.95,"lower_bound":-0.15281638384575524,"upper_bound":-0.11259184309035783},"point_estimate":-0.13287605610190956,"standard_error":0.010175690432215518},"median":{"confidence_interval":{"confidence_level":0.95,"lower_bound":-0.14218180214405707,"upper_bound":-0.10415898519012334},"point_estimate":-0.12237746780729875,"standard_error":0.009315282649104438}}