{"mean":{"confidence_interval":{"confidence_level":0.95,"lower_bound":0.3264566743309071,"upper_bound":0.3613241769321786},"point_estimate":0.3426719905791773,"standard_error":0.009221288236718314},"median":{"confidence_interval":{"confidence_level":0.95,"lower_bound":0.3122673611123874,"upper_bound":0.3419191533573893},"point_estimate":0.3271444714078289,"standard_error":0.007218940138664535}}