{"mean":{"confidence_interval":{"confidence_level":0.95,"lower_bound":0.012167580348099056,"upper_bound":0.06227308643560859},"point_estimate":0.03865473909874284,"standard_error":0.012695368282336673},"median":{"confidence_interval":{"confidence_level":0.95,"lower_bound":0.016247364377843354,"upper_bound":0.06195312155640775},"point_estimate":0.03784614604864078,"standard_error":0.011962108805499852}}