{"mean":{"confidence_interval":{"confidence_level":0.95,"lower_bound":-0.050920372241678176,"upper_bound":-0.01239959452133112},"point_estimate":-0.032002714178521185,"standard_error":0.009830344977906292},"median":{"confidence_interval":{"confidence_level":0.95,"lower_bound":-0.05946095495305681,"upper_bound":-0.014209746132914702},"point_estimate":-0.03490446300668537,"standard_error":0.012726469917531947}}