{"mean":{"confidence_interval":{"confidence_level":0.95,"lower_bound":0.20520546359637978,"upper_bound":0.24960301362178391},"point_estimate":0.2245875270319604,"standard_error":0.01116504638618763},"median":{"confidence_interval":{"confidence_level":0.95,"lower_bound":0.1709828459412072,"upper_bound":0.20269172441302974},"point_estimate":0.1837937325730381,"standard_error":0.008087497638407735}}