{"mean":{"confidence_interval":{"confidence_level":0.95,"lower_bound":-0.26704161964998857,"upper_bound":-0.25368538381895095},"point_estimate":-0.26058888125863444,"standard_error":0.0033361984883380257},"median":{"confidence_interval":{"confidence_level":0.95,"lower_bound":-0.27099515810688046,"upper_bound":-0.262060203842841},"point_estimate":-0.2672511545474152,"standard_error":0.0019991054805505873}}