{"mean":{"confidence_interval":{"confidence_level":0.95,"lower_bound":0.2502552138785343,"upper_bound":0.2927383177294194},"point_estimate":0.27087124324276823,"standard_error":0.011116911386565275},"median":{"confidence_interval":{"confidence_level":0.95,"lower_bound":0.23145442542893746,"upper_bound":0.2743205452386368},"point_estimate":0.24132956617039802,"standard_error":0.010942975170690872}}