{"mean":{"confidence_interval":{"confidence_level":0.95,"lower_bound":-0.05264811600646647,"upper_bound":-0.03344233467431806},"point_estimate":-0.043099899390561136,"standard_error":0.004941300308464486},"median":{"confidence_interval":{"confidence_level":0.95,"lower_bound":-0.06983422214972568,"upper_bound":-0.038347588915553676},"point_estimate":-0.05132744862223859,"standard_error":0.00665091112546552}}