{"mean":{"confidence_interval":{"confidence_level":0.95,"lower_bound":-0.10258516813539231,"upper_bound":-0.07031883808583146},"point_estimate":-0.08653764321121615,"standard_error":0.008205682439021008},"median":{"confidence_interval":{"confidence_level":0.95,"lower_bound":-0.12202647288500457,"upper_bound":-0.0680364431194811},"point_estimate":-0.10191291403067138,"standard_error":0.014219575588479302}}