{"mean":{"confidence_interval":{"confidence_level":0.95,"lower_bound":0.0147527232857641,"upper_bound":0.05011099211860431},"point_estimate":0.030024814829606505,"standard_error":0.008771978574652848},"median":{"confidence_interval":{"confidence_level":0.95,"lower_bound":0.0004379367395641598,"upper_bound":0.047812369661516474},"point_estimate":0.02304905765967802,"standard_error":0.012025858914787236}}