{"mean":{"confidence_interval":{"confidence_level":0.95,"lower_bound":-0.24329526657540113,"upper_bound":-0.21404567277723896},"point_estimate":-0.22889430527352994,"standard_error":0.007457482674111604},"median":{"confidence_interval":{"confidence_level":0.95,"lower_bound":-0.25826269656265577,"upper_bound":-0.22549230195885506},"point_estimate":-0.24153052826035948,"standard_error":0.009564374871596082}}