{"mean":{"confidence_interval":{"confidence_level":0.95,"lower_bound":-0.00013529049559958618,"upper_bound":0.0354287756165843},"point_estimate":0.017838555428882685,"standard_error":0.009084984949328497},"median":{"confidence_interval":{"confidence_level":0.95,"lower_bound":-0.00037635562856008775,"upper_bound":0.0417583724135846},"point_estimate":0.02255667939853434,"standard_error":0.012684256470428206}}