{"mean":{"confidence_interval":{"confidence_level":0.95,"lower_bound":-0.09421313399781468,"upper_bound":-0.06694961090952894},"point_estimate":-0.0804855096275846,"standard_error":0.0069559198713744},"median":{"confidence_interval":{"confidence_level":0.95,"lower_bound":-0.0877538382708033,"upper_bound":-0.06183626406227874},"point_estimate":-0.07523125227950345,"standard_error":0.007051071725417351}}