{"mean":{"confidence_interval":{"confidence_level":0.95,"lower_bound":-0.09808827021757402,"upper_bound":0.05775757814106791},"point_estimate":-0.03971897613891917,"standard_error":0.04486289739855356},"median":{"confidence_interval":{"confidence_level":0.95,"lower_bound":-0.11752650036282586,"upper_bound":-0.09305650290482337},"point_estimate":-0.10523865014294664,"standard_error":0.0060110251655156885}}