{"mean":{"confidence_interval":{"confidence_level":0.95,"lower_bound":-0.10517999015184984,"upper_bound":-0.07343492060833756},"point_estimate":-0.08932085740477602,"standard_error":0.00810012383812136},"median":{"confidence_interval":{"confidence_level":0.95,"lower_bound":-0.1114257036227222,"upper_bound":-0.07073030724593321},"point_estimate":-0.09037566439229039,"standard_error":0.011635047828098589}}