{"mean":{"confidence_interval":{"confidence_level":0.95,"lower_bound":0.006181691419930947,"upper_bound":0.05287945655929788},"point_estimate":0.02904480447526092,"standard_error":0.011892289841209911},"median":{"confidence_interval":{"confidence_level":0.95,"lower_bound":0.021917444238164573,"upper_bound":0.04584353232275418},"point_estimate":0.03464047696807304,"standard_error":0.006140132972383525}}