{"mean":{"confidence_interval":{"confidence_level":0.95,"lower_bound":0.0041667611032465,"upper_bound":0.02395959198971039},"point_estimate":0.014272993792699973,"standard_error":0.004986202919430083},"median":{"confidence_interval":{"confidence_level":0.95,"lower_bound":-0.02333434586949623,"upper_bound":0.014936456327447667},"point_estimate":-0.001314105124881837,"standard_error":0.011155648829366675}}