{"mean":{"confidence_interval":{"confidence_level":0.95,"lower_bound":-0.021785382998237686,"upper_bound":0.025773712575448613},"point_estimate":0.00003519351632275125,"standard_error":0.012318936720864461},"median":{"confidence_interval":{"confidence_level":0.95,"lower_bound":-0.03988358093093891,"upper_bound":-0.01775893572581666},"point_estimate":-0.028540612704979873,"standard_error":0.0052642422753997635}}