{"mean":{"confidence_interval":{"confidence_level":0.95,"lower_bound":-0.06663423122264407,"upper_bound":-0.014620402712004599},"point_estimate":-0.03677994975241072,"standard_error":0.013503814121952309},"median":{"confidence_interval":{"confidence_level":0.95,"lower_bound":-0.03243454778494454,"upper_bound":0.00170858432630272},"point_estimate":-0.014808120348479115,"standard_error":0.009321724657528603}}