{"mean":{"confidence_interval":{"confidence_level":0.95,"lower_bound":0.023747430388183215,"upper_bound":0.042144349049937135},"point_estimate":0.03262659742874008,"standard_error":0.004635680581546166},"median":{"confidence_interval":{"confidence_level":0.95,"lower_bound":0.013430829609338613,"upper_bound":0.029867230525270516},"point_estimate":0.017140494866676237,"standard_error":0.004159354124217061}}