{"mean":{"confidence_interval":{"confidence_level":0.95,"lower_bound":-0.17170585636104424,"upper_bound":-0.14031521171383723},"point_estimate":-0.15529099768421184,"standard_error":0.00802325465566458},"median":{"confidence_interval":{"confidence_level":0.95,"lower_bound":-0.15669873084658759,"upper_bound":-0.13058986141239404},"point_estimate":-0.14471375986097001,"standard_error":0.006177295888347097}}