{"mean":{"confidence_interval":{"confidence_level":0.95,"lower_bound":0.07734108386789251,"upper_bound":0.2855033962490829},"point_estimate":0.15239296509828093,"standard_error":0.06140904908475887},"median":{"confidence_interval":{"confidence_level":0.95,"lower_bound":0.05714763322615135,"upper_bound":0.1145823958318044},"point_estimate":0.07824774290234782,"standard_error":0.015236900565496909}}