{"mean":{"confidence_interval":{"confidence_level":0.95,"lower_bound":-0.0364967025631292,"upper_bound":0.008555125367961179},"point_estimate":-0.02112434554407694,"standard_error":0.011707022527885086},"median":{"confidence_interval":{"confidence_level":0.95,"lower_bound":-0.05558611308938033,"upper_bound":-0.029909088850204935},"point_estimate":-0.042350820193273964,"standard_error":0.006714854356891032}}