{"mean":{"confidence_interval":{"confidence_level":0.95,"lower_bound":-0.30682058793776185,"upper_bound":-0.2812888986139681},"point_estimate":-0.293030541336162,"standard_error":0.0065232409915599214},"median":{"confidence_interval":{"confidence_level":0.95,"lower_bound":-0.29656543843131977,"upper_bound":-0.27543241971565496},"point_estimate":-0.2866627995172787,"standard_error":0.004826865825542217}}