{"mean":{"confidence_interval":{"confidence_level":0.95,"lower_bound":-0.11651509146319718,"upper_bound":-0.10189291815967749},"point_estimate":-0.10936497225088193,"standard_error":0.0037610824872124048},"median":{"confidence_interval":{"confidence_level":0.95,"lower_bound":-0.11611077554790983,"upper_bound":-0.10279966691035303},"point_estimate":-0.10685938576849563,"standard_error":0.003143347474083449}}