{"mean":{"confidence_interval":{"confidence_level":0.95,"lower_bound":0.281891916629883,"upper_bound":0.3253091275464676},"point_estimate":0.30196454541127826,"standard_error":0.01087866772220079},"median":{"confidence_interval":{"confidence_level":0.95,"lower_bound":0.2632862127599267,"upper_bound":0.2946893991740098},"point_estimate":0.2737222834799631,"standard_error":0.008765452221952586}}