{"mean":{"confidence_interval":{"confidence_level":0.95,"lower_bound":-0.038002455153326654,"upper_bound":-0.0012904496799830154},"point_estimate":-0.019967939291836823,"standard_error":0.009346060090873486},"median":{"confidence_interval":{"confidence_level":0.95,"lower_bound":-0.06827489591910096,"upper_bound":-0.001047472073029021},"point_estimate":-0.03363094619541296,"standard_error":0.01514661496186048}}