{"mean":{"confidence_interval":{"confidence_level":0.95,"lower_bound":-0.36627196661540473,"upper_bound":-0.3579214552575983},"point_estimate":-0.36245100060744806,"standard_error":0.0021238589154148418},"median":{"confidence_interval":{"confidence_level":0.95,"lower_bound":-0.365477288835409,"upper_bound":-0.35720892528529824},"point_estimate":-0.36154154585405907,"standard_error":0.002120742750343766}}