{"mean":{"confidence_interval":{"confidence_level":0.95,"lower_bound":0.12096553676142692,"upper_bound":0.15131440971232277},"point_estimate":0.13683046381209252,"standard_error":0.007747081542316853},"median":{"confidence_interval":{"confidence_level":0.95,"lower_bound":0.14838677235713305,"upper_bound":0.17275464501657337},"point_estimate":0.15966941816560554,"standard_error":0.006814274178073054}}