{"mean":{"confidence_interval":{"confidence_level":0.95,"lower_bound":0.061255723901130724,"upper_bound":0.07702024692096177},"point_estimate":0.06912848714389841,"standard_error":0.004028627249917016},"median":{"confidence_interval":{"confidence_level":0.95,"lower_bound":0.05465039604587263,"upper_bound":0.07182693092984826},"point_estimate":0.05854391301084916,"standard_error":0.004307266321922697}}