{"mean":{"confidence_interval":{"confidence_level":0.95,"lower_bound":-0.1019741406359906,"upper_bound":-0.08720396431283971},"point_estimate":-0.09513597915801708,"standard_error":0.0037306064419013415},"median":{"confidence_interval":{"confidence_level":0.95,"lower_bound":-0.0962713220073621,"upper_bound":-0.09106559472145626},"point_estimate":-0.09376023435479741,"standard_error":0.0013065685062307283}}