{"mean":{"confidence_interval":{"confidence_level":0.95,"lower_bound":0.19732947650241273,"upper_bound":0.2016640760178777},"point_estimate":0.19963780894476013,"standard_error":0.0011048126224621826},"median":{"confidence_interval":{"confidence_level":0.95,"lower_bound":0.19960543091397898,"upper_bound":0.20183975785904296},"point_estimate":0.2008492573225038,"standard_error":0.0005703091769285405}}