{"mean":{"confidence_interval":{"confidence_level":0.95,"lower_bound":0.616147321619533,"upper_bound":0.6727384027370132},"point_estimate":0.6433539915309798,"standard_error":0.014514628274745936},"median":{"confidence_interval":{"confidence_level":0.95,"lower_bound":0.5623707314318345,"upper_bound":0.6331436228735587},"point_estimate":0.5982344985699328,"standard_error":0.01783202881885334}}