{"mean":{"confidence_interval":{"confidence_level":0.95,"lower_bound":0.08958014652590453,"upper_bound":0.15047793116259722},"point_estimate":0.11872605214904253,"standard_error":0.01563897908009832},"median":{"confidence_interval":{"confidence_level":0.95,"lower_bound":0.068162154574118,"upper_bound":0.14295224479296076},"point_estimate":0.09347688908098961,"standard_error":0.018599927917647266}}