{"mean":{"confidence_interval":{"confidence_level":0.95,"lower_bound":-0.04630937264639204,"upper_bound":-0.021311680810447074},"point_estimate":-0.0357906020854486,"standard_error":0.006552005819907404},"median":{"confidence_interval":{"confidence_level":0.95,"lower_bound":-0.056970424314339185,"upper_bound":-0.04502482365413263},"point_estimate":-0.05197746225943933,"standard_error":0.0027631499511786123}}