{"mean":{"confidence_interval":{"confidence_level":0.95,"lower_bound":0.028928330173407735,"upper_bound":0.06981137929533994},"point_estimate":0.049016524087377666,"standard_error":0.010778482647234728},"median":{"confidence_interval":{"confidence_level":0.95,"lower_bound":-0.01972269336833854,"upper_bound":-0.002316669237383606},"point_estimate":-0.01213771532495811,"standard_error":0.004565761467424358}}