{"mean":{"confidence_interval":{"confidence_level":0.95,"lower_bound":0.15051737815695643,"upper_bound":0.347613224516267},"point_estimate":0.2231464215815564,"standard_error":0.05608666809202655},"median":{"confidence_interval":{"confidence_level":0.95,"lower_bound":0.1332474897217404,"upper_bound":0.1795619323520743},"point_estimate":0.1606001610492951,"standard_error":0.012457792046003101}}