{"mean":{"confidence_interval":{"confidence_level":0.95,"lower_bound":0.06841854611954334,"upper_bound":0.09974692949500373},"point_estimate":0.08249779500903687,"standard_error":0.007409987863622299},"median":{"confidence_interval":{"confidence_level":0.95,"lower_bound":0.0685558690554273,"upper_bound":0.1150701280529911},"point_estimate":0.09437036276693545,"standard_error":0.010963222586216324}}