{"mean":{"confidence_interval":{"confidence_level":0.95,"lower_bound":0.642715805477608,"upper_bound":0.678624957523573},"point_estimate":0.6611358830365639,"standard_error":0.009041840637007019},"median":{"confidence_interval":{"confidence_level":0.95,"lower_bound":0.6173512617199031,"upper_bound":0.6532900433208625},"point_estimate":0.6343989882333436,"standard_error":0.008932815210671028}}