{"mean":{"confidence_interval":{"confidence_level":0.95,"lower_bound":-0.41646835165834917,"upper_bound":-0.3825134651011198},"point_estimate":-0.3990728290488432,"standard_error":0.008715816265186159},"median":{"confidence_interval":{"confidence_level":0.95,"lower_bound":-0.453442593810934,"upper_bound":-0.4271264289227047},"point_estimate":-0.44424079087946367,"standard_error":0.007736069871104492}}