{"mean":{"confidence_interval":{"confidence_level":0.95,"lower_bound":-0.4844088565462188,"upper_bound":-0.4525573233828526},"point_estimate":-0.46893411158736353,"standard_error":0.008091839731615915},"median":{"confidence_interval":{"confidence_level":0.95,"lower_bound":-0.4777633495850203,"upper_bound":-0.45179626530060535},"point_estimate":-0.46172097175976057,"standard_error":0.006757777277187254}}