{"mean":{"confidence_interval":{"confidence_level":0.95,"lower_bound":-0.42742378368592326,"upper_bound":-0.39804422269653655},"point_estimate":-0.4132824810183834,"standard_error":0.007563217548725053},"median":{"confidence_interval":{"confidence_level":0.95,"lower_bound":-0.45874509951247455,"upper_bound":-0.4392960629667375},"point_estimate":-0.44930884133600535,"standard_error":0.004702588800483276}}