{"mean":{"confidence_interval":{"confidence_level":0.95,"lower_bound":0.24482963435842384,"upper_bound":0.2959741826364937},"point_estimate":0.2675470599872838,"standard_error":0.012833005697024003},"median":{"confidence_interval":{"confidence_level":0.95,"lower_bound":0.22175804170051117,"upper_bound":0.23356130786821638},"point_estimate":0.22709355398992437,"standard_error":0.0033783704107359855}}