{"mean":{"confidence_interval":{"confidence_level":0.95,"lower_bound":0.07736510466223956,"upper_bound":0.1362964528640227},"point_estimate":0.10169775926324043,"standard_error":0.014960017481253014},"median":{"confidence_interval":{"confidence_level":0.95,"lower_bound":0.005711401233177593,"upper_bound":0.03870837380249492},"point_estimate":0.007635159968031768,"standard_error":0.01198685892458858}}