{"mean":{"confidence_interval":{"confidence_level":0.95,"lower_bound":0.03722818456136225,"upper_bound":0.07053123957311669},"point_estimate":0.05384755683376263,"standard_error":0.008479207990256194},"median":{"confidence_interval":{"confidence_level":0.95,"lower_bound":-0.009534433881558058,"upper_bound":0.00343419059846479},"point_estimate":-0.00427255194422993,"standard_error":0.003026306683402539}}