{"mean":{"confidence_interval":{"confidence_level":0.95,"lower_bound":-0.3389068736391494,"upper_bound":-0.291130002395612},"point_estimate":-0.3103034998552813,"standard_error":0.012892599721806512},"median":{"confidence_interval":{"confidence_level":0.95,"lower_bound":-0.29837001651950545,"upper_bound":-0.28029210253731773},"point_estimate":-0.28511592734693125,"standard_error":0.0044188529762156864}}