{"mean":{"confidence_interval":{"confidence_level":0.95,"lower_bound":0.45582880468644393,"upper_bound":0.4966123585736116},"point_estimate":0.47604127847621336,"standard_error":0.010272161397085764},"median":{"confidence_interval":{"confidence_level":0.95,"lower_bound":0.41608029938268953,"upper_bound":0.505790440181697},"point_estimate":0.445614235501101,"standard_error":0.022237632741061004}}