{"mean":{"confidence_interval":{"confidence_level":0.95,"lower_bound":-0.267902949839541,"upper_bound":-0.24945826700332682},"point_estimate":-0.25832324839917675,"standard_error":0.004717587643248895},"median":{"confidence_interval":{"confidence_level":0.95,"lower_bound":-0.2597088663489927,"upper_bound":-0.24256354003797434},"point_estimate":-0.25053547895661776,"standard_error":0.004560647865450118}}