{"mean":{"confidence_interval":{"confidence_level":0.95,"lower_bound":0.07857133753732028,"upper_bound":0.11613364815726716},"point_estimate":0.0983059652440621,"standard_error":0.009637829684113697},"median":{"confidence_interval":{"confidence_level":0.95,"lower_bound":0.12836251904376716,"upper_bound":0.1307808798517214},"point_estimate":0.12942850750969015,"standard_error":0.0007212199830085026}}