{"mean":{"confidence_interval":{"confidence_level":0.95,"lower_bound":-0.0726091699725262,"upper_bound":-0.013349501809678355},"point_estimate":-0.04501285046867942,"standard_error":0.014952535360285556},"median":{"confidence_interval":{"confidence_level":0.95,"lower_bound":-0.15785831760793156,"upper_bound":-0.05426451516680442},"point_estimate":-0.14693171902128488,"standard_error":0.03355871752406478}}