{"mean":{"confidence_interval":{"confidence_level":0.95,"lower_bound":0.8851378379726783,"upper_bound":0.923093215652866},"point_estimate":0.9039652131774485,"standard_error":0.009886116252206428},"median":{"confidence_interval":{"confidence_level":0.95,"lower_bound":0.8826488921303905,"upper_bound":0.9386698631684394},"point_estimate":0.9041174557323965,"standard_error":0.012499119292914699}}