{"mean":{"confidence_interval":{"confidence_level":0.95,"lower_bound":0.2891302617405449,"upper_bound":0.3495207081014886},"point_estimate":0.32149342680946047,"standard_error":0.015551746157162661},"median":{"confidence_interval":{"confidence_level":0.95,"lower_bound":0.22353859249596297,"upper_bound":0.24749636102221184},"point_estimate":0.23248361402848938,"standard_error":0.006471331751460949}}