{"mean":{"confidence_interval":{"confidence_level":0.95,"lower_bound":-0.4449990116324424,"upper_bound":-0.41726697436530663},"point_estimate":-0.4317362295813414,"standard_error":0.007073584137175634},"median":{"confidence_interval":{"confidence_level":0.95,"lower_bound":-0.453178626475673,"upper_bound":-0.41967894927261},"point_estimate":-0.4380930224713979,"standard_error":0.008757954017056625}}