{"mean":{"confidence_interval":{"confidence_level":0.95,"lower_bound":-0.4345349339921884,"upper_bound":-0.38653300439366317},"point_estimate":-0.4079243781668027,"standard_error":0.01239001723729535},"median":{"confidence_interval":{"confidence_level":0.95,"lower_bound":-0.4132256229504786,"upper_bound":-0.398043575006083},"point_estimate":-0.40206951330275276,"standard_error":0.0036973653157353088}}