{"mean":{"confidence_interval":{"confidence_level":0.95,"lower_bound":-0.42101915909610316,"upper_bound":-0.38230391451986984},"point_estimate":-0.40231409599623336,"standard_error":0.010002204046325945},"median":{"confidence_interval":{"confidence_level":0.95,"lower_bound":-0.4696121917662554,"upper_bound":-0.4468045469029588},"point_estimate":-0.46510373458084264,"standard_error":0.010883953148265058}}