{"mean":{"confidence_interval":{"confidence_level":0.95,"lower_bound":-0.35309890501600744,"upper_bound":-0.3333781807383138},"point_estimate":-0.34319987500493854,"standard_error":0.005018402751845109},"median":{"confidence_interval":{"confidence_level":0.95,"lower_bound":-0.3502626446756838,"upper_bound":-0.32802193045860084},"point_estimate":-0.33857034689259635,"standard_error":0.005298895404458195}}