{"mean":{"confidence_interval":{"confidence_level":0.95,"lower_bound":-0.3459382193843459,"upper_bound":-0.31260048790105344},"point_estimate":-0.3293468780084218,"standard_error":0.008470211187997498},"median":{"confidence_interval":{"confidence_level":0.95,"lower_bound":-0.324166651753502,"upper_bound":-0.29065729694935105},"point_estimate":-0.30339001234430374,"standard_error":0.008777065096419966}}