{"mean":{"confidence_interval":{"confidence_level":0.95,"lower_bound":0.12533935175716365,"upper_bound":0.1499954363148508},"point_estimate":0.13807338975849248,"standard_error":0.006295339851603245},"median":{"confidence_interval":{"confidence_level":0.95,"lower_bound":0.14185906491168954,"upper_bound":0.14852516807214888},"point_estimate":0.14480636897667565,"standard_error":0.0015799284885349507}}