{"mean":{"confidence_interval":{"confidence_level":0.95,"lower_bound":0.03407520194053204,"upper_bound":0.05139045082294325},"point_estimate":0.04277877522216511,"standard_error":0.004432759276080739},"median":{"confidence_interval":{"confidence_level":0.95,"lower_bound":0.02892559812320461,"upper_bound":0.03888787411069017},"point_estimate":0.037016262712584735,"standard_error":0.0029159684383260522}}