{"mean":{"confidence_interval":{"confidence_level":0.95,"lower_bound":1.140827820021906,"upper_bound":1.1876832851825472},"point_estimate":1.1634820624584616,"standard_error":0.012735739973565717},"median":{"confidence_interval":{"confidence_level":0.95,"lower_bound":1.1714624633385498,"upper_bound":1.2163745027284538},"point_estimate":1.186306645037205,"standard_error":0.011402664254049183}}