{"mean":{"confidence_interval":{"confidence_level":0.95,"lower_bound":-0.3858309908987506,"upper_bound":-0.37342376505841374},"point_estimate":-0.37962013759498436,"standard_error":0.003166483634219989},"median":{"confidence_interval":{"confidence_level":0.95,"lower_bound":-0.38401557590318636,"upper_bound":-0.37019913238598223},"point_estimate":-0.37892759178184854,"standard_error":0.003521442050072513}}