{"mean":{"confidence_interval":{"confidence_level":0.95,"lower_bound":0.7582434170568019,"upper_bound":0.8198586492309566},"point_estimate":0.7874993223554185,"standard_error":0.01591057463551063},"median":{"confidence_interval":{"confidence_level":0.95,"lower_bound":0.7306401534979077,"upper_bound":0.7982685181421416},"point_estimate":0.7618267419549793,"standard_error":0.018815268076133113}}