{"mean":{"confidence_interval":{"confidence_level":0.95,"lower_bound":-0.31921064281748723,"upper_bound":-0.29252061501338644},"point_estimate":-0.3049083790353798,"standard_error":0.006758570079861512},"median":{"confidence_interval":{"confidence_level":0.95,"lower_bound":-0.31691418976092267,"upper_bound":-0.28771278499560005},"point_estimate":-0.29787740183193,"standard_error":0.00780372074925032}}