{"mean":{"confidence_interval":{"confidence_level":0.95,"lower_bound":0.15774549638938357,"upper_bound":0.19050859610422574},"point_estimate":0.17239149035404377,"standard_error":0.007807359116789403},"median":{"confidence_interval":{"confidence_level":0.95,"lower_bound":0.16427725612962996,"upper_bound":0.182689227334758},"point_estimate":0.1740328870659833,"standard_error":0.004730810629655145}}