{"mean":{"confidence_interval":{"confidence_level":0.95,"lower_bound":-0.039211219944191585,"upper_bound":-0.011995718579884426},"point_estimate":-0.024185962527018434,"standard_error":0.007032021940958591},"median":{"confidence_interval":{"confidence_level":0.95,"lower_bound":-0.00703783364133292,"upper_bound":-0.005548952723458234},"point_estimate":-0.00625398926431131,"standard_error":0.00037381030538057063}}