{"mean":{"confidence_interval":{"confidence_level":0.95,"lower_bound":-0.046178364976577665,"upper_bound":-0.03207338469582983},"point_estimate":-0.03943619229395934,"standard_error":0.003607885768177154},"median":{"confidence_interval":{"confidence_level":0.95,"lower_bound":-0.05567088944305814,"upper_bound":-0.04343815500050141},"point_estimate":-0.05050979089559193,"standard_error":0.0028065176914967987}}