{"mean":{"confidence_interval":{"confidence_level":0.95,"lower_bound":0.2615954795308973,"upper_bound":0.26571178596648787},"point_estimate":0.26376083986591237,"standard_error":0.0010538620674322098},"median":{"confidence_interval":{"confidence_level":0.95,"lower_bound":0.26327793718521164,"upper_bound":0.2659168947996666},"point_estimate":0.2643153980224433,"standard_error":0.0006392347156113291}}