{"mean":{"confidence_interval":{"confidence_level":0.95,"lower_bound":-0.30629013810402256,"upper_bound":-0.278705118799889},"point_estimate":-0.29284327429659984,"standard_error":0.007027030149362585},"median":{"confidence_interval":{"confidence_level":0.95,"lower_bound":-0.33258897807531296,"upper_bound":-0.31752367630583},"point_estimate":-0.32699810142284924,"standard_error":0.0038335700431394344}}