{"mean":{"confidence_interval":{"confidence_level":0.95,"lower_bound":0.7284086856443345,"upper_bound":0.8066279289876519},"point_estimate":0.7686201713880698,"standard_error":0.019184162180201674},"median":{"confidence_interval":{"confidence_level":0.95,"lower_bound":0.7080198568940828,"upper_bound":0.8105566002238604},"point_estimate":0.749963360788555,"standard_error":0.031212403259244726}}