{"mean":{"confidence_interval":{"confidence_level":0.95,"lower_bound":0.1134520359483143,"upper_bound":0.18570632370361215},"point_estimate":0.14520518877488842,"standard_error":0.018936267953175358},"median":{"confidence_interval":{"confidence_level":0.95,"lower_bound":0.1252510848189511,"upper_bound":0.16547208914804945},"point_estimate":0.14449119226741813,"standard_error":0.009996206350889554}}