{"mean":{"confidence_interval":{"confidence_level":0.95,"lower_bound":0.39058158143731053,"upper_bound":0.471784461640605},"point_estimate":0.4310814418400164,"standard_error":0.02080246401872067},"median":{"confidence_interval":{"confidence_level":0.95,"lower_bound":0.37701815477576206,"upper_bound":0.4254739683876485},"point_estimate":0.38737255362719525,"standard_error":0.012139414729541003}}