{"mean":{"confidence_interval":{"confidence_level":0.95,"lower_bound":0.0036837516752943117,"upper_bound":0.0074886822299617345},"point_estimate":0.005551653832483794,"standard_error":0.0009580509413340461},"median":{"confidence_interval":{"confidence_level":0.95,"lower_bound":0.003314544597763147,"upper_bound":0.006635731497328656},"point_estimate":0.004573376130393214,"standard_error":0.0008476898531996828}}