{"mean":{"confidence_interval":{"confidence_level":0.95,"lower_bound":-0.043381116756061044,"upper_bound":0.003347343351862264},"point_estimate":-0.020713258669883716,"standard_error":0.01211270786587147},"median":{"confidence_interval":{"confidence_level":0.95,"lower_bound":-0.05107953324550041,"upper_bound":-0.009278636542467744},"point_estimate":-0.02882293720273399,"standard_error":0.0107927650413826}}