{"mean":{"confidence_interval":{"confidence_level":0.95,"lower_bound":0.6202412486825746,"upper_bound":0.7310290115093698},"point_estimate":0.6698601114512008,"standard_error":0.0281835558109754},"median":{"confidence_interval":{"confidence_level":0.95,"lower_bound":0.5752895391272401,"upper_bound":0.6449483087220053},"point_estimate":0.6097340557001818,"standard_error":0.01822133033596959}}