{"mean":{"confidence_interval":{"confidence_level":0.95,"lower_bound":0.5803874184060038,"upper_bound":0.6480713572842713},"point_estimate":0.6146051061483577,"standard_error":0.017595449973997535},"median":{"confidence_interval":{"confidence_level":0.95,"lower_bound":0.5497175676617416,"upper_bound":0.6412471267097107},"point_estimate":0.611211794762837,"standard_error":0.0239590671348451}}