{"mean":{"confidence_interval":{"confidence_level":0.95,"lower_bound":0.6368441896725061,"upper_bound":0.6836366999741829},"point_estimate":0.662020753737409,"standard_error":0.01207883070652508},"median":{"confidence_interval":{"confidence_level":0.95,"lower_bound":0.6406097071299868,"upper_bound":0.6773135106365328},"point_estimate":0.6683078449928044,"standard_error":0.009692912700673096}}