{"mean":{"confidence_interval":{"confidence_level":0.95,"lower_bound":-0.47723577522014504,"upper_bound":-0.4476164272692139},"point_estimate":-0.46206874201796067,"standard_error":0.007519032360500743},"median":{"confidence_interval":{"confidence_level":0.95,"lower_bound":-0.5170895113188341,"upper_bound":-0.438414017064655},"point_estimate":-0.5087693821900784,"standard_error":0.018157830278338543}}