{"mean":{"confidence_interval":{"confidence_level":0.95,"lower_bound":-0.5002619806982584,"upper_bound":-0.4798629936268838},"point_estimate":-0.4898427824491287,"standard_error":0.0052230756501681404},"median":{"confidence_interval":{"confidence_level":0.95,"lower_bound":-0.5005717171567181,"upper_bound":-0.49366845041903396},"point_estimate":-0.497645523397226,"standard_error":0.001731991322848215}}