{"mean":{"confidence_interval":{"confidence_level":0.95,"lower_bound":-0.3831094829658139,"upper_bound":-0.368966402745622},"point_estimate":-0.3760183102132485,"standard_error":0.0036052272100429903},"median":{"confidence_interval":{"confidence_level":0.95,"lower_bound":-0.37949230962065905,"upper_bound":-0.3635750756707782},"point_estimate":-0.3720006139536801,"standard_error":0.004051295240043997}}