{"mean":{"confidence_interval":{"confidence_level":0.95,"lower_bound":0.019872072285531388,"upper_bound":0.05593450001132433},"point_estimate":0.03812570146284466,"standard_error":0.009247008172470962},"median":{"confidence_interval":{"confidence_level":0.95,"lower_bound":0.0003096865178962016,"upper_bound":0.06141195552550638},"point_estimate":0.029981083337526027,"standard_error":0.015163593889816616}}