{"mean":{"confidence_interval":{"confidence_level":0.95,"lower_bound":0.05667937775461943,"upper_bound":0.0965460585768656},"point_estimate":0.07615068076670628,"standard_error":0.01023259076787815},"median":{"confidence_interval":{"confidence_level":0.95,"lower_bound":0.005749525681717937,"upper_bound":0.01862816937185574},"point_estimate":0.011059846834989395,"standard_error":0.002971064509948132}}