{"mean":{"confidence_interval":{"confidence_level":0.95,"lower_bound":-0.01146858642937495,"upper_bound":0.34484588195770244},"point_estimate":0.1515587674893606,"standard_error":0.09096220824988115},"median":{"confidence_interval":{"confidence_level":0.95,"lower_bound":-0.0021518406722006445,"upper_bound":0.00418296987554112},"point_estimate":0.0015273015922772082,"standard_error":0.0016803317571973593}}