{"mean":{"confidence_interval":{"confidence_level":0.95,"lower_bound":-0.031137562973298782,"upper_bound":0.010755415014078451},"point_estimate":-0.01028682003853787,"standard_error":0.01070382926152566},"median":{"confidence_interval":{"confidence_level":0.95,"lower_bound":-0.009628684941457818,"upper_bound":0.022272911509086276},"point_estimate":0.006498644058940517,"standard_error":0.00738562311946349}}