{"mean":{"confidence_interval":{"confidence_level":0.95,"lower_bound":0.0502034801287787,"upper_bound":0.0987616139344539},"point_estimate":0.07385742932574257,"standard_error":0.012732678201429893},"median":{"confidence_interval":{"confidence_level":0.95,"lower_bound":-0.0006710123809304802,"upper_bound":0.012772813040951903},"point_estimate":0.0025786865292338756,"standard_error":0.0036885117604354145}}