{"mean":{"confidence_interval":{"confidence_level":0.95,"lower_bound":-0.3873179687505106,"upper_bound":-0.3464473181052616},"point_estimate":-0.36795260749321335,"standard_error":0.01046766088851193},"median":{"confidence_interval":{"confidence_level":0.95,"lower_bound":-0.4045806517978846,"upper_bound":-0.3687800495375608},"point_estimate":-0.3867346417832076,"standard_error":0.008883383056551855}}