{"mean":{"confidence_interval":{"confidence_level":0.95,"lower_bound":-0.5240503228310447,"upper_bound":-0.5128154722776731},"point_estimate":-0.5181959435554103,"standard_error":0.0028777060269680756},"median":{"confidence_interval":{"confidence_level":0.95,"lower_bound":-0.5164777887821081,"upper_bound":-0.5062114690758643},"point_estimate":-0.5115843311524852,"standard_error":0.0024916588165053133}}