{"mean":{"confidence_interval":{"confidence_level":0.95,"lower_bound":0.06759725378736517,"upper_bound":0.11347611999089223},"point_estimate":0.08938666214867386,"standard_error":0.011680635717658991},"median":{"confidence_interval":{"confidence_level":0.95,"lower_bound":0.010505121505597315,"upper_bound":0.024154831575052382},"point_estimate":0.012212003957146722,"standard_error":0.011025764609297129}}