{"mean":{"confidence_interval":{"confidence_level":0.95,"lower_bound":-0.04207569429768277,"upper_bound":-0.003860991534373729},"point_estimate":-0.022896934055587792,"standard_error":0.009824185795823965},"median":{"confidence_interval":{"confidence_level":0.95,"lower_bound":-0.06566435736446652,"upper_bound":-0.0294371893482267},"point_estimate":-0.0523297666901813,"standard_error":0.010075125960706808}}