{"mean":{"confidence_interval":{"confidence_level":0.95,"lower_bound":0.13567978344915524,"upper_bound":0.1414549050755384},"point_estimate":0.13910984184628372,"standard_error":0.0015102346137394443},"median":{"confidence_interval":{"confidence_level":0.95,"lower_bound":0.13974061719172956,"upper_bound":0.14114303407172368},"point_estimate":0.14036911273751063,"standard_error":0.00035833583010320676}}