{"mean":{"confidence_interval":{"confidence_level":0.95,"lower_bound":-0.4230091010622527,"upper_bound":-0.3882468209349908},"point_estimate":-0.40552536524290894,"standard_error":0.008888803364406648},"median":{"confidence_interval":{"confidence_level":0.95,"lower_bound":-0.46552179604403454,"upper_bound":-0.44062647290368456},"point_estimate":-0.46076985067317744,"standard_error":0.008369268771656542}}