{"mean":{"confidence_interval":{"confidence_level":0.95,"lower_bound":0.16500333890182864,"upper_bound":0.25061390184282956},"point_estimate":0.20421200205267231,"standard_error":0.02098487230358118},"median":{"confidence_interval":{"confidence_level":0.95,"lower_bound":0.12721216054171858,"upper_bound":0.2581248134520764},"point_estimate":0.12926418615010538,"standard_error":0.022294408916400305}}