{"mean":{"confidence_interval":{"confidence_level":0.95,"lower_bound":-0.3766423279880827,"upper_bound":-0.36260649518739985},"point_estimate":-0.3697440680230497,"standard_error":0.003568430380798053},"median":{"confidence_interval":{"confidence_level":0.95,"lower_bound":-0.3734560752334184,"upper_bound":-0.3572920296137899},"point_estimate":-0.3659120978203906,"standard_error":0.00413173009379324}}