{"mean":{"confidence_interval":{"confidence_level":0.95,"lower_bound":0.13755046667476867,"upper_bound":0.1434232938336535},"point_estimate":0.1409388883563858,"standard_error":0.001527558952134527},"median":{"confidence_interval":{"confidence_level":0.95,"lower_bound":0.142483017605751,"upper_bound":0.1436842515100134},"point_estimate":0.14302936909595054,"standard_error":0.0002994950685309695}}