{"mean":{"confidence_interval":{"confidence_level":0.95,"lower_bound":0.19521644109452588,"upper_bound":0.20624086883788004},"point_estimate":0.20063827062130546,"standard_error":0.0027427138083262535},"median":{"confidence_interval":{"confidence_level":0.95,"lower_bound":0.19593700323120322,"upper_bound":0.21217457513627602},"point_estimate":0.20432360908048297,"standard_error":0.003943251385179182}}