{"mean":{"confidence_interval":{"confidence_level":0.95,"lower_bound":0.00028387373665458864,"upper_bound":0.0032606155347336403},"point_estimate":0.0017960890064219193,"standard_error":0.0007562801438877511},"median":{"confidence_interval":{"confidence_level":0.95,"lower_bound":0.0013768569284871857,"upper_bound":0.0027038473050100846},"point_estimate":0.002026519477887234,"standard_error":0.0003504325096804463}}