{"mean":{"confidence_interval":{"confidence_level":0.95,"lower_bound":-0.07333788368200746,"upper_bound":-0.03304701970700141},"point_estimate":-0.053241919415922934,"standard_error":0.010262932830028748},"median":{"confidence_interval":{"confidence_level":0.95,"lower_bound":-0.07636022504149509,"upper_bound":-0.017601157934442613},"point_estimate":-0.06230652520241986,"standard_error":0.014724777527830286}}