{"mean":{"confidence_interval":{"confidence_level":0.95,"lower_bound":-0.3806290135256922,"upper_bound":-0.3610678388591096},"point_estimate":-0.37162024808719585,"standard_error":0.004952277314924423},"median":{"confidence_interval":{"confidence_level":0.95,"lower_bound":-0.3889878273440384,"upper_bound":-0.37704769913123604},"point_estimate":-0.3843597113563265,"standard_error":0.002899860707743513}}