{"mean":{"confidence_interval":{"confidence_level":0.95,"lower_bound":-0.4904549590923031,"upper_bound":-0.4255759859676668},"point_estimate":-0.464614268697795,"standard_error":0.017002376499572657},"median":{"confidence_interval":{"confidence_level":0.95,"lower_bound":-0.5254275337597258,"upper_bound":-0.46766630604075243},"point_estimate":-0.5212562771583191,"standard_error":0.013209927867081549}}