{"mean":{"confidence_interval":{"confidence_level":0.95,"lower_bound":-0.08582005243945007,"upper_bound":-0.05544529624254618},"point_estimate":-0.07137389008133121,"standard_error":0.007658973542945045},"median":{"confidence_interval":{"confidence_level":0.95,"lower_bound":-0.10238564327835054,"upper_bound":-0.04660964011669411},"point_estimate":-0.08522229457907671,"standard_error":0.01612002282502084}}