{"mean":{"confidence_interval":{"confidence_level":0.95,"lower_bound":0.009747767205818603,"upper_bound":0.0245375904361748},"point_estimate":0.01717568951532722,"standard_error":0.0038680126076022356},"median":{"confidence_interval":{"confidence_level":0.95,"lower_bound":0.006956450714366014,"upper_bound":0.010068567779715654},"point_estimate":0.008345226305029207,"standard_error":0.0007343442329651886}}