{"mean":{"confidence_interval":{"confidence_level":0.95,"lower_bound":0.0012641286578226128,"upper_bound":0.005123736996927019},"point_estimate":0.0031056463412555413,"standard_error":0.0009680005545267473},"median":{"confidence_interval":{"confidence_level":0.95,"lower_bound":0.00106534084653509,"upper_bound":0.0023187149709170186},"point_estimate":0.001578180493265302,"standard_error":0.00032600490457966895}}