{"mean":{"confidence_interval":{"confidence_level":0.95,"lower_bound":0.006389803880670897,"upper_bound":0.009327000035653175},"point_estimate":0.00784808149866767,"standard_error":0.000745581409672372},"median":{"confidence_interval":{"confidence_level":0.95,"lower_bound":0.00798327691870454,"upper_bound":0.009611593209115553},"point_estimate":0.008866808301643214,"standard_error":0.0004261957867908753}}