{"mean":{"confidence_interval":{"confidence_level":0.95,"lower_bound":1.0143763273400144,"upper_bound":1.113881725350389},"point_estimate":1.0652287427303686,"standard_error":0.025870958333330165},"median":{"confidence_interval":{"confidence_level":0.95,"lower_bound":0.997441172684399,"upper_bound":1.0594039562318116},"point_estimate":1.028154055187291,"standard_error":0.01620442257868528}}