{"mean":{"confidence_interval":{"confidence_level":0.95,"lower_bound":36389.52459676457,"upper_bound":38804.5183351224},"point_estimate":37415.67503498585,"standard_error":624.9029272015365},"median":{"confidence_interval":{"confidence_level":0.95,"lower_bound":35790.012142857144,"upper_bound":36981.04210526316},"point_estimate":36349.692602040814,"standard_error":327.6198465416667},"median_abs_dev":{"confidence_interval":{"confidence_level":0.95,"lower_bound":1731.2988768620805,"upper_bound":2904.058422988115},"point_estimate":2303.2042888467895,"standard_error":300.464323355272},"slope":{"confidence_interval":{"confidence_level":0.95,"lower_bound":36222.220994271636,"upper_bound":38013.98257815422},"point_estimate":36999.66606768139,"standard_error":458.9519128268056},"std_dev":{"confidence_interval":{"confidence_level":0.95,"lower_bound":2354.364866582044,"upper_bound":9795.193979197415},"point_estimate":6269.098540694569,"standard_error":2111.360082614743}}