{"mean":{"confidence_interval":{"confidence_level":0.95,"lower_bound":1855.9707498045302,"upper_bound":1970.7406368946367},"point_estimate":1916.0018037444652,"standard_error":29.4071308299142},"median":{"confidence_interval":{"confidence_level":0.95,"lower_bound":1920.506283068783,"upper_bound":2008.758177959819},"point_estimate":1949.998867960127,"standard_error":23.258617458071807},"median_abs_dev":{"confidence_interval":{"confidence_level":0.95,"lower_bound":101.7126624902162,"upper_bound":176.7714875256715},"point_estimate":137.2086837850765,"standard_error":19.192101025470475},"slope":{"confidence_interval":{"confidence_level":0.95,"lower_bound":1967.2646277741467,"upper_bound":2007.901325163088},"point_estimate":1987.5643068955083,"standard_error":10.328499408382505},"std_dev":{"confidence_interval":{"confidence_level":0.95,"lower_bound":225.28241946744933,"upper_bound":351.3410813715175},"point_estimate":295.76564891129095,"standard_error":32.307164559689134}}