{"mean":{"confidence_interval":{"confidence_level":0.95,"lower_bound":1205.6046219468953,"upper_bound":1276.0751716821437},"point_estimate":1242.2575639631164,"standard_error":17.93352887081014},"median":{"confidence_interval":{"confidence_level":0.95,"lower_bound":1277.7824775353015,"upper_bound":1316.478222222222},"point_estimate":1300.5628205128205,"standard_error":9.671545787282566},"median_abs_dev":{"confidence_interval":{"confidence_level":0.95,"lower_bound":63.075634818881,"upper_bound":107.60169342302135},"point_estimate":80.56793253724447,"standard_error":11.41614380107022},"slope":{"confidence_interval":{"confidence_level":0.95,"lower_bound":1289.8928121633671,"upper_bound":1317.0623452316586},"point_estimate":1303.8207010492094,"standard_error":6.9155468886515035},"std_dev":{"confidence_interval":{"confidence_level":0.95,"lower_bound":137.13128090610434,"upper_bound":213.83641821703478},"point_estimate":180.72496499753643,"standard_error":19.471990792536033}}