{"mean":{"confidence_interval":{"confidence_level":0.95,"lower_bound":1199.1420465663641,"upper_bound":1261.6345872888235},"point_estimate":1232.7995012774238,"standard_error":15.947515857325255},"median":{"confidence_interval":{"confidence_level":0.95,"lower_bound":1256.4413364413365,"upper_bound":1299.5837298440392},"point_estimate":1295.901332202446,"standard_error":12.371389819644115},"median_abs_dev":{"confidence_interval":{"confidence_level":0.95,"lower_bound":20.99099582974411,"upper_bound":70.88112202447721},"point_estimate":56.511047082652574,"standard_error":16.867926125195957},"slope":{"confidence_interval":{"confidence_level":0.95,"lower_bound":1296.0573582871036,"upper_bound":1302.1108477128591},"point_estimate":1299.2075302088188,"standard_error":1.535995125361449},"std_dev":{"confidence_interval":{"confidence_level":0.95,"lower_bound":104.20841898828317,"upper_bound":203.8808528666662},"point_estimate":159.72741849268155,"standard_error":25.755264976217752}}