{"mean":{"confidence_interval":{"confidence_level":0.95,"lower_bound":0.07764278594314289,"upper_bound":0.08079024339032088},"point_estimate":0.07923002465260076,"standard_error":0.0008038562573773444},"median":{"confidence_interval":{"confidence_level":0.95,"lower_bound":0.07746562856508787,"upper_bound":0.0808050805555518},"point_estimate":0.07918576904433827,"standard_error":0.0008681353614352513}}