{"mean":{"confidence_interval":{"confidence_level":0.95,"lower_bound":0.3048847377485322,"upper_bound":0.32762907488472504},"point_estimate":0.3157845814469249,"standard_error":0.005730105577928332},"median":{"confidence_interval":{"confidence_level":0.95,"lower_bound":0.29825858984858167,"upper_bound":0.32042146207965416},"point_estimate":0.30463482168232403,"standard_error":0.005703982997854381}}