{"mean":{"confidence_interval":{"confidence_level":0.95,"lower_bound":-0.1863894925579833,"upper_bound":-0.18320648765872516},"point_estimate":-0.18472071105849575,"standard_error":0.0008148221557523046},"median":{"confidence_interval":{"confidence_level":0.95,"lower_bound":-0.18406490308275003,"upper_bound":-0.18113792645219906},"point_estimate":-0.18237707507048928,"standard_error":0.0007276559334831084}}