{"mean":{"confidence_interval":{"confidence_level":0.95,"lower_bound":-0.002243578127376574,"upper_bound":0.020606627909640934},"point_estimate":0.007746343166669112,"standard_error":0.005451843804341114},"median":{"confidence_interval":{"confidence_level":0.95,"lower_bound":-0.011630035125529547,"upper_bound":0.011322647645619632},"point_estimate":0.00034640916425643375,"standard_error":0.0067417230014014205}}