{"mean":{"confidence_interval":{"confidence_level":0.95,"lower_bound":0.21102148505302784,"upper_bound":0.2256583339980599},"point_estimate":0.21885605023272547,"standard_error":0.0036694856855188597},"median":{"confidence_interval":{"confidence_level":0.95,"lower_bound":0.21630545067551368,"upper_bound":0.2250021057719387},"point_estimate":0.22193395972528518,"standard_error":0.00240818605635687}}