{"mean":{"confidence_interval":{"confidence_level":0.95,"lower_bound":0.14972620912801227,"upper_bound":0.15193495230060594},"point_estimate":0.15086609082938418,"standard_error":0.0005634146165718028},"median":{"confidence_interval":{"confidence_level":0.95,"lower_bound":0.1509085985151033,"upper_bound":0.15290740255757318},"point_estimate":0.15163110590451834,"standard_error":0.0005000584801763417}}