{"mean":{"confidence_interval":{"confidence_level":0.95,"lower_bound":-0.17466313376806408,"upper_bound":-0.17145309114839347},"point_estimate":-0.1729626857977612,"standard_error":0.000820419778889234},"median":{"confidence_interval":{"confidence_level":0.95,"lower_bound":-0.17222512281172342,"upper_bound":-0.16922576279580645},"point_estimate":-0.1705309470147166,"standard_error":0.0007390411374562121}}