{"mean":{"confidence_interval":{"confidence_level":0.95,"lower_bound":-0.24671830571669937,"upper_bound":-0.24369821378840967},"point_estimate":-0.24514458229820346,"standard_error":0.0007710681533085753},"median":{"confidence_interval":{"confidence_level":0.95,"lower_bound":-0.24462949341690143,"upper_bound":-0.2418120689512664},"point_estimate":-0.2430643358668766,"standard_error":0.0006989095029715238}}