{"mean":{"confidence_interval":{"confidence_level":0.95,"lower_bound":0.008002646170697713,"upper_bound":0.01279422438034783},"point_estimate":0.010341160868776678,"standard_error":0.0012233990709020637},"median":{"confidence_interval":{"confidence_level":0.95,"lower_bound":0.007906048832274637,"upper_bound":0.011715672611079198},"point_estimate":0.009854164118656028,"standard_error":0.0010575104361772929}}