{"mean":{"confidence_interval":{"confidence_level":0.95,"lower_bound":-0.06385133348430072,"upper_bound":-0.059618738527643926},"point_estimate":-0.06190319704570113,"standard_error":0.0010998549202965795},"median":{"confidence_interval":{"confidence_level":0.95,"lower_bound":-0.06539765517575602,"upper_bound":-0.06192997730811114},"point_estimate":-0.06387144612655138,"standard_error":0.0008026138637768903}}