{"mean":{"confidence_interval":{"confidence_level":0.95,"lower_bound":0.3104654829301842,"upper_bound":0.3174804482303486},"point_estimate":0.3136099043841578,"standard_error":0.0016576576206282286},"median":{"confidence_interval":{"confidence_level":0.95,"lower_bound":0.3070498443664589,"upper_bound":0.31349696304992225},"point_estimate":0.3098678142458773,"standard_error":0.0015682728911792449}}