{"mean":{"confidence_interval":{"confidence_level":0.95,"lower_bound":0.027662721005469376,"upper_bound":0.038654838726676376},"point_estimate":0.03211162754990271,"standard_error":0.003018866932133305},"median":{"confidence_interval":{"confidence_level":0.95,"lower_bound":0.026707484870317266,"upper_bound":0.02935215290685048},"point_estimate":0.028036668747795312,"standard_error":0.0006928682186894604}}