{"mean":{"confidence_interval":{"confidence_level":0.95,"lower_bound":522.2051058966797,"upper_bound":542.189467603305},"point_estimate":531.5072921522041,"standard_error":5.126314384413028},"median":{"confidence_interval":{"confidence_level":0.95,"lower_bound":515.9019731677369,"upper_bound":533.1516717816185},"point_estimate":524.0407376747609,"standard_error":5.139286041849083},"median_abs_dev":{"confidence_interval":{"confidence_level":0.95,"lower_bound":24.666025620224477,"upper_bound":38.10593540310388},"point_estimate":32.44781386886472,"standard_error":3.4292055839998885},"slope":{"confidence_interval":{"confidence_level":0.95,"lower_bound":508.7811638000248,"upper_bound":521.9573235375545},"point_estimate":515.1847493435713,"standard_error":3.3611974097588733},"std_dev":{"confidence_interval":{"confidence_level":0.95,"lower_bound":32.838103123869026,"upper_bound":67.441501326651},"point_estimate":51.792236613544645,"standard_error":8.860135721710568}}