{"mean":{"confidence_interval":{"confidence_level":0.95,"lower_bound":492.5787438023099,"upper_bound":503.91342641188595},"point_estimate":497.8036972662218,"standard_error":2.899540032710752},"median":{"confidence_interval":{"confidence_level":0.95,"lower_bound":490.51722402013667,"upper_bound":498.57987195722524},"point_estimate":494.6463886230001,"standard_error":2.143078944253152},"median_abs_dev":{"confidence_interval":{"confidence_level":0.95,"lower_bound":12.301933331028106,"upper_bound":19.657900604991486},"point_estimate":15.983180731420255,"standard_error":1.8148867773582038},"slope":{"confidence_interval":{"confidence_level":0.95,"lower_bound":494.491243675252,"upper_bound":500.46236019344195},"point_estimate":497.5981271188994,"standard_error":1.5232284705212522},"std_dev":{"confidence_interval":{"confidence_level":0.95,"lower_bound":16.471522560771795,"upper_bound":40.37768260625217},"point_estimate":29.125662266103717,"standard_error":6.188248808948225}}