{"mean":{"confidence_interval":{"confidence_level":0.95,"lower_bound":467.74509629926393,"upper_bound":475.6105312115195},"point_estimate":471.41525310645636,"standard_error":2.0130673811476227},"median":{"confidence_interval":{"confidence_level":0.95,"lower_bound":459.85589845694375,"upper_bound":471.73513121837794},"point_estimate":469.12677089517695,"standard_error":2.8682262270501298},"median_abs_dev":{"confidence_interval":{"confidence_level":0.95,"lower_bound":6.990051092105118,"upper_bound":18.555193341669835},"point_estimate":16.561652364094975,"standard_error":2.8008327609456143},"slope":{"confidence_interval":{"confidence_level":0.95,"lower_bound":459.40218924613396,"upper_bound":461.9440070645513},"point_estimate":460.5341810656365,"standard_error":0.6507385670878617},"std_dev":{"confidence_interval":{"confidence_level":0.95,"lower_bound":13.046189336614544,"upper_bound":26.39121111256759},"point_estimate":20.141328026185906,"standard_error":3.39513865937682}}