{"mean":{"confidence_interval":{"confidence_level":0.95,"lower_bound":583.1194204680077,"upper_bound":596.3570228845159},"point_estimate":588.5685692232288,"standard_error":3.4315379319857837},"median":{"confidence_interval":{"confidence_level":0.95,"lower_bound":578.6125665335994,"upper_bound":591.0543964702175},"point_estimate":586.6888886778386,"standard_error":2.8301752888966254},"median_abs_dev":{"confidence_interval":{"confidence_level":0.95,"lower_bound":16.901617955683896,"upper_bound":24.293890601031094},"point_estimate":21.733421434038494,"standard_error":1.8708265618838247},"slope":{"confidence_interval":{"confidence_level":0.95,"lower_bound":578.0640604706546,"upper_bound":586.5432177455425},"point_estimate":582.3216393163134,"standard_error":2.1615439357046595},"std_dev":{"confidence_interval":{"confidence_level":0.95,"lower_bound":15.108140952211036,"upper_bound":54.85371607839676},"point_estimate":34.493911336080586,"standard_error":13.19302047330371}}