{"mean":{"confidence_interval":{"confidence_level":0.95,"lower_bound":520.8609064504833,"upper_bound":538.2065686149567},"point_estimate":529.2934915629545,"standard_error":4.421782065247342},"median":{"confidence_interval":{"confidence_level":0.95,"lower_bound":513.8155098954282,"upper_bound":532.9340059886954},"point_estimate":523.3566233309214,"standard_error":5.091627485855297},"median_abs_dev":{"confidence_interval":{"confidence_level":0.95,"lower_bound":31.354721004880815,"upper_bound":51.00507970018102},"point_estimate":40.56460211501834,"standard_error":4.92530289214273},"slope":{"confidence_interval":{"confidence_level":0.95,"lower_bound":520.0666597818848,"upper_bound":537.7901687640724},"point_estimate":528.9628150759384,"standard_error":4.5285457494684955},"std_dev":{"confidence_interval":{"confidence_level":0.95,"lower_bound":35.341084278095565,"upper_bound":53.51040779105462},"point_estimate":44.387878852989004,"standard_error":4.667996681632535}}