{"mean":{"confidence_interval":{"confidence_level":0.95,"lower_bound":921.9975019771613,"upper_bound":932.0387227144035},"point_estimate":926.8243963605779,"standard_error":2.5771474306399815},"median":{"confidence_interval":{"confidence_level":0.95,"lower_bound":917.5127551020407,"upper_bound":926.2134146341464},"point_estimate":920.9893522161028,"standard_error":2.464126834807816},"median_abs_dev":{"confidence_interval":{"confidence_level":0.95,"lower_bound":13.580187217139406,"upper_bound":26.255647731839584},"point_estimate":20.140625652028593,"standard_error":3.151868475386874},"slope":{"confidence_interval":{"confidence_level":0.95,"lower_bound":922.1280849433958,"upper_bound":929.993774559875},"point_estimate":926.1233499911694,"standard_error":2.0098632782863977},"std_dev":{"confidence_interval":{"confidence_level":0.95,"lower_bound":20.34011244292806,"upper_bound":30.657027782562995},"point_estimate":25.877125452521316,"standard_error":2.638450447182455}}