{"mean":{"confidence_interval":{"confidence_level":0.95,"lower_bound":1336.0374646173984,"upper_bound":1394.9187040779887},"point_estimate":1362.905770434444,"standard_error":15.084623457723074},"median":{"confidence_interval":{"confidence_level":0.95,"lower_bound":1319.1298288665075,"upper_bound":1336.2178558061992},"point_estimate":1330.0824885120091,"standard_error":4.803075942503618},"median_abs_dev":{"confidence_interval":{"confidence_level":0.95,"lower_bound":31.09667816079484,"upper_bound":63.957632377065586},"point_estimate":43.07425302942721,"standard_error":8.288104100842043},"slope":{"confidence_interval":{"confidence_level":0.95,"lower_bound":1316.6737320028074,"upper_bound":1381.8935436002605},"point_estimate":1341.700566523329,"standard_error":17.279111111015308},"std_dev":{"confidence_interval":{"confidence_level":0.95,"lower_bound":90.34106529236136,"upper_bound":203.7656358190173},"point_estimate":150.98278839895133,"standard_error":29.08028468196679}}