{"mean":{"confidence_interval":{"confidence_level":0.95,"lower_bound":0.008292982517920046,"upper_bound":0.012341458928426112},"point_estimate":0.010290802490704909,"standard_error":0.0010426844110595721},"median":{"confidence_interval":{"confidence_level":0.95,"lower_bound":0.00689860747099158,"upper_bound":0.010961805408814529},"point_estimate":0.008833746782367369,"standard_error":0.001120250165520854}}