{"mean":{"confidence_interval":{"confidence_level":0.95,"lower_bound":0.1270039342989639,"upper_bound":0.1742686847592973},"point_estimate":0.15090141378294075,"standard_error":0.012114558352120178},"median":{"confidence_interval":{"confidence_level":0.95,"lower_bound":0.10048825493002778,"upper_bound":0.1756580338488014},"point_estimate":0.13686792337921694,"standard_error":0.019985865674136072}}