{"mean":{"confidence_interval":{"confidence_level":0.95,"lower_bound":-0.0025202812312840562,"upper_bound":0.019539811984685684},"point_estimate":0.008770568061401196,"standard_error":0.00562915391994304},"median":{"confidence_interval":{"confidence_level":0.95,"lower_bound":0.003146110796685919,"upper_bound":0.031172003561899198},"point_estimate":0.010477325676240268,"standard_error":0.007342580705742435}}