{"mean":{"confidence_interval":{"confidence_level":0.95,"lower_bound":0.6225622124780599,"upper_bound":0.6592989868264567},"point_estimate":0.6402693310446341,"standard_error":0.009182934898710419},"median":{"confidence_interval":{"confidence_level":0.95,"lower_bound":0.6194060222113715,"upper_bound":0.6624204462600376},"point_estimate":0.6345320996689174,"standard_error":0.011283891867473705}}