{"mean":{"confidence_interval":{"confidence_level":0.95,"lower_bound":-0.2452570542933965,"upper_bound":-0.22732851405885085},"point_estimate":-0.2361626370233879,"standard_error":0.004565061545196333},"median":{"confidence_interval":{"confidence_level":0.95,"lower_bound":-0.23964805037331116,"upper_bound":-0.22058971762190593},"point_estimate":-0.23176993588552364,"standard_error":0.004991057832125847}}