{"mean":{"confidence_interval":{"confidence_level":0.95,"lower_bound":0.011086041817715185,"upper_bound":0.04441316693266728},"point_estimate":0.02620842121746625,"standard_error":0.008445540359726543},"median":{"confidence_interval":{"confidence_level":0.95,"lower_bound":-0.006472318725924686,"upper_bound":0.031104766717396704},"point_estimate":0.006050454440458042,"standard_error":0.00958519461057307}}