{"mean":{"confidence_interval":{"confidence_level":0.95,"lower_bound":-0.25084286481915197,"upper_bound":-0.23500417086319805},"point_estimate":-0.2427418975611937,"standard_error":0.004036215607533761},"median":{"confidence_interval":{"confidence_level":0.95,"lower_bound":-0.2397926080196254,"upper_bound":-0.22426876703933352},"point_estimate":-0.233262591055455,"standard_error":0.004310947362043861}}