{"mean":{"confidence_interval":{"confidence_level":0.95,"lower_bound":-0.14138014660242074,"upper_bound":-0.10919915531439162},"point_estimate":-0.1259559133379783,"standard_error":0.008216429700507361},"median":{"confidence_interval":{"confidence_level":0.95,"lower_bound":-0.1500650098077238,"upper_bound":-0.11119151257054216},"point_estimate":-0.13152543650365844,"standard_error":0.009306269359251156}}