{"mean":{"confidence_interval":{"confidence_level":0.95,"lower_bound":0.14114891131940022,"upper_bound":0.17644838572430302},"point_estimate":0.15909263505682936,"standard_error":0.008962280316486944},"median":{"confidence_interval":{"confidence_level":0.95,"lower_bound":0.13584585884474598,"upper_bound":0.17862940821470108},"point_estimate":0.15288965827797907,"standard_error":0.011048862618445532}}