{"mean":{"confidence_interval":{"confidence_level":0.95,"lower_bound":0.38016104558033975,"upper_bound":0.4151278312799638},"point_estimate":0.3974115296635685,"standard_error":0.00891902766106544},"median":{"confidence_interval":{"confidence_level":0.95,"lower_bound":0.3910853305636044,"upper_bound":0.4366744648121852},"point_estimate":0.4181029047812608,"standard_error":0.011280233456865275}}