{"mean":{"confidence_interval":{"confidence_level":0.95,"lower_bound":0.20333575976529203,"upper_bound":0.24244442674464448},"point_estimate":0.2226165976385226,"standard_error":0.009964160382989253},"median":{"confidence_interval":{"confidence_level":0.95,"lower_bound":0.19357543448415715,"upper_bound":0.24677171775654227},"point_estimate":0.21551135320167458,"standard_error":0.013558365916956343}}