{"mean":{"confidence_interval":{"confidence_level":0.95,"lower_bound":-0.1779194673358866,"upper_bound":-0.15723695733828646},"point_estimate":-0.16753694258505258,"standard_error":0.0052814621447263435},"median":{"confidence_interval":{"confidence_level":0.95,"lower_bound":-0.17652004432782264,"upper_bound":-0.1553124325590839},"point_estimate":-0.16853727333114532,"standard_error":0.005629046831074488}}