{"mean":{"confidence_interval":{"confidence_level":0.95,"lower_bound":-0.13356535793382085,"upper_bound":-0.09623036440124667},"point_estimate":-0.11498402482358805,"standard_error":0.009478482714569776},"median":{"confidence_interval":{"confidence_level":0.95,"lower_bound":-0.13044269178739598,"upper_bound":-0.08509456070539279},"point_estimate":-0.10654018645895236,"standard_error":0.010258449554133749}}