{"mean":{"confidence_interval":{"confidence_level":0.95,"lower_bound":0.42844859761013265,"upper_bound":0.5005642995192319},"point_estimate":0.46206401818766896,"standard_error":0.018494701820958866},"median":{"confidence_interval":{"confidence_level":0.95,"lower_bound":0.4054046716310544,"upper_bound":0.47555932332977857},"point_estimate":0.4377787321334117,"standard_error":0.019760478671881774}}