{"mean":{"confidence_interval":{"confidence_level":0.95,"lower_bound":-0.013870464961176427,"upper_bound":0.01203843976408292},"point_estimate":-0.0004960189464295883,"standard_error":0.006618162620304367},"median":{"confidence_interval":{"confidence_level":0.95,"lower_bound":-0.011844310927530133,"upper_bound":0.011859321910159704},"point_estimate":-0.0018794483134243478,"standard_error":0.006287531092493542}}