{"mean":{"confidence_interval":{"confidence_level":0.95,"lower_bound":-0.2087906662349467,"upper_bound":-0.19253276406336195},"point_estimate":-0.20079056935402895,"standard_error":0.004155505428944436},"median":{"confidence_interval":{"confidence_level":0.95,"lower_bound":-0.20868147826663863,"upper_bound":-0.1934294978454364},"point_estimate":-0.19970052462308574,"standard_error":0.0036195631989233714}}