{"mean":{"confidence_interval":{"confidence_level":0.95,"lower_bound":0.16429853990376306,"upper_bound":0.19980234267789732},"point_estimate":0.18285347598311996,"standard_error":0.008954346335644903},"median":{"confidence_interval":{"confidence_level":0.95,"lower_bound":0.17987118573918306,"upper_bound":0.20590540941703628},"point_estimate":0.1890706441305472,"standard_error":0.0061981984700346035}}