{"mean":{"confidence_interval":{"confidence_level":0.95,"lower_bound":-0.22500769286823022,"upper_bound":-0.191727044672307},"point_estimate":-0.20873048965337626,"standard_error":0.008476729771575943},"median":{"confidence_interval":{"confidence_level":0.95,"lower_bound":-0.2211809289640777,"upper_bound":-0.18006158596139687},"point_estimate":-0.20003940632882355,"standard_error":0.009507188790704047}}