{"mean":{"confidence_interval":{"confidence_level":0.95,"lower_bound":-0.027434854065946458,"upper_bound":-0.0026870865089813067},"point_estimate":-0.015281011184878013,"standard_error":0.006366643381016114},"median":{"confidence_interval":{"confidence_level":0.95,"lower_bound":-0.030930975133673044,"upper_bound":-0.010029858344670295},"point_estimate":-0.028004910103762493,"standard_error":0.004671426378359482}}