{"mean":{"confidence_interval":{"confidence_level":0.95,"lower_bound":-0.08786920216625727,"upper_bound":-0.03599330725391403},"point_estimate":-0.06197724779937708,"standard_error":0.013236962313903894},"median":{"confidence_interval":{"confidence_level":0.95,"lower_bound":-0.0880238755103488,"upper_bound":-0.04127023732867274},"point_estimate":-0.06624494963413285,"standard_error":0.011688994699686296}}