{"mean":{"confidence_interval":{"confidence_level":0.95,"lower_bound":0.049876948009508815,"upper_bound":0.08362789706564036},"point_estimate":0.06725980410486376,"standard_error":0.00866850379856743},"median":{"confidence_interval":{"confidence_level":0.95,"lower_bound":0.051134207960669364,"upper_bound":0.0781523037846894},"point_estimate":0.06812913636623485,"standard_error":0.007097185933286743}}