{"mean":{"confidence_interval":{"confidence_level":0.95,"lower_bound":0.3819342214393616,"upper_bound":0.45044912824927025},"point_estimate":0.4117435193756045,"standard_error":0.016683910316413045},"median":{"confidence_interval":{"confidence_level":0.95,"lower_bound":0.3683118990121026,"upper_bound":0.40687641953887344},"point_estimate":0.3812125185746216,"standard_error":0.01023893207180635}}