{"mean":{"confidence_interval":{"confidence_level":0.95,"lower_bound":-0.0274238608383921,"upper_bound":-0.004990848500518273},"point_estimate":-0.01630713192134592,"standard_error":0.005755320438577117},"median":{"confidence_interval":{"confidence_level":0.95,"lower_bound":-0.03779078938808933,"upper_bound":-0.017265531383016786},"point_estimate":-0.033951514055465815,"standard_error":0.00445171919360987}}