{"mean":{"confidence_interval":{"confidence_level":0.95,"lower_bound":0.10708969309429683,"upper_bound":0.14277834579869694},"point_estimate":0.12426453635652335,"standard_error":0.009099032765313542},"median":{"confidence_interval":{"confidence_level":0.95,"lower_bound":0.10122867536063729,"upper_bound":0.1241768235481755},"point_estimate":0.11486800434281608,"standard_error":0.0063029872241494155}}