{"mean":{"confidence_interval":{"confidence_level":0.95,"lower_bound":0.3755502783015984,"upper_bound":0.4215407589612385},"point_estimate":0.39691009476221883,"standard_error":0.011779526153373854},"median":{"confidence_interval":{"confidence_level":0.95,"lower_bound":0.372001319703962,"upper_bound":0.4033468648488332},"point_estimate":0.39156936758398864,"standard_error":0.008514360651194514}}