{"mean":{"confidence_interval":{"confidence_level":0.95,"lower_bound":-0.00464551910248305,"upper_bound":0.017879241140603522},"point_estimate":0.006786847781396377,"standard_error":0.005637166039857647},"median":{"confidence_interval":{"confidence_level":0.95,"lower_bound":-0.005469574623222062,"upper_bound":0.010704340972189863},"point_estimate":0.0015729053021844575,"standard_error":0.004184745156585631}}