{"mean":{"confidence_interval":{"confidence_level":0.95,"lower_bound":0.3926202547406464,"upper_bound":0.463390822478614},"point_estimate":0.4251955557708891,"standard_error":0.01792790942416208},"median":{"confidence_interval":{"confidence_level":0.95,"lower_bound":0.3783204341648707,"upper_bound":0.4165098150070974},"point_estimate":0.40025392100528734,"standard_error":0.009484532397154938}}