{"mean":{"confidence_interval":{"confidence_level":0.95,"lower_bound":-0.030408805376079262,"upper_bound":0.025947170512118145},"point_estimate":-0.0020457009405905335,"standard_error":0.014348683477322115},"median":{"confidence_interval":{"confidence_level":0.95,"lower_bound":-0.005736782277396157,"upper_bound":0.04174076057318765},"point_estimate":0.022292670148149174,"standard_error":0.012023687010731214}}