{"mean":{"confidence_interval":{"confidence_level":0.95,"lower_bound":0.03563640525146205,"upper_bound":0.09714605713263433},"point_estimate":0.06763368273618231,"standard_error":0.015674528952233344},"median":{"confidence_interval":{"confidence_level":0.95,"lower_bound":0.06553872500165336,"upper_bound":0.11274498288237877},"point_estimate":0.09503217661177876,"standard_error":0.011592208584285914}}