{"mean":{"confidence_interval":{"confidence_level":0.95,"lower_bound":0.4002616420173006,"upper_bound":0.4587712020777586},"point_estimate":0.4282621802710149,"standard_error":0.015090621608726222},"median":{"confidence_interval":{"confidence_level":0.95,"lower_bound":0.3934613935584115,"upper_bound":0.44306757252901496},"point_estimate":0.4266491540584676,"standard_error":0.012952958003291663}}