{"mean":{"confidence_interval":{"confidence_level":0.95,"lower_bound":-0.19586402353634091,"upper_bound":-0.1537883174250055},"point_estimate":-0.17580903351486465,"standard_error":0.01070611891653031},"median":{"confidence_interval":{"confidence_level":0.95,"lower_bound":-0.18632670480095936,"upper_bound":-0.1482329549390594},"point_estimate":-0.17060032928582747,"standard_error":0.00940138933102056}}