{"mean":{"confidence_interval":{"confidence_level":0.95,"lower_bound":0.0203576066228553,"upper_bound":0.08606818060632264},"point_estimate":0.05277212172940504,"standard_error":0.016605565974416155},"median":{"confidence_interval":{"confidence_level":0.95,"lower_bound":0.023377920332201985,"upper_bound":0.07252709157238102},"point_estimate":0.038858231367370655,"standard_error":0.01306794943736312}}