{"mean":{"confidence_interval":{"confidence_level":0.95,"lower_bound":0.24671346905740288,"upper_bound":0.2911685970294149},"point_estimate":0.26885661903658975,"standard_error":0.01133858648087014},"median":{"confidence_interval":{"confidence_level":0.95,"lower_bound":0.22956439750537094,"upper_bound":0.26305791092517805},"point_estimate":0.2498327583587261,"standard_error":0.008797021641323692}}