{"mean":{"confidence_interval":{"confidence_level":0.95,"lower_bound":-0.20261256089225704,"upper_bound":-0.1624400447437152},"point_estimate":-0.18278880712717804,"standard_error":0.01023342755795036},"median":{"confidence_interval":{"confidence_level":0.95,"lower_bound":-0.19528798665367764,"upper_bound":-0.15718201265197373},"point_estimate":-0.17905092847999726,"standard_error":0.009295259112133315}}