{"mean":{"confidence_interval":{"confidence_level":0.95,"lower_bound":-0.03647935799241642,"upper_bound":0.0008857335952738854},"point_estimate":-0.01841292060032851,"standard_error":0.009526883681425352},"median":{"confidence_interval":{"confidence_level":0.95,"lower_bound":-0.03471787975342855,"upper_bound":-0.009718859599623042},"point_estimate":-0.02446873363563351,"standard_error":0.006398254494164154}}