{"mean":{"confidence_interval":{"confidence_level":0.95,"lower_bound":0.0019175177558977128,"upper_bound":0.024380390635311944},"point_estimate":0.013338174428969118,"standard_error":0.005753041610412528},"median":{"confidence_interval":{"confidence_level":0.95,"lower_bound":0.009691411387061866,"upper_bound":0.016392641829475307},"point_estimate":0.013583494249039818,"standard_error":0.0016889849699614674}}