{"mean":{"confidence_interval":{"confidence_level":0.95,"lower_bound":-0.0021114813477511873,"upper_bound":0.03536277546659553},"point_estimate":0.016190943922944845,"standard_error":0.009544627771095451},"median":{"confidence_interval":{"confidence_level":0.95,"lower_bound":0.00527178024753816,"upper_bound":0.026170100674286045},"point_estimate":0.013566414854098818,"standard_error":0.0052442662175778195}}