{"mean":{"confidence_interval":{"confidence_level":0.95,"lower_bound":0.11723369161439434,"upper_bound":0.15124429144230156},"point_estimate":0.13361760052664096,"standard_error":0.008670409512474638},"median":{"confidence_interval":{"confidence_level":0.95,"lower_bound":0.10828114319056867,"upper_bound":0.13115267601535496},"point_estimate":0.12223982783964238,"standard_error":0.006310245698678796}}