{"mean":{"confidence_interval":{"confidence_level":0.95,"lower_bound":-0.01378347279137357,"upper_bound":0.007870721482359082},"point_estimate":-0.003145732881474017,"standard_error":0.005524409432439803},"median":{"confidence_interval":{"confidence_level":0.95,"lower_bound":-0.01926753264404535,"upper_bound":0.0016539176778878062},"point_estimate":-0.008851917454828384,"standard_error":0.0051919453592399615}}