{"mean":{"confidence_interval":{"confidence_level":0.95,"lower_bound":-0.08765837381077109,"upper_bound":-0.06353769911327525},"point_estimate":-0.07586632967268248,"standard_error":0.006121737275641046},"median":{"confidence_interval":{"confidence_level":0.95,"lower_bound":-0.09771297237490417,"upper_bound":-0.06393381287420907},"point_estimate":-0.0759492674185247,"standard_error":0.009281112086276836}}