{"mean":{"confidence_interval":{"confidence_level":0.95,"lower_bound":-0.06300675695415514,"upper_bound":-0.03418334108981469},"point_estimate":-0.048072966046056265,"standard_error":0.007314785230509637},"median":{"confidence_interval":{"confidence_level":0.95,"lower_bound":-0.05865803819801618,"upper_bound":-0.04653401850052985},"point_estimate":-0.05231464829624666,"standard_error":0.002953728394059381}}