{"mean":{"confidence_interval":{"confidence_level":0.95,"lower_bound":0.21545909625072146,"upper_bound":0.24572384659603652},"point_estimate":0.23179289413747317,"standard_error":0.007712911364450768},"median":{"confidence_interval":{"confidence_level":0.95,"lower_bound":0.2228653987755982,"upper_bound":0.2461492024878893},"point_estimate":0.23922254122503617,"standard_error":0.004423492338345958}}