{"mean":{"confidence_interval":{"confidence_level":0.95,"lower_bound":0.019719354599514467,"upper_bound":0.04370625556224739},"point_estimate":0.03240800447016734,"standard_error":0.005928129548434217},"median":{"confidence_interval":{"confidence_level":0.95,"lower_bound":0.024529214405942357,"upper_bound":0.04223843246189028},"point_estimate":0.03590694262700489,"standard_error":0.004430473780734672}}