{"mean":{"confidence_interval":{"confidence_level":0.95,"lower_bound":0.2849605961701007,"upper_bound":0.3315702395006188},"point_estimate":0.3062045262446049,"standard_error":0.011759677577254084},"median":{"confidence_interval":{"confidence_level":0.95,"lower_bound":0.28468446216093246,"upper_bound":0.3128985171108809},"point_estimate":0.29118449862622353,"standard_error":0.006552463836970311}}