{"mean":{"confidence_interval":{"confidence_level":0.95,"lower_bound":-0.10594051927391611,"upper_bound":-0.03858250863098624},"point_estimate":-0.07079682555045419,"standard_error":0.017216294216512468},"median":{"confidence_interval":{"confidence_level":0.95,"lower_bound":-0.031559636641699695,"upper_bound":0.011856913654883172},"point_estimate":-0.014843118711678982,"standard_error":0.010847286101598623}}