{"mean":{"confidence_interval":{"confidence_level":0.95,"lower_bound":-0.2598160236994034,"upper_bound":-0.23226580630878124},"point_estimate":-0.24627813873659565,"standard_error":0.007001726465845219},"median":{"confidence_interval":{"confidence_level":0.95,"lower_bound":-0.2588724871745609,"upper_bound":-0.24213663297305146},"point_estimate":-0.2519478323302613,"standard_error":0.004258234390061629}}