{"mean":{"confidence_interval":{"confidence_level":0.95,"lower_bound":-0.1613916538300576,"upper_bound":-0.130554909524489},"point_estimate":-0.14613334036325365,"standard_error":0.007833864146714591},"median":{"confidence_interval":{"confidence_level":0.95,"lower_bound":-0.16200439284526824,"upper_bound":-0.14363827970698761},"point_estimate":-0.15485711782684086,"standard_error":0.004686762981621363}}