{"mean":{"confidence_interval":{"confidence_level":0.95,"lower_bound":0.045100864416635966,"upper_bound":0.0799891647238451},"point_estimate":0.06177126013273071,"standard_error":0.00892303964236479},"median":{"confidence_interval":{"confidence_level":0.95,"lower_bound":0.035395525517323945,"upper_bound":0.0653846835798112},"point_estimate":0.05300374494824367,"standard_error":0.007731159365031368}}