{"mean":{"confidence_interval":{"confidence_level":0.95,"lower_bound":0.01239041488480528,"upper_bound":0.037025968377364604},"point_estimate":0.02479751235997485,"standard_error":0.006232597599245698},"median":{"confidence_interval":{"confidence_level":0.95,"lower_bound":0.0420706356203604,"upper_bound":0.04563018550190202},"point_estimate":0.04336006396031533,"standard_error":0.0009344895635318711}}