{"mean":{"confidence_interval":{"confidence_level":0.95,"lower_bound":0.1578900811677058,"upper_bound":0.18833881041239825},"point_estimate":0.17384454045615616,"standard_error":0.00772817494273064},"median":{"confidence_interval":{"confidence_level":0.95,"lower_bound":0.1524016729367086,"upper_bound":0.17533875213001537},"point_estimate":0.15642554766830408,"standard_error":0.005059693347536748}}