{"mean":{"confidence_interval":{"confidence_level":0.95,"lower_bound":-0.004987234056402778,"upper_bound":0.06904900920727235},"point_estimate":0.03131950201680378,"standard_error":0.018739162335907927},"median":{"confidence_interval":{"confidence_level":0.95,"lower_bound":-0.00904560553051903,"upper_bound":0.049830731573753395},"point_estimate":0.013290180458933598,"standard_error":0.01517415667323728}}