{"mean":{"confidence_interval":{"confidence_level":0.95,"lower_bound":0.0166867202597607,"upper_bound":0.03999042803291383},"point_estimate":0.028493557438235673,"standard_error":0.006008671386489597},"median":{"confidence_interval":{"confidence_level":0.95,"lower_bound":0.024446011267668988,"upper_bound":0.03873056541127795},"point_estimate":0.03191648893664745,"standard_error":0.003808483970587371}}