{"mean":{"confidence_interval":{"confidence_level":0.95,"lower_bound":0.13037385785045208,"upper_bound":0.153063756723532},"point_estimate":0.1410266078642095,"standard_error":0.0058064916942932735},"median":{"confidence_interval":{"confidence_level":0.95,"lower_bound":0.13534100413229688,"upper_bound":0.16189406231843262},"point_estimate":0.14765730963283885,"standard_error":0.006839110959434544}}