{"mean":{"confidence_interval":{"confidence_level":0.95,"lower_bound":0.10657043237808295,"upper_bound":0.1473893233759711},"point_estimate":0.12674567909901668,"standard_error":0.010459290418272284},"median":{"confidence_interval":{"confidence_level":0.95,"lower_bound":0.11570395760901775,"upper_bound":0.14035165961119023},"point_estimate":0.12776385325728024,"standard_error":0.0062987201024396694}}