{"mean":{"confidence_interval":{"confidence_level":0.95,"lower_bound":0.2514721283010423,"upper_bound":0.3119686240744778},"point_estimate":0.2798518537320118,"standard_error":0.015825576730933627},"median":{"confidence_interval":{"confidence_level":0.95,"lower_bound":0.2471697158442432,"upper_bound":0.3070006213230241},"point_estimate":0.28245374116933286,"standard_error":0.015986873019649486}}