{"mean":{"confidence_interval":{"confidence_level":0.95,"lower_bound":0.5125871560031328,"upper_bound":0.5670670034003942},"point_estimate":0.5386921921342542,"standard_error":0.013956606189262082},"median":{"confidence_interval":{"confidence_level":0.95,"lower_bound":0.4966439888839811,"upper_bound":0.5444396539708201},"point_estimate":0.5207735302855749,"standard_error":0.012544790962638355}}