{"mean":{"confidence_interval":{"confidence_level":0.95,"lower_bound":-0.014434646287273645,"upper_bound":0.034315970840633585},"point_estimate":0.01058933761923675,"standard_error":0.012298551810843102},"median":{"confidence_interval":{"confidence_level":0.95,"lower_bound":-0.017503905011847842,"upper_bound":0.015912419566194158},"point_estimate":-0.0032476900129886355,"standard_error":0.008501286818641795}}