{"mean":{"confidence_interval":{"confidence_level":0.95,"lower_bound":-0.01316751929771694,"upper_bound":0.009919180376912319},"point_estimate":-0.0022106619498308833,"standard_error":0.00584877808974603},"median":{"confidence_interval":{"confidence_level":0.95,"lower_bound":-0.017338956886575385,"upper_bound":-0.008018160241175444},"point_estimate":-0.013572476526601651,"standard_error":0.0026125039374844264}}