{"mean":{"confidence_interval":{"confidence_level":0.95,"lower_bound":0.22940671325273587,"upper_bound":0.27733412710642863},"point_estimate":0.25198192923205354,"standard_error":0.011889686355423751},"median":{"confidence_interval":{"confidence_level":0.95,"lower_bound":0.2214654127136082,"upper_bound":0.23915100338949768},"point_estimate":0.23204889260415307,"standard_error":0.004355578908956064}}