{"mean":{"confidence_interval":{"confidence_level":0.95,"lower_bound":0.47899330406278534,"upper_bound":0.5474188809074872},"point_estimate":0.5120735125111002,"standard_error":0.017647708081242556},"median":{"confidence_interval":{"confidence_level":0.95,"lower_bound":0.44776185554620196,"upper_bound":0.5076259840941892},"point_estimate":0.48080681393429003,"standard_error":0.0147635279605538}}