{"mean":{"confidence_interval":{"confidence_level":0.95,"lower_bound":0.3845397171088759,"upper_bound":0.4306980197170306},"point_estimate":0.4069526329473112,"standard_error":0.011772863268662188},"median":{"confidence_interval":{"confidence_level":0.95,"lower_bound":0.3829052016552348,"upper_bound":0.4123950417115585},"point_estimate":0.4012371072293961,"standard_error":0.008179272261568128}}