{"mean":{"confidence_interval":{"confidence_level":0.95,"lower_bound":0.0072562748581322094,"upper_bound":0.03218498972114903},"point_estimate":0.020863505627045642,"standard_error":0.006223301914145148},"median":{"confidence_interval":{"confidence_level":0.95,"lower_bound":0.01636604800300301,"upper_bound":0.03226728976637694},"point_estimate":0.023611025734913582,"standard_error":0.003988220057426676}}