{"mean":{"confidence_interval":{"confidence_level":0.95,"lower_bound":-0.16785494607343998,"upper_bound":-0.11170719806990714},"point_estimate":-0.13851967003618115,"standard_error":0.01420686129649874},"median":{"confidence_interval":{"confidence_level":0.95,"lower_bound":-0.17861098045703827,"upper_bound":-0.1236330540280074},"point_estimate":-0.15123232436436818,"standard_error":0.013469360726548864}}