{"mean":{"confidence_interval":{"confidence_level":0.95,"lower_bound":0.0415599457892936,"upper_bound":0.0903468482292968},"point_estimate":0.0656781902745982,"standard_error":0.012383302747139691},"median":{"confidence_interval":{"confidence_level":0.95,"lower_bound":0.049431060632797896,"upper_bound":0.08055376604710102},"point_estimate":0.0627337510592596,"standard_error":0.007821576429683336}}