{"mean":{"confidence_interval":{"confidence_level":0.95,"lower_bound":-0.13319608919476233,"upper_bound":-0.0959194840041594},"point_estimate":-0.11474533068576054,"standard_error":0.009474366446676943},"median":{"confidence_interval":{"confidence_level":0.95,"lower_bound":-0.12341590954127701,"upper_bound":-0.07818125472970816},"point_estimate":-0.09843754008120176,"standard_error":0.010005931192632107}}