{"mean":{"confidence_interval":{"confidence_level":0.95,"lower_bound":-0.011906974244114778,"upper_bound":0.014240421862235175},"point_estimate":0.0016967658363902238,"standard_error":0.006580027137986431},"median":{"confidence_interval":{"confidence_level":0.95,"lower_bound":-0.011679519409009687,"upper_bound":0.01108295184556951},"point_estimate":0.0008038083711991995,"standard_error":0.006251840163994856}}