{"mean":{"confidence_interval":{"confidence_level":0.95,"lower_bound":-0.04609467024087949,"upper_bound":0.002722453474655054},"point_estimate":-0.021747711030052796,"standard_error":0.012400554106114773},"median":{"confidence_interval":{"confidence_level":0.95,"lower_bound":-0.034168294593748885,"upper_bound":0.010640912199921589},"point_estimate":-0.01542513345006491,"standard_error":0.010996271091737755}}