{"mean":{"confidence_interval":{"confidence_level":0.95,"lower_bound":0.2368552848630706,"upper_bound":0.2798006625475939},"point_estimate":0.2594814778562724,"standard_error":0.011109808003516223},"median":{"confidence_interval":{"confidence_level":0.95,"lower_bound":0.24146864544908872,"upper_bound":0.2676698978660914},"point_estimate":0.24741346814612664,"standard_error":0.005642921545445209}}