{"mean":{"confidence_interval":{"confidence_level":0.95,"lower_bound":0.12788048093228174,"upper_bound":0.1606980138531758},"point_estimate":0.14359830819240305,"standard_error":0.008328964396993946},"median":{"confidence_interval":{"confidence_level":0.95,"lower_bound":0.13422314562906745,"upper_bound":0.14866241357211418},"point_estimate":0.1414094193156381,"standard_error":0.0035414302155031027}}