{"mean":{"confidence_interval":{"confidence_level":0.95,"lower_bound":0.12369820714261337,"upper_bound":0.14969550158917944},"point_estimate":0.1369007468401393,"standard_error":0.006628307873221134},"median":{"confidence_interval":{"confidence_level":0.95,"lower_bound":0.13205656868901383,"upper_bound":0.15858089905719508},"point_estimate":0.14517405141328488,"standard_error":0.0064580035906374785}}