{"mean":{"confidence_interval":{"confidence_level":0.95,"lower_bound":-0.2599888860326035,"upper_bound":-0.22251538094493983},"point_estimate":-0.24101352485081173,"standard_error":0.009569280336885382},"median":{"confidence_interval":{"confidence_level":0.95,"lower_bound":-0.24288967835771302,"upper_bound":-0.21963601708363734},"point_estimate":-0.23146080151024628,"standard_error":0.006043743241494203}}