{"mean":{"confidence_interval":{"confidence_level":0.95,"lower_bound":-0.1908061753981205,"upper_bound":-0.16041932018091165},"point_estimate":-0.17572612846597968,"standard_error":0.007730963803808558},"median":{"confidence_interval":{"confidence_level":0.95,"lower_bound":-0.1922428578268578,"upper_bound":-0.17461750746640514},"point_estimate":-0.185297894517364,"standard_error":0.004512628073466846}}