{"mean":{"confidence_interval":{"confidence_level":0.95,"lower_bound":0.07402464128336426,"upper_bound":0.1136356515423765},"point_estimate":0.0938090669878322,"standard_error":0.01007554375645523},"median":{"confidence_interval":{"confidence_level":0.95,"lower_bound":0.05029795768254064,"upper_bound":0.091839221970206},"point_estimate":0.06405895918837734,"standard_error":0.012073385387924676}}