{"mean":{"confidence_interval":{"confidence_level":0.95,"lower_bound":-0.20546565012088358,"upper_bound":-0.16335425966789474},"point_estimate":-0.18374737224005366,"standard_error":0.010706946219101687},"median":{"confidence_interval":{"confidence_level":0.95,"lower_bound":-0.1943493365971216,"upper_bound":-0.15605896846425038},"point_estimate":-0.17824335846926798,"standard_error":0.009342714994244607}}