{"mean":{"confidence_interval":{"confidence_level":0.95,"lower_bound":0.0590985774623094,"upper_bound":0.11767805789642861},"point_estimate":0.08873704635447077,"standard_error":0.014979857838255457},"median":{"confidence_interval":{"confidence_level":0.95,"lower_bound":0.08930595903794702,"upper_bound":0.13343290739910055},"point_estimate":0.11548346139467536,"standard_error":0.010621503497630403}}