{"mean":{"confidence_interval":{"confidence_level":0.95,"lower_bound":0.43844249348700576,"upper_bound":0.5067942795038415},"point_estimate":0.4691982540816628,"standard_error":0.01733952388358661},"median":{"confidence_interval":{"confidence_level":0.95,"lower_bound":0.41306035476764313,"upper_bound":0.4610802108161207},"point_estimate":0.4353256129710159,"standard_error":0.01234735889537645}}