{"mean":{"confidence_interval":{"confidence_level":0.95,"lower_bound":-0.06844169372093825,"upper_bound":-0.013475118429226588},"point_estimate":-0.041224343677245257,"standard_error":0.014092771435687903},"median":{"confidence_interval":{"confidence_level":0.95,"lower_bound":-0.06133874422676621,"upper_bound":-0.009301825699055412},"point_estimate":-0.04207220893520658,"standard_error":0.013367622186136761}}