{"mean":{"confidence_interval":{"confidence_level":0.95,"lower_bound":-0.08733358930161536,"upper_bound":-0.04025414799214433},"point_estimate":-0.06340470363288297,"standard_error":0.012052245451705653},"median":{"confidence_interval":{"confidence_level":0.95,"lower_bound":-0.09344103738642508,"upper_bound":-0.04548886197816315},"point_estimate":-0.06939528888001356,"standard_error":0.01260773727120819}}