{"mean":{"confidence_interval":{"confidence_level":0.95,"lower_bound":0.2005639234823272,"upper_bound":0.23851262248801952},"point_estimate":0.21955325268995196,"standard_error":0.009730827899051804},"median":{"confidence_interval":{"confidence_level":0.95,"lower_bound":0.19468670658795784,"upper_bound":0.22936169139812712},"point_estimate":0.21499763252262127,"standard_error":0.008979393220626483}}