{"mean":{"confidence_interval":{"confidence_level":0.95,"lower_bound":0.0035020863676248743,"upper_bound":0.02788839336660926},"point_estimate":0.01674449606492745,"standard_error":0.006132005244779586},"median":{"confidence_interval":{"confidence_level":0.95,"lower_bound":0.017196915174770844,"upper_bound":0.02131496232854624},"point_estimate":0.0197092068216691,"standard_error":0.0011629739140416278}}