{"mean":{"confidence_interval":{"confidence_level":0.95,"lower_bound":0.01475225225322152,"upper_bound":0.07177866224682528},"point_estimate":0.04204353099559088,"standard_error":0.014517953069003817},"median":{"confidence_interval":{"confidence_level":0.95,"lower_bound":0.025950622170667792,"upper_bound":0.07486000622903943},"point_estimate":0.05150805715217244,"standard_error":0.011850373067721694}}