{"mean":{"confidence_interval":{"confidence_level":0.95,"lower_bound":0.26784936251558455,"upper_bound":0.3143869279516331},"point_estimate":0.29030476631830004,"standard_error":0.011587130020455583},"median":{"confidence_interval":{"confidence_level":0.95,"lower_bound":0.25767003966191115,"upper_bound":0.28762770398966375},"point_estimate":0.27235309649870487,"standard_error":0.00783331480302975}}