{"mean":{"confidence_interval":{"confidence_level":0.95,"lower_bound":-0.15625003924325032,"upper_bound":-0.1241616886710111},"point_estimate":-0.14034534512064722,"standard_error":0.00816694880863616},"median":{"confidence_interval":{"confidence_level":0.95,"lower_bound":-0.15273094259624387,"upper_bound":-0.13315594097143169},"point_estimate":-0.14463107613237702,"standard_error":0.0048337348141826685}}