{"mean":{"confidence_interval":{"confidence_level":0.95,"lower_bound":-0.06538088417341918,"upper_bound":-0.015077820942337197},"point_estimate":-0.03870538765176479,"standard_error":0.012868918999404939},"median":{"confidence_interval":{"confidence_level":0.95,"lower_bound":-0.0292277542933842,"upper_bound":0.009040556778246334},"point_estimate":-0.009084036384872096,"standard_error":0.00990670814653022}}