{"mean":{"confidence_interval":{"confidence_level":0.95,"lower_bound":0.38677142638548906,"upper_bound":0.430557711098657},"point_estimate":0.4089677660477242,"standard_error":0.011201971867543226},"median":{"confidence_interval":{"confidence_level":0.95,"lower_bound":0.4124996462243222,"upper_bound":0.45523736324095965},"point_estimate":0.42874799516728346,"standard_error":0.011156934579983707}}