{"mean":{"confidence_interval":{"confidence_level":0.95,"lower_bound":0.19280934601305183,"upper_bound":0.24079882086766063},"point_estimate":0.21592836054948394,"standard_error":0.012308986747411715},"median":{"confidence_interval":{"confidence_level":0.95,"lower_bound":0.19522134702624072,"upper_bound":0.23555265104227396},"point_estimate":0.2150005494073317,"standard_error":0.010257092901214923}}