{"mean":{"confidence_interval":{"confidence_level":0.95,"lower_bound":0.1582802838148168,"upper_bound":0.20073496329155674},"point_estimate":0.1790332934944363,"standard_error":0.010763258296733406},"median":{"confidence_interval":{"confidence_level":0.95,"lower_bound":0.1547958158887679,"upper_bound":0.198994455691493},"point_estimate":0.177529573584692,"standard_error":0.01154441391157436}}