{"mean":{"confidence_interval":{"confidence_level":0.95,"lower_bound":0.03777386763369597,"upper_bound":0.041712720980839016},"point_estimate":0.039593181841986125,"standard_error":0.0010106865466138145},"median":{"confidence_interval":{"confidence_level":0.95,"lower_bound":0.038613659048846616,"upper_bound":0.042145565627369486},"point_estimate":0.040221549240868626,"standard_error":0.0009051278088422718}}