{"mean":{"confidence_interval":{"confidence_level":0.95,"lower_bound":-0.06430750667389917,"upper_bound":-0.035868644941061},"point_estimate":-0.050457005659938714,"standard_error":0.007252242407178377},"median":{"confidence_interval":{"confidence_level":0.95,"lower_bound":-0.0564538999189057,"upper_bound":-0.022341784987871205},"point_estimate":-0.041873497869821974,"standard_error":0.008555640445603734}}