{"mean":{"confidence_interval":{"confidence_level":0.95,"lower_bound":-0.12498056226558467,"upper_bound":-0.10617700903119631},"point_estimate":-0.11547844706517818,"standard_error":0.004802401234182378},"median":{"confidence_interval":{"confidence_level":0.95,"lower_bound":-0.12697883578154268,"upper_bound":-0.10400130386296902},"point_estimate":-0.11708298663038219,"standard_error":0.006083227230470016}}