{"mean":{"confidence_interval":{"confidence_level":0.95,"lower_bound":0.3887023707229772,"upper_bound":0.4172860949183752},"point_estimate":0.40303392506050995,"standard_error":0.007278381728023136},"median":{"confidence_interval":{"confidence_level":0.95,"lower_bound":0.39479114365507684,"upper_bound":0.42274418712096806},"point_estimate":0.4079978667359627,"standard_error":0.0071003594668718785}}