{"mean":{"confidence_interval":{"confidence_level":0.95,"lower_bound":0.26527817300955003,"upper_bound":0.32395169316549494},"point_estimate":0.29439761438134826,"standard_error":0.014991988039507438},"median":{"confidence_interval":{"confidence_level":0.95,"lower_bound":0.29487817511502024,"upper_bound":0.36063200160624853},"point_estimate":0.33381929463626325,"standard_error":0.017444239606129848}}