{"mean":{"confidence_interval":{"confidence_level":0.95,"lower_bound":-0.15450111679538125,"upper_bound":-0.1366500212138612},"point_estimate":-0.14551602028324284,"standard_error":0.004555121572141777},"median":{"confidence_interval":{"confidence_level":0.95,"lower_bound":-0.15660167426916038,"upper_bound":-0.13414164355102687},"point_estimate":-0.14762496190125196,"standard_error":0.005835310978824242}}