{"mean":{"confidence_interval":{"confidence_level":0.95,"lower_bound":-0.09959044568189669,"upper_bound":-0.06938558461417904},"point_estimate":-0.08417074262030755,"standard_error":0.007702389696551236},"median":{"confidence_interval":{"confidence_level":0.95,"lower_bound":-0.09345320041713201,"upper_bound":-0.04981408815071198},"point_estimate":-0.07548779190027033,"standard_error":0.010883852485762045}}