{"mean":{"confidence_interval":{"confidence_level":0.95,"lower_bound":0.028698209578020197,"upper_bound":0.08465923461109215},"point_estimate":0.05566456279698406,"standard_error":0.014003402896700497},"median":{"confidence_interval":{"confidence_level":0.95,"lower_bound":0.01307787345346667,"upper_bound":0.07697259352300745},"point_estimate":0.03619029195306567,"standard_error":0.017994164691160133}}