{"mean":{"confidence_interval":{"confidence_level":0.95,"lower_bound":0.08765234579719339,"upper_bound":0.11595741210942387},"point_estimate":0.10130979219400116,"standard_error":0.007238928162353091},"median":{"confidence_interval":{"confidence_level":0.95,"lower_bound":0.09265129935172674,"upper_bound":0.12530559011482972},"point_estimate":0.1041290060553941,"standard_error":0.008569858828127577}}