{"mean":{"confidence_interval":{"confidence_level":0.95,"lower_bound":2963.666471431405,"upper_bound":3060.058404956601},"point_estimate":3011.542571226183,"standard_error":24.65976024370581},"median":{"confidence_interval":{"confidence_level":0.95,"lower_bound":2802.1518382352942,"upper_bound":3155.86797752809},"point_estimate":3096.509090425532,"standard_error":139.17527432321197},"median_abs_dev":{"confidence_interval":{"confidence_level":0.95,"lower_bound":109.54904399574119,"upper_bound":438.1166842973457},"point_estimate":424.29367138169806,"standard_error":124.18631954013816},"slope":{"confidence_interval":{"confidence_level":0.95,"lower_bound":3114.8968862641705,"upper_bound":3173.311328018754},"point_estimate":3145.369738584306,"standard_error":14.83268901045438},"std_dev":{"confidence_interval":{"confidence_level":0.95,"lower_bound":229.4853690171516,"upper_bound":265.8925412405506},"point_estimate":249.0738509511171,"standard_error":9.285048196904576}}