{"mean":{"confidence_interval":{"confidence_level":0.95,"lower_bound":3348.4530460520514,"upper_bound":3591.333775618092},"point_estimate":3468.0209581904824,"standard_error":62.23698470444191},"median":{"confidence_interval":{"confidence_level":0.95,"lower_bound":3237.7549367088604,"upper_bound":3509.4439032258065},"point_estimate":3412.21842063492,"standard_error":70.61118180020556},"median_abs_dev":{"confidence_interval":{"confidence_level":0.95,"lower_bound":307.30547184931856,"upper_bound":937.7534560764088},"point_estimate":794.9613621835836,"standard_error":127.81854434510252},"slope":{"confidence_interval":{"confidence_level":0.95,"lower_bound":3795.0610139364453,"upper_bound":4103.00722181119},"point_estimate":3959.921362139796,"standard_error":78.83089435960937},"std_dev":{"confidence_interval":{"confidence_level":0.95,"lower_bound":543.0029601656225,"upper_bound":687.3266013956609},"point_estimate":624.65988198704,"standard_error":37.003590486156305}}