{"mean":{"confidence_interval":{"confidence_level":0.95,"lower_bound":3311.6038743080944,"upper_bound":3532.65722594905},"point_estimate":3420.383258266796,"standard_error":56.371443621233034},"median":{"confidence_interval":{"confidence_level":0.95,"lower_bound":3132.6359788359787,"upper_bound":3357.381054131054},"point_estimate":3276.488694008657,"standard_error":62.52342197798292},"median_abs_dev":{"confidence_interval":{"confidence_level":0.95,"lower_bound":355.84083839539096,"upper_bound":665.8548436271653},"point_estimate":511.29972598178756,"standard_error":84.07685061701285},"slope":{"confidence_interval":{"confidence_level":0.95,"lower_bound":3697.6297879622825,"upper_bound":3954.41115457721},"point_estimate":3835.0677220060315,"standard_error":65.44216597535633},"std_dev":{"confidence_interval":{"confidence_level":0.95,"lower_bound":494.32217239946476,"upper_bound":621.5461963544277},"point_estimate":565.9808699106931,"standard_error":32.32772096937871}}