{"mean":{"confidence_interval":{"confidence_level":0.95,"lower_bound":3892.1992578613904,"upper_bound":4107.318549716493},"point_estimate":3999.1482243923347,"standard_error":54.94958737230457},"median":{"confidence_interval":{"confidence_level":0.95,"lower_bound":3859.044219771242,"upper_bound":4103.992060954817},"point_estimate":3984.9742122784946,"standard_error":54.3836237847092},"median_abs_dev":{"confidence_interval":{"confidence_level":0.95,"lower_bound":463.1821797052614,"upper_bound":737.0318415530777},"point_estimate":615.1239941525022,"standard_error":68.71911638237147},"slope":{"confidence_interval":{"confidence_level":0.95,"lower_bound":4120.933442482058,"upper_bound":4344.902907794335},"point_estimate":4239.421393440485,"standard_error":57.04284141184913},"std_dev":{"confidence_interval":{"confidence_level":0.95,"lower_bound":486.68165469103445,"upper_bound":608.3905034648774},"point_estimate":552.4613905550028,"standard_error":30.94541094513326}}