{"mean":{"confidence_interval":{"confidence_level":0.95,"lower_bound":4773.328534677015,"upper_bound":5078.600355909105},"point_estimate":4927.237149351246,"standard_error":78.33626269926863},"median":{"confidence_interval":{"confidence_level":0.95,"lower_bound":4871.598043240285,"upper_bound":5290.434407796102},"point_estimate":5075.313610429908,"standard_error":110.18948844872635},"median_abs_dev":{"confidence_interval":{"confidence_level":0.95,"lower_bound":594.8776025319497,"upper_bound":1228.8743845815848},"point_estimate":937.6158917436024,"standard_error":186.5907275478372},"slope":{"confidence_interval":{"confidence_level":0.95,"lower_bound":5280.932875140302,"upper_bound":5479.773748452179},"point_estimate":5381.840816640593,"standard_error":50.77099843727235},"std_dev":{"confidence_interval":{"confidence_level":0.95,"lower_bound":710.776605393101,"upper_bound":849.4459378591839},"point_estimate":785.5978591641516,"standard_error":35.402534531286776}}