{"mean":{"confidence_interval":{"confidence_level":0.95,"lower_bound":4470.48647968249,"upper_bound":4698.629955096459},"point_estimate":4576.363250975082,"standard_error":58.14119084977499},"median":{"confidence_interval":{"confidence_level":0.95,"lower_bound":4465.891201264489,"upper_bound":4486.395104895105},"point_estimate":4476.786565568578,"standard_error":12.903164871362579},"median_abs_dev":{"confidence_interval":{"confidence_level":0.95,"lower_bound":146.03928960824194,"upper_bound":432.38409155177874},"point_estimate":335.4329751018365,"standard_error":91.72875980361592},"slope":{"confidence_interval":{"confidence_level":0.95,"lower_bound":4476.977812501025,"upper_bound":4864.932920839173},"point_estimate":4673.113296613244,"standard_error":99.52056261405569},"std_dev":{"confidence_interval":{"confidence_level":0.95,"lower_bound":385.9147103925707,"upper_bound":789.0784988841073},"point_estimate":582.2735095763854,"standard_error":108.84175370445041}}