{"mean":{"confidence_interval":{"confidence_level":0.95,"lower_bound":5820.520560350321,"upper_bound":6001.750832888121},"point_estimate":5911.1552388896735,"standard_error":46.263768896090895},"median":{"confidence_interval":{"confidence_level":0.95,"lower_bound":5825.906301824212,"upper_bound":5960.300387596899},"point_estimate":5924.946175464321,"standard_error":35.14025523167698},"median_abs_dev":{"confidence_interval":{"confidence_level":0.95,"lower_bound":215.07174686148167,"upper_bound":416.7171848088448},"point_estimate":269.84604330357047,"standard_error":51.64507117780085},"slope":{"confidence_interval":{"confidence_level":0.95,"lower_bound":5985.319754770807,"upper_bound":6201.320869539994},"point_estimate":6090.678793655485,"standard_error":55.37597350168975},"std_dev":{"confidence_interval":{"confidence_level":0.95,"lower_bound":384.9094322141859,"upper_bound":529.0506789939344},"point_estimate":461.9344158642642,"standard_error":36.8237527431133}}