{"mean":{"confidence_interval":{"confidence_level":0.95,"lower_bound":6915.800725830344,"upper_bound":7071.927760820985},"point_estimate":6993.032861807923,"standard_error":39.796867794297995},"median":{"confidence_interval":{"confidence_level":0.95,"lower_bound":6915.544753433209,"upper_bound":7124.321643835617},"point_estimate":7003.941052631579,"standard_error":55.67285179988136},"median_abs_dev":{"confidence_interval":{"confidence_level":0.95,"lower_bound":301.3908185192977,"upper_bound":503.35136091764895},"point_estimate":389.64597465082227,"standard_error":51.68961632989511},"slope":{"confidence_interval":{"confidence_level":0.95,"lower_bound":7095.508291971674,"upper_bound":7252.440231870183},"point_estimate":7173.55654145116,"standard_error":39.98827275952023},"std_dev":{"confidence_interval":{"confidence_level":0.95,"lower_bound":340.26733594736993,"upper_bound":453.9968443390606},"point_estimate":399.4096377400704,"standard_error":29.201600586574624}}