{"mean":{"confidence_interval":{"confidence_level":0.95,"lower_bound":5554.3820890937595,"upper_bound":5744.324865712384},"point_estimate":5648.291320903787,"standard_error":48.40575726882618},"median":{"confidence_interval":{"confidence_level":0.95,"lower_bound":5457.073846153846,"upper_bound":5760.679487179487},"point_estimate":5618.017135278515,"standard_error":73.68666572044762},"median_abs_dev":{"confidence_interval":{"confidence_level":0.95,"lower_bound":386.1792800684929,"upper_bound":594.4704232396479},"point_estimate":513.5655320911802,"standard_error":55.28053204402724},"slope":{"confidence_interval":{"confidence_level":0.95,"lower_bound":5782.039017757827,"upper_bound":5994.073360195905},"point_estimate":5889.9677122006115,"standard_error":54.02226343530759},"std_dev":{"confidence_interval":{"confidence_level":0.95,"lower_bound":408.888825067374,"upper_bound":558.3906382072092},"point_estimate":484.8167465016811,"standard_error":38.14811199118136}}