{"mean":{"confidence_interval":{"confidence_level":0.95,"lower_bound":3532.2319175507073,"upper_bound":3540.691916451159},"point_estimate":3536.0180683912026,"standard_error":2.1747085216951714},"median":{"confidence_interval":{"confidence_level":0.95,"lower_bound":3528.746126126126,"upper_bound":3530.4565217391305},"point_estimate":3529.338813303099,"standard_error":0.48901308960678475},"median_abs_dev":{"confidence_interval":{"confidence_level":0.95,"lower_bound":3.1411076886786646,"upper_bound":5.946742422239848},"point_estimate":4.451040786910957,"standard_error":0.7410510541168047},"slope":{"confidence_interval":{"confidence_level":0.95,"lower_bound":3528.205268412509,"upper_bound":3531.1437203855908},"point_estimate":3529.519145854884,"standard_error":0.7492511401551011},"std_dev":{"confidence_interval":{"confidence_level":0.95,"lower_bound":11.352387857612865,"upper_bound":31.29093791630458},"point_estimate":21.878380411334238,"standard_error":5.186389674228849}}