{"mean":{"confidence_interval":{"confidence_level":0.95,"lower_bound":6737.320420894445,"upper_bound":6931.916283288807},"point_estimate":6834.57334530894,"standard_error":49.611999525990136},"median":{"confidence_interval":{"confidence_level":0.95,"lower_bound":6588.5974438358335,"upper_bound":6964.018577368577},"point_estimate":6770.602301117686,"standard_error":89.26172874495957},"median_abs_dev":{"confidence_interval":{"confidence_level":0.95,"lower_bound":485.8405840671663,"upper_bound":778.6336932113342},"point_estimate":647.9881216714532,"standard_error":73.9217656426164},"slope":{"confidence_interval":{"confidence_level":0.95,"lower_bound":7049.315528109015,"upper_bound":7240.336262900689},"point_estimate":7149.6921948142,"standard_error":48.60537417913268},"std_dev":{"confidence_interval":{"confidence_level":0.95,"lower_bound":447.1883107473713,"upper_bound":539.1123116875418},"point_estimate":497.26691853179227,"standard_error":23.399281965626233}}