{"mean":{"confidence_interval":{"confidence_level":0.95,"lower_bound":9489.014275392903,"upper_bound":10214.300471020446},"point_estimate":9746.64812677307,"standard_error":217.57990638839928},"median":{"confidence_interval":{"confidence_level":0.95,"lower_bound":9443.991266478344,"upper_bound":9673.741935483871},"point_estimate":9538.979399306892,"standard_error":60.73696312894822},"median_abs_dev":{"confidence_interval":{"confidence_level":0.95,"lower_bound":211.495755793587,"upper_bound":356.3986585176202},"point_estimate":304.7527219808617,"standard_error":35.71406090684077},"slope":{"confidence_interval":{"confidence_level":0.95,"lower_bound":9270.119745831762,"upper_bound":9358.967848120692},"point_estimate":9311.541188611398,"standard_error":22.64191656438181},"std_dev":{"confidence_interval":{"confidence_level":0.95,"lower_bound":237.55541646679217,"upper_bound":3767.060285428414},"point_estimate":2204.7487957127437,"standard_error":1258.0812388230834}}