{"mean":{"confidence_interval":{"confidence_level":0.95,"lower_bound":10898.497624022155,"upper_bound":11834.894596204233},"point_estimate":11216.436144561496,"standard_error":300.9974745840002},"median":{"confidence_interval":{"confidence_level":0.95,"lower_bound":10881.813333333334,"upper_bound":10966.368888888888},"point_estimate":10945.322889305815,"standard_error":24.789168746199437},"median_abs_dev":{"confidence_interval":{"confidence_level":0.95,"lower_bound":68.08428545792931,"upper_bound":137.7670683344919},"point_estimate":109.54032660072549,"standard_error":16.950472579036166},"slope":{"confidence_interval":{"confidence_level":0.95,"lower_bound":10820.615965881549,"upper_bound":10851.256290151616},"point_estimate":10834.533209398553,"standard_error":7.806083577234927},"std_dev":{"confidence_interval":{"confidence_level":0.95,"lower_bound":87.38082581012222,"upper_bound":5205.856848924602},"point_estimate":3036.304111558983,"standard_error":1862.5220525862057}}