{"mean":{"confidence_interval":{"confidence_level":0.95,"lower_bound":48366.158159111605,"upper_bound":49726.53871813789},"point_estimate":48950.41994276158,"standard_error":350.220142527615},"median":{"confidence_interval":{"confidence_level":0.95,"lower_bound":47816.98148148148,"upper_bound":48866.04623397435},"point_estimate":48362.74231557377,"standard_error":251.58356002212608},"median_abs_dev":{"confidence_interval":{"confidence_level":0.95,"lower_bound":1390.7692436149184,"upper_bound":2289.3170112767843},"point_estimate":1918.5003853249657,"standard_error":233.71022618432136},"slope":{"confidence_interval":{"confidence_level":0.95,"lower_bound":48306.84120242949,"upper_bound":49093.23976539998},"point_estimate":48687.19397615881,"standard_error":200.59537507338862},"std_dev":{"confidence_interval":{"confidence_level":0.95,"lower_bound":1639.7279406209493,"upper_bound":5432.198580611654},"point_estimate":3521.996709270379,"standard_error":1152.8035204248722}}