{"mean":{"confidence_interval":{"confidence_level":0.95,"lower_bound":5940709.364583334,"upper_bound":6041283.9945},"point_estimate":5990773.353333335,"standard_error":25550.141811868376},"median":{"confidence_interval":{"confidence_level":0.95,"lower_bound":5964280.333333334,"upper_bound":6055481.5},"point_estimate":6002630.833333334,"standard_error":24677.784134206897},"median_abs_dev":{"confidence_interval":{"confidence_level":0.95,"lower_bound":215770.6813693042,"upper_bound":358547.03563451744},"point_estimate":296746.09123170376,"standard_error":36662.82202381233},"slope":null,"std_dev":{"confidence_interval":{"confidence_level":0.95,"lower_bound":225637.3757229584,"upper_bound":285497.0160059252},"point_estimate":257548.11280686755,"standard_error":15286.619628507988}}