{"mean":{"confidence_interval":{"confidence_level":0.95,"lower_bound":5391404.770500001,"upper_bound":5488571.440833337},"point_estimate":5439680.456666666,"standard_error":24913.56391651553},"median":{"confidence_interval":{"confidence_level":0.95,"lower_bound":5368429.5,"upper_bound":5480238.666666667},"point_estimate":5436530.333333334,"standard_error":32360.02642615961},"median_abs_dev":{"confidence_interval":{"confidence_level":0.95,"lower_bound":182219.44396495773,"upper_bound":296819.7270303976},"point_estimate":246732.06371963094,"standard_error":29993.080445561245},"slope":null,"std_dev":{"confidence_interval":{"confidence_level":0.95,"lower_bound":205564.92267178508,"upper_bound":293443.7205032736},"point_estimate":248694.46662747857,"standard_error":22674.123114374917}}