{"mean":{"confidence_interval":{"confidence_level":0.95,"lower_bound":7616799.578749999,"upper_bound":7808397.041749997},"point_estimate":7710159.193333333,"standard_error":48889.49995642506},"median":{"confidence_interval":{"confidence_level":0.95,"lower_bound":7476791.333333333,"upper_bound":7665143.333333334},"point_estimate":7592542.5,"standard_error":55015.99097435389},"median_abs_dev":{"confidence_interval":{"confidence_level":0.95,"lower_bound":267216.9004559526,"upper_bound":518941.12538695475},"point_estimate":381823.8552212713,"standard_error":60350.722555489025},"slope":null,"std_dev":{"confidence_interval":{"confidence_level":0.95,"lower_bound":404910.00155622576,"upper_bound":574590.7366188492},"point_estimate":492823.89805629913,"standard_error":43530.59254880868}}