{"mean":{"confidence_interval":{"confidence_level":0.95,"lower_bound":-0.5780092581855931,"upper_bound":-0.5616251420166766},"point_estimate":-0.5696047239323958,"standard_error":0.004162677644728291},"median":{"confidence_interval":{"confidence_level":0.95,"lower_bound":-0.566822609114304,"upper_bound":-0.5543422498432509},"point_estimate":-0.5606626963603025,"standard_error":0.003077449906904733}}