{"mean":{"confidence_interval":{"confidence_level":0.95,"lower_bound":-0.07813656310159403,"upper_bound":-0.06060713527645744},"point_estimate":-0.0692436932684134,"standard_error":0.004600828767361455},"median":{"confidence_interval":{"confidence_level":0.95,"lower_bound":-0.07322648145252308,"upper_bound":-0.055092358162272814},"point_estimate":-0.06491981707066652,"standard_error":0.004380702565807817}}