{"mean":{"confidence_interval":{"confidence_level":0.95,"lower_bound":0.13829005325188692,"upper_bound":0.14193567510710928},"point_estimate":0.14020019099115144,"standard_error":0.0009466672303232315},"median":{"confidence_interval":{"confidence_level":0.95,"lower_bound":0.1394558442233167,"upper_bound":0.14126237477918413},"point_estimate":0.14034837689013702,"standard_error":0.0004825609678984256}}