{"mean":{"confidence_interval":{"confidence_level":0.95,"lower_bound":0.20891916882797223,"upper_bound":0.2564624555466929},"point_estimate":0.2316477983921521,"standard_error":0.012959984611223385},"median":{"confidence_interval":{"confidence_level":0.95,"lower_bound":0.20134491142938327,"upper_bound":0.21155094272886776},"point_estimate":0.20575951368510914,"standard_error":0.0030505400758655808}}