{"mean":{"confidence_interval":{"confidence_level":0.95,"lower_bound":-0.11507235611761088,"upper_bound":-0.1035322830348099},"point_estimate":-0.11139696544840272,"standard_error":0.003071695412303226},"median":{"confidence_interval":{"confidence_level":0.95,"lower_bound":-0.11448279150459195,"upper_bound":-0.1120963642163636},"point_estimate":-0.11354396114419774,"standard_error":0.0006559660620964456}}