{"mean":{"confidence_interval":{"confidence_level":0.95,"lower_bound":-0.5947103884783473,"upper_bound":-0.5734954538515867},"point_estimate":-0.5847456929354358,"standard_error":0.005433264814548469},"median":{"confidence_interval":{"confidence_level":0.95,"lower_bound":-0.5908674705150343,"upper_bound":-0.5758793080825765},"point_estimate":-0.5814740041309838,"standard_error":0.0036581038400678736}}