{"mean":{"confidence_interval":{"confidence_level":0.95,"lower_bound":-0.659473669007986,"upper_bound":-0.650671566548343},"point_estimate":-0.6548194627528519,"standard_error":0.0022467428504128048},"median":{"confidence_interval":{"confidence_level":0.95,"lower_bound":-0.6522069566043145,"upper_bound":-0.6469418743499256},"point_estimate":-0.6498940587780682,"standard_error":0.0013276989642628885}}