{"mean":{"confidence_interval":{"confidence_level":0.95,"lower_bound":-0.572730094391632,"upper_bound":-0.5667531472033396},"point_estimate":-0.5696646515486221,"standard_error":0.0015268318845785517},"median":{"confidence_interval":{"confidence_level":0.95,"lower_bound":-0.5691701807568078,"upper_bound":-0.5637427378124086},"point_estimate":-0.5675650489086346,"standard_error":0.0014580969430853833}}