{"mean":{"confidence_interval":{"confidence_level":0.95,"lower_bound":0.26829432572986645,"upper_bound":0.27300587987869807},"point_estimate":0.270719945841555,"standard_error":0.0012138600610994057},"median":{"confidence_interval":{"confidence_level":0.95,"lower_bound":0.2687008856656418,"upper_bound":0.2714020520003474},"point_estimate":0.2703583445829403,"standard_error":0.0006805729141024138}}