{"mean":{"confidence_interval":{"confidence_level":0.95,"lower_bound":0.16466131631059597,"upper_bound":0.16860094678620594},"point_estimate":0.16657086607353722,"standard_error":0.0009762589902342296},"median":{"confidence_interval":{"confidence_level":0.95,"lower_bound":0.16582807801365784,"upper_bound":0.16714228432193012},"point_estimate":0.16641192514782532,"standard_error":0.0003249189308495697}}