{"mean":{"confidence_interval":{"confidence_level":0.95,"lower_bound":1.7572785876580352,"upper_bound":1.800131236908023},"point_estimate":1.7781046993598943,"standard_error":0.011075202934036965},"median":{"confidence_interval":{"confidence_level":0.95,"lower_bound":1.749590894181813,"upper_bound":1.791493496230954},"point_estimate":1.7737263074390626,"standard_error":0.011169581717342896}}