{"mean":{"confidence_interval":{"confidence_level":0.95,"lower_bound":-0.6104932442629655,"upper_bound":-0.6007229869360555},"point_estimate":-0.6055123689219966,"standard_error":0.0024938593085772703},"median":{"confidence_interval":{"confidence_level":0.95,"lower_bound":-0.6071736868967268,"upper_bound":-0.5982003082540897},"point_estimate":-0.6028204615589983,"standard_error":0.002314656338922459}}