{"mean":{"confidence_interval":{"confidence_level":0.95,"lower_bound":0.003130895622558749,"upper_bound":0.006940103920988266},"point_estimate":0.004827979296123441,"standard_error":0.0009671790099754724},"median":{"confidence_interval":{"confidence_level":0.95,"lower_bound":0.0037691892666489313,"upper_bound":0.005006786356842596},"point_estimate":0.004513634102727648,"standard_error":0.0003428202279827053}}