{"mean":{"confidence_interval":{"confidence_level":0.95,"lower_bound":-0.5580103478382488,"upper_bound":-0.5430011964629405},"point_estimate":-0.5498964346530646,"standard_error":0.0038378077843894713},"median":{"confidence_interval":{"confidence_level":0.95,"lower_bound":-0.5523244119467343,"upper_bound":-0.5363703374474516},"point_estimate":-0.5422645767054028,"standard_error":0.0037736666512643547}}