{"mean":{"confidence_interval":{"confidence_level":0.95,"lower_bound":-0.002378109788918392,"upper_bound":0.0030883872708146296},"point_estimate":0.0005462314158235504,"standard_error":0.0013833680505105153},"median":{"confidence_interval":{"confidence_level":0.95,"lower_bound":0.0011013250624689608,"upper_bound":0.001842342450622203},"point_estimate":0.0013567325482781722,"standard_error":0.00019419468938243573}}