{"mean":{"confidence_interval":{"confidence_level":0.95,"lower_bound":0.05471701556131641,"upper_bound":0.08668963589250746},"point_estimate":0.06967246702226859,"standard_error":0.007998752128914318},"median":{"confidence_interval":{"confidence_level":0.95,"lower_bound":0.04695219972444442,"upper_bound":0.07470615035879558},"point_estimate":0.06199132893947512,"standard_error":0.007767768501805605}}