{"mean":{"confidence_interval":{"confidence_level":0.95,"lower_bound":-0.6874653072582945,"upper_bound":-0.6769779698699429},"point_estimate":-0.6817953794109767,"standard_error":0.00270238872372485},"median":{"confidence_interval":{"confidence_level":0.95,"lower_bound":-0.6831562016306679,"upper_bound":-0.6719338413224609},"point_estimate":-0.6760963543413525,"standard_error":0.0026743633020693885}}