{"mean":{"confidence_interval":{"confidence_level":0.95,"lower_bound":0.05313367580954812,"upper_bound":0.08620771661329324},"point_estimate":0.06872027876758047,"standard_error":0.008399968730816594},"median":{"confidence_interval":{"confidence_level":0.95,"lower_bound":0.03564012387546134,"upper_bound":0.07086230839160557},"point_estimate":0.0520212283267425,"standard_error":0.009158273302719292}}