{"mean":{"confidence_interval":{"confidence_level":0.95,"lower_bound":0.16435314472082171,"upper_bound":0.16910710303607515},"point_estimate":0.16671924372014413,"standard_error":0.0012176842155906282},"median":{"confidence_interval":{"confidence_level":0.95,"lower_bound":0.16619223264208394,"upper_bound":0.1685526734513858},"point_estimate":0.16778245461321695,"standard_error":0.0005892687961058852}}