{"mean":{"confidence_interval":{"confidence_level":0.95,"lower_bound":0.11857625862403887,"upper_bound":0.12303867143907533},"point_estimate":0.1210719341996751,"standard_error":0.0011416029863560322},"median":{"confidence_interval":{"confidence_level":0.95,"lower_bound":0.12180494266278688,"upper_bound":0.12257400381593016},"point_estimate":0.12216531881544657,"standard_error":0.00017967858867140422}}