{"mean":{"confidence_interval":{"confidence_level":0.95,"lower_bound":-0.5281406731596379,"upper_bound":-0.5165169578548258},"point_estimate":-0.5223390177531424,"standard_error":0.0029684239667023566},"median":{"confidence_interval":{"confidence_level":0.95,"lower_bound":-0.5233550568848064,"upper_bound":-0.5093593973759616},"point_estimate":-0.5153831414708182,"standard_error":0.0037647794955609397}}