{"mean":{"confidence_interval":{"confidence_level":0.95,"lower_bound":-0.049118609109240596,"upper_bound":-0.003123389627115072},"point_estimate":-0.02826110232311141,"standard_error":0.011457584810260065},"median":{"confidence_interval":{"confidence_level":0.95,"lower_bound":-0.04109676664557271,"upper_bound":-0.014090366295912093},"point_estimate":-0.030673488450212782,"standard_error":0.007238057062383492}}