{"mean":{"confidence_interval":{"confidence_level":0.95,"lower_bound":0.10265842729354713,"upper_bound":0.10930588599889063},"point_estimate":0.10549625420600273,"standard_error":0.001757037103116102},"median":{"confidence_interval":{"confidence_level":0.95,"lower_bound":0.10421103306853347,"upper_bound":0.10510229829119938},"point_estimate":0.10460800166166528,"standard_error":0.00022733064517790414}}