{"mean":{"confidence_interval":{"confidence_level":0.95,"lower_bound":-0.46290479201333934,"upper_bound":-0.44712630887465893},"point_estimate":-0.4548808910711549,"standard_error":0.004033626982016841},"median":{"confidence_interval":{"confidence_level":0.95,"lower_bound":-0.46546456643559797,"upper_bound":-0.4474776562897578},"point_estimate":-0.4566054040081242,"standard_error":0.0049022750256994966}}