{"mean":{"confidence_interval":{"confidence_level":0.95,"lower_bound":0.025493424671482585,"upper_bound":0.02894902997755895},"point_estimate":0.02710785540176297,"standard_error":0.0008541937726577586},"median":{"confidence_interval":{"confidence_level":0.95,"lower_bound":0.026788446024055057,"upper_bound":0.02790116443381252},"point_estimate":0.02733277443420512,"standard_error":0.00028318036969689973}}