{"mean":{"confidence_interval":{"confidence_level":0.95,"lower_bound":-0.6559624376361839,"upper_bound":-0.6473491189202366},"point_estimate":-0.6515734170067757,"standard_error":0.002208645518206184},"median":{"confidence_interval":{"confidence_level":0.95,"lower_bound":-0.6531950286836099,"upper_bound":-0.6452556111154487},"point_estimate":-0.6493467295306288,"standard_error":0.002057384615161302}}