{"mean":{"confidence_interval":{"confidence_level":0.95,"lower_bound":0.9367653826075462,"upper_bound":0.9832753983958332},"point_estimate":0.9590547661784221,"standard_error":0.01193679787165421},"median":{"confidence_interval":{"confidence_level":0.95,"lower_bound":0.8987841195567218,"upper_bound":0.9305726648626922},"point_estimate":0.9096743668521847,"standard_error":0.00790920598235537}}