{"mean":{"confidence_interval":{"confidence_level":0.95,"lower_bound":1.2655775021483802,"upper_bound":1.3575944676473486},"point_estimate":1.3053297107681523,"standard_error":0.023252576045345513},"median":{"confidence_interval":{"confidence_level":0.95,"lower_bound":1.2377885850555226,"upper_bound":1.2997922600265803},"point_estimate":1.270930163140548,"standard_error":0.016108063206998747}}