{"mean":{"confidence_interval":{"confidence_level":0.95,"lower_bound":-0.04352314428684862,"upper_bound":-0.030526240897925404},"point_estimate":-0.03743775660484383,"standard_error":0.003315441765978311},"median":{"confidence_interval":{"confidence_level":0.95,"lower_bound":-0.05106713129887948,"upper_bound":-0.044134816793811926},"point_estimate":-0.048725134669848624,"standard_error":0.0017573332412346078}}