{"mean":{"confidence_interval":{"confidence_level":0.95,"lower_bound":-0.6026248246959476,"upper_bound":-0.5924566834968451},"point_estimate":-0.5973075648624866,"standard_error":0.0025923069199091206},"median":{"confidence_interval":{"confidence_level":0.95,"lower_bound":-0.5937137664520872,"upper_bound":-0.5875819644180266},"point_estimate":-0.5910079412539995,"standard_error":0.0015483307170141448}}