{"mean":{"confidence_interval":{"confidence_level":0.95,"lower_bound":-0.48625332942740523,"upper_bound":-0.47864097485777557},"point_estimate":-0.4823659080656284,"standard_error":0.0019480347744553661},"median":{"confidence_interval":{"confidence_level":0.95,"lower_bound":-0.4816725588079737,"upper_bound":-0.47509719952087515},"point_estimate":-0.47965820455993435,"standard_error":0.0017603992480597543}}