{"mean":{"confidence_interval":{"confidence_level":0.95,"lower_bound":1.289657694310162,"upper_bound":1.325082684801239},"point_estimate":1.3062432534050732,"standard_error":0.009050898191247348},"median":{"confidence_interval":{"confidence_level":0.95,"lower_bound":1.2676799173647637,"upper_bound":1.29433346660339},"point_estimate":1.2781194109002931,"standard_error":0.006549700974491866}}