{"mean":{"confidence_interval":{"confidence_level":0.95,"lower_bound":-0.042365610000869636,"upper_bound":-0.02969837543158239},"point_estimate":-0.03649682369788099,"standard_error":0.0032518761874720183},"median":{"confidence_interval":{"confidence_level":0.95,"lower_bound":-0.04968955341081138,"upper_bound":-0.04278800629173904},"point_estimate":-0.04740245225033002,"standard_error":0.001751525873018833}}