{"mean":{"confidence_interval":{"confidence_level":0.95,"lower_bound":1.3840702378060674,"upper_bound":1.455519243999419},"point_estimate":1.4213211754402515,"standard_error":0.019200425789061223},"median":{"confidence_interval":{"confidence_level":0.95,"lower_bound":1.3327342253041006,"upper_bound":1.4432759002415136},"point_estimate":1.3790176568707428,"standard_error":0.03317836001921759}}