{"mean":{"confidence_interval":{"confidence_level":0.95,"lower_bound":1.200105701575679,"upper_bound":1.6589974090003732},"point_estimate":1.3710967778169758,"standard_error":0.12708586869921498},"median":{"confidence_interval":{"confidence_level":0.95,"lower_bound":1.1152863971017792,"upper_bound":1.1725330379696373},"point_estimate":1.1444281648157033,"standard_error":0.012975773482047806}}