{"mean":{"confidence_interval":{"confidence_level":0.95,"lower_bound":-0.5430355130143772,"upper_bound":-0.5309099170617757},"point_estimate":-0.536682400668729,"standard_error":0.0030850440971946277},"median":{"confidence_interval":{"confidence_level":0.95,"lower_bound":-0.5309837790766733,"upper_bound":-0.5230964191444956},"point_estimate":-0.5274715866070585,"standard_error":0.0019757001382616386}}