{"mean":{"confidence_interval":{"confidence_level":0.95,"lower_bound":0.07667944960648143,"upper_bound":0.1109648938381757},"point_estimate":0.09531390140983342,"standard_error":0.008897890996285728},"median":{"confidence_interval":{"confidence_level":0.95,"lower_bound":0.06912377320094659,"upper_bound":0.12161939457146032},"point_estimate":0.09182972831844527,"standard_error":0.01225937905529081}}