{"mean":{"confidence_interval":{"confidence_level":0.95,"lower_bound":-0.1828415663375893,"upper_bound":-0.16719971184810034},"point_estimate":-0.17524028741098274,"standard_error":0.003995383749614699},"median":{"confidence_interval":{"confidence_level":0.95,"lower_bound":-0.19595873678160292,"upper_bound":-0.17067468677309572},"point_estimate":-0.18891465261429718,"standard_error":0.006777103056878698}}