{"mean":{"confidence_interval":{"confidence_level":0.95,"lower_bound":-0.1156689850661356,"upper_bound":-0.08293716566131595},"point_estimate":-0.09907623733830784,"standard_error":0.008352692258620573},"median":{"confidence_interval":{"confidence_level":0.95,"lower_bound":-0.10404206715787212,"upper_bound":-0.08621670800934489},"point_estimate":-0.09490157538262667,"standard_error":0.004675532896812798}}