{"mean":{"confidence_interval":{"confidence_level":0.95,"lower_bound":0.05856274013798664,"upper_bound":0.06290843153637672},"point_estimate":0.06095708319327886,"standard_error":0.0011092321325196653},"median":{"confidence_interval":{"confidence_level":0.95,"lower_bound":0.061007560231904234,"upper_bound":0.06356138387890699},"point_estimate":0.06202798131293563,"standard_error":0.000561793251077867}}