{"mean":{"confidence_interval":{"confidence_level":0.95,"lower_bound":0.016281229337045528,"upper_bound":0.03008307932863464},"point_estimate":0.02264924386379641,"standard_error":0.0035247276253013425},"median":{"confidence_interval":{"confidence_level":0.95,"lower_bound":0.007303039580245363,"upper_bound":0.01472228575297528},"point_estimate":0.009968293272908824,"standard_error":0.00187280468896909}}