{"mean":{"confidence_interval":{"confidence_level":0.95,"lower_bound":-0.0023483323708329644,"upper_bound":0.0009676834374106322},"point_estimate":-0.0007750699821514884,"standard_error":0.0008478839541731858},"median":{"confidence_interval":{"confidence_level":0.95,"lower_bound":-0.0014447332936532579,"upper_bound":-0.0004083151759548542},"point_estimate":-0.0009991153018126253,"standard_error":0.0002685565825703473}}