{"mean":{"confidence_interval":{"confidence_level":0.95,"lower_bound":-0.11035277223065931,"upper_bound":-0.09251046605557152},"point_estimate":-0.10216503723763926,"standard_error":0.004440152809176016},"median":{"confidence_interval":{"confidence_level":0.95,"lower_bound":-0.1077126058028598,"upper_bound":-0.098900786697937},"point_estimate":-0.10169433467768607,"standard_error":0.002013375679944387}}