{"mean":{"confidence_interval":{"confidence_level":0.95,"lower_bound":0.0008111626857720822,"upper_bound":0.0036368937455458538},"point_estimate":0.0021814162355311417,"standard_error":0.0007154353839706363},"median":{"confidence_interval":{"confidence_level":0.95,"lower_bound":0.0011760321134170865,"upper_bound":0.0023148391210106034},"point_estimate":0.001847830012969176,"standard_error":0.000304058371561316}}