{"mean":{"confidence_interval":{"confidence_level":0.95,"lower_bound":-0.13911486603451495,"upper_bound":-0.09238830129078994},"point_estimate":-0.11682288723712209,"standard_error":0.011804500166658767},"median":{"confidence_interval":{"confidence_level":0.95,"lower_bound":-0.1410008335748809,"upper_bound":-0.10154263827343533},"point_estimate":-0.12007398519481882,"standard_error":0.009524346325809206}}