{"mean":{"confidence_interval":{"confidence_level":0.95,"lower_bound":-0.5925339026897853,"upper_bound":-0.5780803209503909},"point_estimate":-0.5847902604159344,"standard_error":0.0036928900432356714},"median":{"confidence_interval":{"confidence_level":0.95,"lower_bound":-0.5860774049791456,"upper_bound":-0.5708955690204232},"point_estimate":-0.5763680942008902,"standard_error":0.0036993653204745744}}