{"mean":{"confidence_interval":{"confidence_level":0.95,"lower_bound":1.4993856475987004,"upper_bound":1.5752377620838163},"point_estimate":1.5408117667501835,"standard_error":0.018959615456661964},"median":{"confidence_interval":{"confidence_level":0.95,"lower_bound":1.4802099713701597,"upper_bound":1.5639354262221863},"point_estimate":1.5232369191919806,"standard_error":0.023489698829199105}}