{"mean":{"confidence_interval":{"confidence_level":0.95,"lower_bound":-0.6877801219996028,"upper_bound":-0.6771404866848939},"point_estimate":-0.6819975791042179,"standard_error":0.0027225378827042657},"median":{"confidence_interval":{"confidence_level":0.95,"lower_bound":-0.6835458605663135,"upper_bound":-0.6723737791648632},"point_estimate":-0.676465097918405,"standard_error":0.002675761761194791}}