{"mean":{"confidence_interval":{"confidence_level":0.95,"lower_bound":-0.599509163139961,"upper_bound":-0.5860389397805693},"point_estimate":-0.5922243350028219,"standard_error":0.0034552930748359286},"median":{"confidence_interval":{"confidence_level":0.95,"lower_bound":-0.5938811964640414,"upper_bound":-0.5793556717414735},"point_estimate":-0.5847159939071591,"standard_error":0.0034285731786542584}}