{"mean":{"confidence_interval":{"confidence_level":0.95,"lower_bound":-0.489041882295037,"upper_bound":-0.47998231356311305},"point_estimate":-0.4841882583984728,"standard_error":0.002312726324833248},"median":{"confidence_interval":{"confidence_level":0.95,"lower_bound":-0.48604269669370015,"upper_bound":-0.4749610616477433},"point_estimate":-0.4800844466780002,"standard_error":0.0034177236815788586}}