{"mean":{"confidence_interval":{"confidence_level":0.95,"lower_bound":1.2520035886879404,"upper_bound":1.3797491522932515},"point_estimate":1.300564021902523,"standard_error":0.03298939509187072},"median":{"confidence_interval":{"confidence_level":0.95,"lower_bound":1.2138399896422274,"upper_bound":1.2672204834131526},"point_estimate":1.241179651909158,"standard_error":0.014856026517927218}}