{"mean":{"confidence_interval":{"confidence_level":0.95,"lower_bound":-0.5541158888150204,"upper_bound":-0.5428667547239235},"point_estimate":-0.5483860983048501,"standard_error":0.002851742694859862},"median":{"confidence_interval":{"confidence_level":0.95,"lower_bound":-0.5499724504749257,"upper_bound":-0.5396971218405658},"point_estimate":-0.545012923825372,"standard_error":0.0026660237383289206}}