{"mean":{"confidence_interval":{"confidence_level":0.95,"lower_bound":1.7999467413217738,"upper_bound":1.8487377905613631},"point_estimate":1.8247130069844064,"standard_error":0.012301388988663738},"median":{"confidence_interval":{"confidence_level":0.95,"lower_bound":1.7944531912342825,"upper_bound":1.8396239805629389},"point_estimate":1.8120034534181428,"standard_error":0.013411837790351577}}