{"mean":{"confidence_interval":{"confidence_level":0.95,"lower_bound":0.18330579353680537,"upper_bound":0.1890450465787889},"point_estimate":0.1862579955160244,"standard_error":0.0014905401831276544},"median":{"confidence_interval":{"confidence_level":0.95,"lower_bound":0.18707463006820646,"upper_bound":0.1907238432421896},"point_estimate":0.18911053036600478,"standard_error":0.0009188705633928055}}