{"mean":{"confidence_interval":{"confidence_level":0.95,"lower_bound":-0.0882161163944178,"upper_bound":-0.03215441728751421},"point_estimate":-0.06257714585542018,"standard_error":0.01422114546034725},"median":{"confidence_interval":{"confidence_level":0.95,"lower_bound":-0.09290294184152514,"upper_bound":-0.05592025559146851},"point_estimate":-0.07024916303235229,"standard_error":0.009067694838667944}}