{"mean":{"confidence_interval":{"confidence_level":0.95,"lower_bound":0.28381851133320585,"upper_bound":0.2879231052507321},"point_estimate":0.28586116312562915,"standard_error":0.0010345776086150215},"median":{"confidence_interval":{"confidence_level":0.95,"lower_bound":0.28485838007859954,"upper_bound":0.2870854008678626},"point_estimate":0.28612853953458406,"standard_error":0.0005550541690876907}}