{"mean":{"confidence_interval":{"confidence_level":0.95,"lower_bound":0.15516026258277416,"upper_bound":0.16925237301095963},"point_estimate":0.1623350824474319,"standard_error":0.0037249289200018813},"median":{"confidence_interval":{"confidence_level":0.95,"lower_bound":0.1584830636474246,"upper_bound":0.1758097127597733},"point_estimate":0.16941555730166336,"standard_error":0.004301213805528642}}