{"mean":{"confidence_interval":{"confidence_level":0.95,"lower_bound":-0.000648312763817479,"upper_bound":0.01972652135284756},"point_estimate":0.008796718786799662,"standard_error":0.00521996703401213},"median":{"confidence_interval":{"confidence_level":0.95,"lower_bound":-0.012902449631418955,"upper_bound":0.008763816407656222},"point_estimate":-0.00021598015589385788,"standard_error":0.005506723680788654}}