{"mean":{"confidence_interval":{"confidence_level":0.95,"lower_bound":-0.6347681437059525,"upper_bound":-0.6223873600880662},"point_estimate":-0.6280569242258978,"standard_error":0.003165049647988762},"median":{"confidence_interval":{"confidence_level":0.95,"lower_bound":-0.6299426811828517,"upper_bound":-0.616870242526586},"point_estimate":-0.6217070704700578,"standard_error":0.00310858145290497}}