{"mean":{"confidence_interval":{"confidence_level":0.95,"lower_bound":0.23751249097455784,"upper_bound":0.24291630714099427},"point_estimate":0.24024591130816564,"standard_error":0.0013732462608046442},"median":{"confidence_interval":{"confidence_level":0.95,"lower_bound":0.2360425770084582,"upper_bound":0.2397591610461549},"point_estimate":0.23799956550829449,"standard_error":0.0009364390640212095}}