{"mean":{"confidence_interval":{"confidence_level":0.95,"lower_bound":-0.584628091591105,"upper_bound":-0.5676535171454622},"point_estimate":-0.5752690214343956,"standard_error":0.004369905319176906},"median":{"confidence_interval":{"confidence_level":0.95,"lower_bound":-0.5703625613814979,"upper_bound":-0.5611663065423278},"point_estimate":-0.5659401058010869,"standard_error":0.0021977311047320217}}