{"mean":{"confidence_interval":{"confidence_level":0.95,"lower_bound":1.4428370124178511,"upper_bound":1.5052963850458507},"point_estimate":1.4739915419463951,"standard_error":0.01589733396149029},"median":{"confidence_interval":{"confidence_level":0.95,"lower_bound":1.398456899994223,"upper_bound":1.4898356261040995},"point_estimate":1.4287404485229387,"standard_error":0.023262425822803145}}