{"mean":{"confidence_interval":{"confidence_level":0.95,"lower_bound":-0.6682762406740783,"upper_bound":-0.6490033502190532},"point_estimate":-0.6578028063857098,"standard_error":0.004977063451949054},"median":{"confidence_interval":{"confidence_level":0.95,"lower_bound":-0.648531634606354,"upper_bound":-0.6435182491651626},"point_estimate":-0.6458223776738521,"standard_error":0.0012117489099978994}}