{"mean":{"confidence_interval":{"confidence_level":0.95,"lower_bound":0.11944388769685692,"upper_bound":0.1234537311169844},"point_estimate":0.12178884606816331,"standard_error":0.0010428263987559976},"median":{"confidence_interval":{"confidence_level":0.95,"lower_bound":0.1231560519385062,"upper_bound":0.12395998566850341},"point_estimate":0.12353047274986562,"standard_error":0.00018585330046071792}}