{"mean":{"confidence_interval":{"confidence_level":0.95,"lower_bound":0.2585075726652126,"upper_bound":0.3034270983556489},"point_estimate":0.2787720464347685,"standard_error":0.011818153666578766},"median":{"confidence_interval":{"confidence_level":0.95,"lower_bound":0.222519000991376,"upper_bound":0.2460840095173873},"point_estimate":0.23028570309725338,"standard_error":0.006441147480578977}}