{"mean":{"confidence_interval":{"confidence_level":0.95,"lower_bound":0.0162271543163692,"upper_bound":0.03003379306843282},"point_estimate":0.02262118860203266,"standard_error":0.00352953949694718},"median":{"confidence_interval":{"confidence_level":0.95,"lower_bound":0.007911210116626544,"upper_bound":0.015341335507309317},"point_estimate":0.010559501304321817,"standard_error":0.001884248210521794}}