{"mean":{"confidence_interval":{"confidence_level":0.95,"lower_bound":0.3842201790283241,"upper_bound":0.43801924990767127},"point_estimate":0.40596216898841586,"standard_error":0.013714898695737082},"median":{"confidence_interval":{"confidence_level":0.95,"lower_bound":0.37284345569099386,"upper_bound":0.38264785527007805},"point_estimate":0.3767879398388123,"standard_error":0.00297955322224564}}