{"mean":{"confidence_interval":{"confidence_level":0.95,"lower_bound":-0.6140797348629831,"upper_bound":-0.6041227426523383},"point_estimate":-0.6088604298422597,"standard_error":0.002542746036887133},"median":{"confidence_interval":{"confidence_level":0.95,"lower_bound":-0.6060194004659611,"upper_bound":-0.6001051877010674},"point_estimate":-0.6033935091448543,"standard_error":0.0014975378928871283}}