{"mean":{"confidence_interval":{"confidence_level":0.95,"lower_bound":-0.03702563943231918,"upper_bound":-0.0014308985209279433},"point_estimate":-0.01949442529429246,"standard_error":0.009085299027771948},"median":{"confidence_interval":{"confidence_level":0.95,"lower_bound":-0.018686444566929472,"upper_bound":0.006665115486675581},"point_estimate":-0.004659823637983895,"standard_error":0.006453138747467859}}