{"mean":{"confidence_interval":{"confidence_level":0.95,"lower_bound":0.0022395717256249227,"upper_bound":0.00570241089906574},"point_estimate":0.003968828133553481,"standard_error":0.0008866486699845774},"median":{"confidence_interval":{"confidence_level":0.95,"lower_bound":0.002435386164193254,"upper_bound":0.004120665750699359},"point_estimate":0.003486651753503267,"standard_error":0.0004974702347285332}}