{"mean":{"confidence_interval":{"confidence_level":0.95,"lower_bound":1.9598457211840856,"upper_bound":2.1508790840149623},"point_estimate":2.0449925886586056,"standard_error":0.04969056881413787},"median":{"confidence_interval":{"confidence_level":0.95,"lower_bound":1.9115727560035292,"upper_bound":2.011969492385478},"point_estimate":1.9605745076179213,"standard_error":0.027286826823779614}}