{"mean":{"confidence_interval":{"confidence_level":0.95,"lower_bound":0.11927150581995405,"upper_bound":0.1593690708720812},"point_estimate":0.13992710624170068,"standard_error":0.010298882781040027},"median":{"confidence_interval":{"confidence_level":0.95,"lower_bound":0.1295197137954034,"upper_bound":0.1571129790872845},"point_estimate":0.13930634641011008,"standard_error":0.006568500679340873}}