{"mean":{"confidence_interval":{"confidence_level":0.95,"lower_bound":1477962.7502000001,"upper_bound":1481811.1909500002},"point_estimate":1479660.6990000012,"standard_error":990.3546704243132},"median":{"confidence_interval":{"confidence_level":0.95,"lower_bound":1476680.4,"upper_bound":1478470.3},"point_estimate":1477545.5,"standard_error":407.75332227194895},"median_abs_dev":{"confidence_interval":{"confidence_level":0.95,"lower_bound":2356.8131949080707,"upper_bound":3973.0714094639516},"point_estimate":2935.9185978770256,"standard_error":424.9827493132256},"slope":null,"std_dev":{"confidence_interval":{"confidence_level":0.95,"lower_bound":4596.691398467598,"upper_bound":14517.191518549746},"point_estimate":9922.332646671899,"standard_error":2608.6816280816743}}