{"mean":{"confidence_interval":{"confidence_level":0.95,"lower_bound":2490382.0265357145,"upper_bound":2499473.706178571},"point_estimate":2494658.068571429,"standard_error":2322.8411047091486},"median":{"confidence_interval":{"confidence_level":0.95,"lower_bound":2484534.0,"upper_bound":2493538.5714285714},"point_estimate":2489463.428571428,"standard_error":2041.3697117851518},"median_abs_dev":{"confidence_interval":{"confidence_level":0.95,"lower_bound":11527.638395343458,"upper_bound":19680.455650602365},"point_estimate":15141.158131190956,"standard_error":2077.5759683143974},"slope":null,"std_dev":{"confidence_interval":{"confidence_level":0.95,"lower_bound":16478.893347787984,"upper_bound":30623.43754626469},"point_estimate":23423.51890794178,"standard_error":3704.765336901785}}