{"mean":{"confidence_interval":{"confidence_level":0.95,"lower_bound":622.804275110973,"upper_bound":652.5483413120246},"point_estimate":638.2192549093947,"standard_error":7.590572124567163},"median":{"confidence_interval":{"confidence_level":0.95,"lower_bound":647.4692423105777,"upper_bound":671.5750593492529},"point_estimate":664.0154793906811,"standard_error":5.587461093439473},"median_abs_dev":{"confidence_interval":{"confidence_level":0.95,"lower_bound":28.19370427539775,"upper_bound":56.48846330364092},"point_estimate":44.111229279146805,"standard_error":7.340256806105703},"slope":{"confidence_interval":{"confidence_level":0.95,"lower_bound":659.7354635490067,"upper_bound":679.7271343261345},"point_estimate":669.6453341643745,"standard_error":5.106323486991154},"std_dev":{"confidence_interval":{"confidence_level":0.95,"lower_bound":58.912160252094225,"upper_bound":91.82779233042079},"point_estimate":76.26991521457755,"standard_error":8.461130547089917}}