{"mean":{"confidence_interval":{"confidence_level":0.95,"lower_bound":637.3204109869561,"upper_bound":657.2077934641898},"point_estimate":648.0262229478137,"standard_error":5.104792556713477},"median":{"confidence_interval":{"confidence_level":0.95,"lower_bound":662.1617799440115,"upper_bound":667.5722834271221},"point_estimate":663.7866915224747,"standard_error":1.2488151738154205},"median_abs_dev":{"confidence_interval":{"confidence_level":0.95,"lower_bound":7.1280683788569394,"upper_bound":12.970589049997047},"point_estimate":10.51271813935249,"standard_error":1.46321208793192},"slope":{"confidence_interval":{"confidence_level":0.95,"lower_bound":666.4445361770189,"upper_bound":668.714037107949},"point_estimate":667.6405968849172,"standard_error":0.5772338586364824},"std_dev":{"confidence_interval":{"confidence_level":0.95,"lower_bound":32.17521567727511,"upper_bound":65.87291287626239},"point_estimate":51.1037812238066,"standard_error":8.556399329441325}}