{"mean":{"confidence_interval":{"confidence_level":0.95,"lower_bound":630.4618501065519,"upper_bound":648.4542275539218},"point_estimate":640.0407160333111,"standard_error":4.60221774268917},"median":{"confidence_interval":{"confidence_level":0.95,"lower_bound":643.6864662809155,"upper_bound":659.6182738629868},"point_estimate":654.0469897571772,"standard_error":4.018565105847798},"median_abs_dev":{"confidence_interval":{"confidence_level":0.95,"lower_bound":13.967774052489478,"upper_bound":28.219852115160755},"point_estimate":21.62364096680795,"standard_error":3.127688032835876},"slope":{"confidence_interval":{"confidence_level":0.95,"lower_bound":656.841054506449,"upper_bound":660.5503743188074},"point_estimate":658.8469992414762,"standard_error":0.949843693307352},"std_dev":{"confidence_interval":{"confidence_level":0.95,"lower_bound":30.529554813450325,"upper_bound":58.795354022552516},"point_estimate":45.97934394574753,"standard_error":7.2363506021272235}}