{"mean":{"confidence_interval":{"confidence_level":0.95,"lower_bound":649100.4695238095,"upper_bound":653092.4481190476},"point_estimate":651032.4452380951,"standard_error":1018.5750437509552},"median":{"confidence_interval":{"confidence_level":0.95,"lower_bound":649470.8571428572,"upper_bound":654514.1428571428},"point_estimate":652787.5952380953,"standard_error":1074.4294075208068},"median_abs_dev":{"confidence_interval":{"confidence_level":0.95,"lower_bound":5672.9552342849365,"upper_bound":9323.541734474022},"point_estimate":7971.410558479148,"standard_error":904.6326858648074},"slope":null,"std_dev":{"confidence_interval":{"confidence_level":0.95,"lower_bound":7237.832209780258,"upper_bound":13716.590629227798},"point_estimate":10216.964975033194,"standard_error":1776.33032582599}}