{"mean":{"confidence_interval":{"confidence_level":0.95,"lower_bound":646491.6926590907,"upper_bound":656835.4498181815},"point_estimate":651521.7959090908,"standard_error":2641.26799387429},"median":{"confidence_interval":{"confidence_level":0.95,"lower_bound":642500.0,"upper_bound":656431.6363636364},"point_estimate":650215.7954545454,"standard_error":3265.5181381738707},"median_abs_dev":{"confidence_interval":{"confidence_level":0.95,"lower_bound":18434.782854535322,"upper_bound":28543.520125069277},"point_estimate":23741.81685122575,"standard_error":2609.076236669066},"slope":null,"std_dev":{"confidence_interval":{"confidence_level":0.95,"lower_bound":20855.338499044585,"upper_bound":32253.61770885452},"point_estimate":26580.24656770646,"standard_error":2932.568263455799}}