{"mean":{"confidence_interval":{"confidence_level":0.95,"lower_bound":680996.0993500001,"upper_bound":684879.709225},"point_estimate":682555.4315000001,"standard_error":1024.9889505417113},"median":{"confidence_interval":{"confidence_level":0.95,"lower_bound":680315.475,"upper_bound":681870.375},"point_estimate":680785.3,"standard_error":415.31639538428703},"median_abs_dev":{"confidence_interval":{"confidence_level":0.95,"lower_bound":2824.2046898603785,"upper_bound":4411.661546677265},"point_estimate":3569.062916636536,"standard_error":406.17438993837027},"slope":null,"std_dev":{"confidence_interval":{"confidence_level":0.95,"lower_bound":3431.457075182628,"upper_bound":16828.655974819267},"point_estimate":10319.910607184815,"standard_error":4422.605500563459}}