{"mean":{"confidence_interval":{"confidence_level":0.95,"lower_bound":549004.8871700002,"upper_bound":550637.0094799998},"point_estimate":549633.4088,"standard_error":437.915602942793},"median":{"confidence_interval":{"confidence_level":0.95,"lower_bound":548631.52,"upper_bound":549275.44},"point_estimate":548925.46,"standard_error":167.16860030717606},"median_abs_dev":{"confidence_interval":{"confidence_level":0.95,"lower_bound":862.7249246836054,"upper_bound":1373.0061836242076},"point_estimate":1085.263180732727,"standard_error":136.01385097173113},"slope":null,"std_dev":{"confidence_interval":{"confidence_level":0.95,"lower_bound":1196.411654822503,"upper_bound":7276.69826050006},"point_estimate":4399.57751066785,"standard_error":2030.2339653990366}}