{"mean":{"confidence_interval":{"confidence_level":0.95,"lower_bound":5170107.637675001,"upper_bound":5178182.875500001},"point_estimate":5173788.087000001,"standard_error":2078.0307562841413},"median":{"confidence_interval":{"confidence_level":0.95,"lower_bound":5165949.5,"upper_bound":5168829.1},"point_estimate":5167529.75,"standard_error":801.5488893503641},"median_abs_dev":{"confidence_interval":{"confidence_level":0.95,"lower_bound":4091.0122373689396,"upper_bound":7746.143788977407},"point_estimate":5797.114157080789,"standard_error":982.5796860489245},"slope":null,"std_dev":{"confidence_interval":{"confidence_level":0.95,"lower_bound":11759.322094077386,"upper_bound":29362.61274669461},"point_estimate":20933.636257172475,"standard_error":4620.4612721913945}}