{"mean":{"confidence_interval":{"confidence_level":0.95,"lower_bound":6308985.74884375,"upper_bound":6344342.1707500005},"point_estimate":6326168.595,"standard_error":9011.883520281737},"median":{"confidence_interval":{"confidence_level":0.95,"lower_bound":6291058.0,"upper_bound":6325006.75},"point_estimate":6307064.4375,"standard_error":9235.681513760388},"median_abs_dev":{"confidence_interval":{"confidence_level":0.95,"lower_bound":55237.50520683825,"upper_bound":120575.5933843553},"point_estimate":77413.12366314232,"standard_error":16725.450846444077},"slope":null,"std_dev":{"confidence_interval":{"confidence_level":0.95,"lower_bound":75007.54510654588,"upper_bound":108131.45017881718},"point_estimate":91379.81635304344,"standard_error":8544.013765462758}}