{"mean":{"confidence_interval":{"confidence_level":0.95,"lower_bound":3105604.6405781247,"upper_bound":3116878.80415625},"point_estimate":3111139.585625,"standard_error":2866.818120881306},"median":{"confidence_interval":{"confidence_level":0.95,"lower_bound":3100303.0,"upper_bound":3111840.28125},"point_estimate":3104955.71875,"standard_error":3378.4886048821945},"median_abs_dev":{"confidence_interval":{"confidence_level":0.95,"lower_bound":17287.175923716284,"upper_bound":32170.983160100877},"point_estimate":22277.176554501057,"standard_error":3684.89459797957},"slope":null,"std_dev":{"confidence_interval":{"confidence_level":0.95,"lower_bound":24222.386901714475,"upper_bound":32744.146831401114},"point_estimate":28757.925872924134,"standard_error":2179.5269894115754}}