{"mean":{"confidence_interval":{"confidence_level":0.95,"lower_bound":5192095.225799999,"upper_bound":5246781.464675},"point_estimate":5218739.339000002,"standard_error":13906.0241274154},"median":{"confidence_interval":{"confidence_level":0.95,"lower_bound":5144159.4,"upper_bound":5208380.0},"point_estimate":5177589.7,"standard_error":17584.312110086918},"median_abs_dev":{"confidence_interval":{"confidence_level":0.95,"lower_bound":77132.337760627,"upper_bound":152625.99483534717},"point_estimate":113048.2479929924,"standard_error":18393.93517841718},"slope":null,"std_dev":{"confidence_interval":{"confidence_level":0.95,"lower_bound":111776.48683883238,"upper_bound":165790.817055767},"point_estimate":139795.86513186235,"standard_error":13807.380535014483}}