{"mean":{"confidence_interval":{"confidence_level":0.95,"lower_bound":7187451.583142856,"upper_bound":7355971.343499999},"point_estimate":7268863.365714286,"standard_error":43107.49052848001},"median":{"confidence_interval":{"confidence_level":0.95,"lower_bound":7104733.571428572,"upper_bound":7283883.428571428},"point_estimate":7195955.0,"standard_error":46776.123985767794},"median_abs_dev":{"confidence_interval":{"confidence_level":0.95,"lower_bound":254803.39092633556,"upper_bound":448761.62023288856},"point_estimate":337397.39400999894,"standard_error":49472.93798868545},"slope":null,"std_dev":{"confidence_interval":{"confidence_level":0.95,"lower_bound":350380.10802575236,"upper_bound":509798.45918982144},"point_estimate":433429.5733078376,"standard_error":40839.63393143051}}