{"mean":{"confidence_interval":{"confidence_level":0.95,"lower_bound":6356295.40959375,"upper_bound":6521109.08603125},"point_estimate":6435524.2825,"standard_error":41993.640036327735},"median":{"confidence_interval":{"confidence_level":0.95,"lower_bound":6214457.9375,"upper_bound":6355890.375},"point_estimate":6279433.375,"standard_error":41159.244658406344},"median_abs_dev":{"confidence_interval":{"confidence_level":0.95,"lower_bound":179970.58690488338,"upper_bound":375546.09450772405},"point_estimate":252183.02784785628,"standard_error":50579.200650227365},"slope":null,"std_dev":{"confidence_interval":{"confidence_level":0.95,"lower_bound":344310.6393295935,"upper_bound":488759.65124020894},"point_estimate":423049.08277086855,"standard_error":36881.16553104818}}