{"mean":{"confidence_interval":{"confidence_level":0.95,"lower_bound":8163604.944166666,"upper_bound":8405496.266666666},"point_estimate":8285077.711666664,"standard_error":61581.510614490486},"median":{"confidence_interval":{"confidence_level":0.95,"lower_bound":8166386.5,"upper_bound":8437324.166666666},"point_estimate":8290629.583333334,"standard_error":75772.44538061661},"median_abs_dev":{"confidence_interval":{"confidence_level":0.95,"lower_bound":521358.8752940297,"upper_bound":818458.4430694573},"point_estimate":624024.5992213483,"standard_error":76171.50082342849},"slope":null,"std_dev":{"confidence_interval":{"confidence_level":0.95,"lower_bound":535216.882176489,"upper_bound":694123.4841944799},"point_estimate":617681.3062704501,"standard_error":40560.81861764307}}