{"mean":{"confidence_interval":{"confidence_level":0.95,"lower_bound":6764672.85384375,"upper_bound":6905303.594531249},"point_estimate":6832265.07625,"standard_error":36018.471974566135},"median":{"confidence_interval":{"confidence_level":0.95,"lower_bound":6661008.6875,"upper_bound":6797847.125},"point_estimate":6739634.3125,"standard_error":37674.203494108224},"median_abs_dev":{"confidence_interval":{"confidence_level":0.95,"lower_bound":196706.45339526236,"upper_bound":340332.95519538224},"point_estimate":274115.96322096884,"standard_error":37717.662286231505},"slope":null,"std_dev":{"confidence_interval":{"confidence_level":0.95,"lower_bound":277563.10705168126,"upper_bound":447387.16151093564},"point_estimate":363164.5195981671,"standard_error":43796.52040342799}}