{"mean":{"confidence_interval":{"confidence_level":0.95,"lower_bound":8096600.288333336,"upper_bound":8219257.249541666},"point_estimate":8157208.521666667,"standard_error":31248.5318192385},"median":{"confidence_interval":{"confidence_level":0.95,"lower_bound":8026521.5,"upper_bound":8235326.5},"point_estimate":8112304.833333334,"standard_error":56360.13856636333},"median_abs_dev":{"confidence_interval":{"confidence_level":0.95,"lower_bound":243758.9565724139,"upper_bound":387045.8379610627},"point_estimate":301663.5046944008,"standard_error":36573.5989723278},"slope":null,"std_dev":{"confidence_interval":{"confidence_level":0.95,"lower_bound":269489.1502204003,"upper_bound":353387.44963572867},"point_estimate":313568.5755090071,"standard_error":21441.489309158358}}