{"mean":{"confidence_interval":{"confidence_level":0.95,"lower_bound":5405430.391416665,"upper_bound":5561355.89211111},"point_estimate":5481276.344444442,"standard_error":39911.88530301537},"median":{"confidence_interval":{"confidence_level":0.95,"lower_bound":5310296.444444444,"upper_bound":5488558.444444444},"point_estimate":5420730.277777778,"standard_error":42844.27092620605},"median_abs_dev":{"confidence_interval":{"confidence_level":0.95,"lower_bound":268945.1178252697,"upper_bound":446545.2744722371},"point_estimate":389579.6651502452,"standard_error":44943.81558036946},"slope":null,"std_dev":{"confidence_interval":{"confidence_level":0.95,"lower_bound":325509.5081612459,"upper_bound":473477.2747849066},"point_estimate":401872.80399553414,"standard_error":37983.345879124856}}