{"mean":{"confidence_interval":{"confidence_level":0.95,"lower_bound":7092347.081035715,"upper_bound":7349183.284285716},"point_estimate":7217494.850000002,"standard_error":65468.49719943318},"median":{"confidence_interval":{"confidence_level":0.95,"lower_bound":6878690.714285715,"upper_bound":7276940.0},"point_estimate":7095952.642857143,"standard_error":110743.40501893855},"median_abs_dev":{"confidence_interval":{"confidence_level":0.95,"lower_bound":435033.1680766176,"upper_bound":744394.0670843637},"point_estimate":544130.0753397598,"standard_error":75558.53225826097},"slope":null,"std_dev":{"confidence_interval":{"confidence_level":0.95,"lower_bound":549644.7594197957,"upper_bound":748840.2875026808},"point_estimate":655984.349076539,"standard_error":50708.19021679694}}