{"mean":{"confidence_interval":{"confidence_level":0.95,"lower_bound":-0.5402585487340565,"upper_bound":-0.4918347064359469},"point_estimate":-0.5173689853044802,"standard_error":0.012352373211537747},"median":{"confidence_interval":{"confidence_level":0.95,"lower_bound":-0.5541978149365385,"upper_bound":-0.5268683708380562},"point_estimate":-0.5401024766930884,"standard_error":0.006899807110758745}}