{"mean":{"confidence_interval":{"confidence_level":0.95,"lower_bound":-0.3615504456567137,"upper_bound":-0.3132966647497252},"point_estimate":-0.3387149931601926,"standard_error":0.012328000149322433},"median":{"confidence_interval":{"confidence_level":0.95,"lower_bound":-0.40540991088936296,"upper_bound":-0.344860868796356},"point_estimate":-0.3756241216110622,"standard_error":0.015153391229873048}}