{"mean":{"confidence_interval":{"confidence_level":0.95,"lower_bound":-0.14464930148043986,"upper_bound":-0.08851809905302044},"point_estimate":-0.11651602255166593,"standard_error":0.014428077196110877},"median":{"confidence_interval":{"confidence_level":0.95,"lower_bound":-0.05252901139663069,"upper_bound":0.004494291197848277},"point_estimate":-0.027768937824478535,"standard_error":0.016182222568389075}}