{"mean":{"confidence_interval":{"confidence_level":0.95,"lower_bound":-0.4656518012796293,"upper_bound":-0.40194942340792345},"point_estimate":-0.43428733462723257,"standard_error":0.016287838348559767},"median":{"confidence_interval":{"confidence_level":0.95,"lower_bound":-0.4829020609915241,"upper_bound":-0.4393923700725944},"point_estimate":-0.46087398779781896,"standard_error":0.012132045754512915}}