{"mean":{"confidence_interval":{"confidence_level":0.95,"lower_bound":-0.120208618238204,"upper_bound":-0.07569613971906808},"point_estimate":-0.09935052112669107,"standard_error":0.011409045692582909},"median":{"confidence_interval":{"confidence_level":0.95,"lower_bound":-0.11697224864569465,"upper_bound":-0.0626996393712631},"point_estimate":-0.10550203721296814,"standard_error":0.01117280094189654}}