{"mean":{"confidence_interval":{"confidence_level":0.95,"lower_bound":-0.12207058429774297,"upper_bound":-0.0605384051431483},"point_estimate":-0.09239491034498992,"standard_error":0.015690552549979916},"median":{"confidence_interval":{"confidence_level":0.95,"lower_bound":-0.19264375655086652,"upper_bound":-0.007654678420525363},"point_estimate":-0.057351853592393476,"standard_error":0.05054919068859822}}