{"mean":{"confidence_interval":{"confidence_level":0.95,"lower_bound":0.35585528843793046,"upper_bound":0.4854676749748634},"point_estimate":0.4159807289097912,"standard_error":0.0330013007126882},"median":{"confidence_interval":{"confidence_level":0.95,"lower_bound":0.327531796632875,"upper_bound":0.5408003720288088},"point_estimate":0.4257800524832367,"standard_error":0.05523745443369411}}