{"mean":{"confidence_interval":{"confidence_level":0.95,"lower_bound":-0.04290143286748277,"upper_bound":0.02504776085375033},"point_estimate":-0.011539953057936092,"standard_error":0.017109856080269034},"median":{"confidence_interval":{"confidence_level":0.95,"lower_bound":-0.0671011517328115,"upper_bound":-0.01035487666878887},"point_estimate":-0.047718973541111986,"standard_error":0.01474423530991399}}