{"mean":{"confidence_interval":{"confidence_level":0.95,"lower_bound":-0.49011826215930326,"upper_bound":-0.4487598193001373},"point_estimate":-0.4701160796108351,"standard_error":0.01060709791778417},"median":{"confidence_interval":{"confidence_level":0.95,"lower_bound":-0.5275699790001748,"upper_bound":-0.37959072046667697},"point_estimate":-0.5197288670224331,"standard_error":0.04959829018603128}}