{"mean":{"confidence_interval":{"confidence_level":0.95,"lower_bound":0.3440776173005331,"upper_bound":0.47437335843218276},"point_estimate":0.4134180561564844,"standard_error":0.033157771417376816},"median":{"confidence_interval":{"confidence_level":0.95,"lower_bound":0.3132668395780427,"upper_bound":0.4479235316623196},"point_estimate":0.3780482913462315,"standard_error":0.03248863170593744}}