{"mean":{"confidence_interval":{"confidence_level":0.95,"lower_bound":-0.2051201868603515,"upper_bound":-0.1312325926139946},"point_estimate":-0.1681334373746608,"standard_error":0.01880047527350179},"median":{"confidence_interval":{"confidence_level":0.95,"lower_bound":-0.2933577162731037,"upper_bound":-0.0826240324726711},"point_estimate":-0.15821234169159315,"standard_error":0.053517128187400995}}