{"mean":{"confidence_interval":{"confidence_level":0.95,"lower_bound":-0.48976347103084694,"upper_bound":-0.42806909197100473},"point_estimate":-0.4612367965437284,"standard_error":0.0157726455088513},"median":{"confidence_interval":{"confidence_level":0.95,"lower_bound":-0.5187094871388813,"upper_bound":-0.48195024258949415},"point_estimate":-0.5012708536477706,"standard_error":0.00950170823740915}}