{"mean":{"confidence_interval":{"confidence_level":0.95,"lower_bound":0.6868937306676384,"upper_bound":0.8941505672206658},"point_estimate":0.7876318063479588,"standard_error":0.05119840802193651},"median":{"confidence_interval":{"confidence_level":0.95,"lower_bound":0.7983424372341383,"upper_bound":0.9805281936939994},"point_estimate":0.898248620722176,"standard_error":0.04560099674686996}}