{"mean":{"confidence_interval":{"confidence_level":0.95,"lower_bound":0.29206277710111955,"upper_bound":0.4097587182056852},"point_estimate":0.35039054899429756,"standard_error":0.030089445818124675},"median":{"confidence_interval":{"confidence_level":0.95,"lower_bound":0.16232079265614296,"upper_bound":0.45448995906071943},"point_estimate":0.35733678451074846,"standard_error":0.07657332131315289}}