{"mean":{"confidence_interval":{"confidence_level":0.95,"lower_bound":0.12856023029559138,"upper_bound":0.22206295643489518},"point_estimate":0.1740027341199173,"standard_error":0.023659307521799296},"median":{"confidence_interval":{"confidence_level":0.95,"lower_bound":0.09155782211355468,"upper_bound":0.1525969416452697},"point_estimate":0.11019742358445872,"standard_error":0.01636046546718871}}