{"mean":{"confidence_interval":{"confidence_level":0.95,"lower_bound":-0.3107603690291626,"upper_bound":-0.2681447558572444},"point_estimate":-0.2905857319898588,"standard_error":0.010819619327230651},"median":{"confidence_interval":{"confidence_level":0.95,"lower_bound":-0.3233713277622089,"upper_bound":-0.2975379685991807},"point_estimate":-0.309478544095092,"standard_error":0.007684845464480536}}