{"mean":{"confidence_interval":{"confidence_level":0.95,"lower_bound":-0.09801109135750334,"upper_bound":-0.026197918632313938},"point_estimate":-0.06258637478250739,"standard_error":0.018331218541665938},"median":{"confidence_interval":{"confidence_level":0.95,"lower_bound":-0.17338295841999773,"upper_bound":-0.0021996100542300834},"point_estimate":-0.03833840658182264,"standard_error":0.049546573971446205}}