{"mean":{"confidence_interval":{"confidence_level":0.95,"lower_bound":-0.2408039824728927,"upper_bound":-0.20047287829153554},"point_estimate":-0.2213225064576284,"standard_error":0.010297435753256068},"median":{"confidence_interval":{"confidence_level":0.95,"lower_bound":-0.27308421985585296,"upper_bound":-0.1572074325180307},"point_estimate":-0.19362395158089196,"standard_error":0.037720176901419045}}