{"mean":{"confidence_interval":{"confidence_level":0.95,"lower_bound":-0.45223194595437605,"upper_bound":-0.4059684939680729},"point_estimate":-0.42952874472085234,"standard_error":0.011789105802919348},"median":{"confidence_interval":{"confidence_level":0.95,"lower_bound":-0.47919358324822414,"upper_bound":-0.40683684975133505},"point_estimate":-0.4475691809424115,"standard_error":0.018697250356502017}}