{"mean":{"confidence_interval":{"confidence_level":0.95,"lower_bound":0.5784975864020417,"upper_bound":0.6796652489477929},"point_estimate":0.627543558082654,"standard_error":0.02590985870717174},"median":{"confidence_interval":{"confidence_level":0.95,"lower_bound":0.5204844234166979,"upper_bound":0.6425496188045705},"point_estimate":0.5719762304834584,"standard_error":0.031109418252278136}}