{"mean":{"confidence_interval":{"confidence_level":0.95,"lower_bound":-0.2872553877388978,"upper_bound":-0.21104518238538628},"point_estimate":-0.2504883279049136,"standard_error":0.01943516985159636},"median":{"confidence_interval":{"confidence_level":0.95,"lower_bound":-0.3182498845596946,"upper_bound":-0.26809263708763864},"point_estimate":-0.2960499901305641,"standard_error":0.012950033261497523}}