{"mean":{"confidence_interval":{"confidence_level":0.95,"lower_bound":0.5754271326410166,"upper_bound":0.7648172094655455},"point_estimate":0.6657369154201194,"standard_error":0.04776174976128943},"median":{"confidence_interval":{"confidence_level":0.95,"lower_bound":0.23627522201216733,"upper_bound":1.1325754768345857},"point_estimate":0.3063069998981065,"standard_error":0.321572643123303}}