{"mean":{"confidence_interval":{"confidence_level":0.95,"lower_bound":-0.24840835204984368,"upper_bound":-0.08368923686743779},"point_estimate":-0.15737976528340003,"standard_error":0.043454057229655396},"median":{"confidence_interval":{"confidence_level":0.95,"lower_bound":-0.1482234212594781,"upper_bound":-0.06272722320642689},"point_estimate":-0.10490195514558065,"standard_error":0.023036402377434848}}