{"mean":{"confidence_interval":{"confidence_level":0.95,"lower_bound":-0.20378637884992934,"upper_bound":-0.13483108228409266},"point_estimate":-0.17220693472620585,"standard_error":0.017575253927590212},"median":{"confidence_interval":{"confidence_level":0.95,"lower_bound":-0.25224334279834226,"upper_bound":-0.13539505545297303},"point_estimate":-0.23509232212876352,"standard_error":0.02965861622533206}}