{"mean":{"confidence_interval":{"confidence_level":0.95,"lower_bound":-0.11168806744201516,"upper_bound":-0.0490250330136246},"point_estimate":-0.08080050009403683,"standard_error":0.015977119520600623},"median":{"confidence_interval":{"confidence_level":0.95,"lower_bound":-0.11834506772727499,"upper_bound":0.020014614915045303},"point_estimate":-0.015139408201777727,"standard_error":0.04301686765318708}}