{"mean":{"confidence_interval":{"confidence_level":0.95,"lower_bound":0.029991000036091453,"upper_bound":0.08701330958358218},"point_estimate":0.05941513425277112,"standard_error":0.014516838775525086},"median":{"confidence_interval":{"confidence_level":0.95,"lower_bound":0.01686585430725618,"upper_bound":0.09158615458126929},"point_estimate":0.05691970755825504,"standard_error":0.017326351060287248}}