{"mean":{"confidence_interval":{"confidence_level":0.95,"lower_bound":-0.2815794759040234,"upper_bound":-0.2420891465143288},"point_estimate":-0.2616746341181524,"standard_error":0.010110519296785817},"median":{"confidence_interval":{"confidence_level":0.95,"lower_bound":-0.2756853882516791,"upper_bound":-0.230549854241052},"point_estimate":-0.2582237008436373,"standard_error":0.011778940356325544}}