{"mean":{"confidence_interval":{"confidence_level":0.95,"lower_bound":-0.06160526148214675,"upper_bound":0.01989428387521429},"point_estimate":-0.018847477916903332,"standard_error":0.02036023028903405},"median":{"confidence_interval":{"confidence_level":0.95,"lower_bound":-0.025515247304026767,"upper_bound":0.05595338540969874},"point_estimate":0.003615823854645983,"standard_error":0.021211284557315562}}