{"mean":{"confidence_interval":{"confidence_level":0.95,"lower_bound":0.09045993867750451,"upper_bound":0.16533731108256355},"point_estimate":0.12597162377740823,"standard_error":0.019049854297296116},"median":{"confidence_interval":{"confidence_level":0.95,"lower_bound":-0.010147189843783488,"upper_bound":0.22304075402283274},"point_estimate":0.18062763449876829,"standard_error":0.06346728360150762}}