{"mean":{"confidence_interval":{"confidence_level":0.95,"lower_bound":0.01801880159288229,"upper_bound":0.09386997289475052},"point_estimate":0.054758348566267934,"standard_error":0.019300191190676805},"median":{"confidence_interval":{"confidence_level":0.95,"lower_bound":-0.06009767803300936,"upper_bound":0.1278549067739876},"point_estimate":0.09126498748769563,"standard_error":0.055549190753189544}}