{"mean":{"confidence_interval":{"confidence_level":0.95,"lower_bound":0.27937377222715515,"upper_bound":0.43166190687738426},"point_estimate":0.35651302555535547,"standard_error":0.03926344233518453},"median":{"confidence_interval":{"confidence_level":0.95,"lower_bound":0.016440479899842098,"upper_bound":0.7441579466878678},"point_estimate":0.04910852694992007,"standard_error":0.22678654167314516}}