{"mean":{"confidence_interval":{"confidence_level":0.95,"lower_bound":0.09379730054881037,"upper_bound":0.1811384084727986},"point_estimate":0.1367318171447851,"standard_error":0.022273376218417074},"median":{"confidence_interval":{"confidence_level":0.95,"lower_bound":0.03780261522651427,"upper_bound":0.3795045848037446},"point_estimate":0.3276275994185138,"standard_error":0.0910626137964727}}