{"mean":{"confidence_interval":{"confidence_level":0.95,"lower_bound":0.7011387734182137,"upper_bound":0.8717615738910403},"point_estimate":0.7934840710745741,"standard_error":0.0443605049741045},"median":{"confidence_interval":{"confidence_level":0.95,"lower_bound":0.9146760559078457,"upper_bound":1.0804508981498775},"point_estimate":0.9984808221843455,"standard_error":0.04130887704690271}}