{"mean":{"confidence_interval":{"confidence_level":0.95,"lower_bound":0.2987177329669403,"upper_bound":0.3895429422305814},"point_estimate":0.34274873950956586,"standard_error":0.02334454134579215},"median":{"confidence_interval":{"confidence_level":0.95,"lower_bound":0.2558178564886142,"upper_bound":0.39720498180425157},"point_estimate":0.3127455317477581,"standard_error":0.03471838950425632}}