{"mean":{"confidence_interval":{"confidence_level":0.95,"lower_bound":0.04240868039466217,"upper_bound":0.09284432204810929},"point_estimate":0.066902416737884,"standard_error":0.012935615639065498},"median":{"confidence_interval":{"confidence_level":0.95,"lower_bound":0.053949316164405126,"upper_bound":0.12863222195810664},"point_estimate":0.07674643309165652,"standard_error":0.014789287756995135}}