{"mean":{"confidence_interval":{"confidence_level":0.95,"lower_bound":-0.2841069577534452,"upper_bound":-0.20105832050818917},"point_estimate":-0.24369153532549725,"standard_error":0.02134020740562473},"median":{"confidence_interval":{"confidence_level":0.95,"lower_bound":-0.38037472658386506,"upper_bound":-0.3098666995345095},"point_estimate":-0.3451149790944542,"standard_error":0.0176024159924598}}