{"mean":{"confidence_interval":{"confidence_level":0.95,"lower_bound":-0.08983702295782336,"upper_bound":0.10736332995079834},"point_estimate":0.019840458088373092,"standard_error":0.05224827831323405},"median":{"confidence_interval":{"confidence_level":0.95,"lower_bound":0.005406314272072606,"upper_bound":0.09705340062090939},"point_estimate":0.05245335067001755,"standard_error":0.025405354744025308}}