{"mean":{"confidence_interval":{"confidence_level":0.95,"lower_bound":0.5031732673720399,"upper_bound":0.6519120474114447},"point_estimate":0.5727342373516617,"standard_error":0.038348969973357926},"median":{"confidence_interval":{"confidence_level":0.95,"lower_bound":0.6549335671005991,"upper_bound":0.7515208540667719},"point_estimate":0.6957748489720554,"standard_error":0.024263853079749743}}