{"mean":{"confidence_interval":{"confidence_level":0.95,"lower_bound":0.7401093458451455,"upper_bound":0.9461192988846393},"point_estimate":0.8443588382067726,"standard_error":0.053775074411289835},"median":{"confidence_interval":{"confidence_level":0.95,"lower_bound":0.8905616159454175,"upper_bound":1.1139436971869938},"point_estimate":0.9632517432634873,"standard_error":0.05242133139972411}}