{"mean":{"confidence_interval":{"confidence_level":0.95,"lower_bound":-0.4191513778429068,"upper_bound":-0.29012896726760107},"point_estimate":-0.34595466051834034,"standard_error":0.033776446193301064},"median":{"confidence_interval":{"confidence_level":0.95,"lower_bound":-0.35841377316939393,"upper_bound":-0.2858164166432159},"point_estimate":-0.31566494317825566,"standard_error":0.018810195007729468}}