{"mean":{"confidence_interval":{"confidence_level":0.95,"lower_bound":-0.3651664290207729,"upper_bound":-0.3041807140356734},"point_estimate":-0.3363663198455027,"standard_error":0.015545897364226072},"median":{"confidence_interval":{"confidence_level":0.95,"lower_bound":-0.37390421570410026,"upper_bound":-0.3352123734581669},"point_estimate":-0.3550305347078795,"standard_error":0.009921961024361811}}