{"mean":{"confidence_interval":{"confidence_level":0.95,"lower_bound":-0.35751863953187585,"upper_bound":-0.21389800683094884},"point_estimate":-0.2793255007847514,"standard_error":0.03759117643996575},"median":{"confidence_interval":{"confidence_level":0.95,"lower_bound":-0.3112285816315822,"upper_bound":-0.22799800558151284},"point_estimate":-0.26404075214381884,"standard_error":0.021935297948799313}}