{"mean":{"confidence_interval":{"confidence_level":0.95,"lower_bound":-0.10999831728558684,"upper_bound":-0.04815401413548397},"point_estimate":-0.0798415100700598,"standard_error":0.015745825910153704},"median":{"confidence_interval":{"confidence_level":0.95,"lower_bound":-0.06622287216500633,"upper_bound":-0.010939255176795837},"point_estimate":-0.04338464757424576,"standard_error":0.014066260175290252}}