{"mean":{"confidence_interval":{"confidence_level":0.95,"lower_bound":0.022286692876088955,"upper_bound":0.10719985728839553},"point_estimate":0.06333320293254574,"standard_error":0.021524759998340703},"median":{"confidence_interval":{"confidence_level":0.95,"lower_bound":-0.022651337682347283,"upper_bound":0.030092895512819018},"point_estimate":0.0009249520304528414,"standard_error":0.014062926873505762}}