{"mean":{"confidence_interval":{"confidence_level":0.95,"lower_bound":-0.23924536143688035,"upper_bound":-0.1498452149275648},"point_estimate":-0.1962561661860318,"standard_error":0.022727594847836114},"median":{"confidence_interval":{"confidence_level":0.95,"lower_bound":-0.23448001388523676,"upper_bound":-0.15958701670150532},"point_estimate":-0.19810714023477072,"standard_error":0.01977155212669702}}