{"mean":{"confidence_interval":{"confidence_level":0.95,"lower_bound":0.8295247061600111,"upper_bound":1.0269767441162616},"point_estimate":0.9316194532021154,"standard_error":0.04999456699943853},"median":{"confidence_interval":{"confidence_level":0.95,"lower_bound":0.8088557895420001,"upper_bound":0.9254861300177399},"point_estimate":0.8519671667818671,"standard_error":0.029820946180896795}}