{"mean":{"confidence_interval":{"confidence_level":0.95,"lower_bound":0.38213371383916267,"upper_bound":0.5185496176288785},"point_estimate":0.45189737667550944,"standard_error":0.03564493776917682},"median":{"confidence_interval":{"confidence_level":0.95,"lower_bound":0.27869069306363853,"upper_bound":0.6150703605568779},"point_estimate":0.48721161453990036,"standard_error":0.10813432039032735}}