{"mean":{"confidence_interval":{"confidence_level":0.95,"lower_bound":-0.2709393399169907,"upper_bound":-0.2239514840507579},"point_estimate":-0.24916370461534632,"standard_error":0.012125698682516657},"median":{"confidence_interval":{"confidence_level":0.95,"lower_bound":-0.26058153550728236,"upper_bound":-0.22088289426363528},"point_estimate":-0.24278939970423807,"standard_error":0.010446992425956455}}