{"mean":{"confidence_interval":{"confidence_level":0.95,"lower_bound":-0.09174994171425076,"upper_bound":-0.007663781715762097},"point_estimate":-0.0497752316545329,"standard_error":0.021491140028215287},"median":{"confidence_interval":{"confidence_level":0.95,"lower_bound":-0.17563296150393126,"upper_bound":0.053487108939018535},"point_estimate":-0.021839252648157226,"standard_error":0.058301985801724535}}