{"mean":{"confidence_interval":{"confidence_level":0.95,"lower_bound":0.04717572849068747,"upper_bound":0.1148602942157173},"point_estimate":0.07899925273521125,"standard_error":0.01731732089880774},"median":{"confidence_interval":{"confidence_level":0.95,"lower_bound":0.05964636493764819,"upper_bound":0.1232222417696145},"point_estimate":0.08077285552327829,"standard_error":0.01652059687600018}}