{"mean":{"confidence_interval":{"confidence_level":0.95,"lower_bound":0.6285227075686572,"upper_bound":0.833283859233118},"point_estimate":0.7264409562361014,"standard_error":0.05308755550956601},"median":{"confidence_interval":{"confidence_level":0.95,"lower_bound":0.5807268163553954,"upper_bound":0.7560665646047584},"point_estimate":0.6401923960048681,"standard_error":0.04708277141410114}}