{"mean":{"confidence_interval":{"confidence_level":0.95,"lower_bound":0.034178835159984586,"upper_bound":0.09115244967367694},"point_estimate":0.06312917826244124,"standard_error":0.014573050879445755},"median":{"confidence_interval":{"confidence_level":0.95,"lower_bound":0.07041228956975232,"upper_bound":0.11698960605145237},"point_estimate":0.08722021514090783,"standard_error":0.01195705216063131}}