{"mean":{"confidence_interval":{"confidence_level":0.95,"lower_bound":-0.21577608443903495,"upper_bound":-0.15012366456260495},"point_estimate":-0.18361503260923717,"standard_error":0.01669165838847527},"median":{"confidence_interval":{"confidence_level":0.95,"lower_bound":-0.25731259985522237,"upper_bound":-0.1300274693114194},"point_estimate":-0.23987108048350114,"standard_error":0.03838245312869982}}