{"mean":{"confidence_interval":{"confidence_level":0.95,"lower_bound":-0.2584130881224825,"upper_bound":-0.09800322351377679},"point_estimate":-0.16835159884246176,"standard_error":0.04244746553817673},"median":{"confidence_interval":{"confidence_level":0.95,"lower_bound":-0.1712552227273632,"upper_bound":-0.08485203158214227},"point_estimate":-0.12640238790786373,"standard_error":0.022718601553591775}}