{"mean":{"confidence_interval":{"confidence_level":0.95,"lower_bound":-0.08537822290184183,"upper_bound":-0.026040172880522468},"point_estimate":-0.05901996085683803,"standard_error":0.014991292792695416},"median":{"confidence_interval":{"confidence_level":0.95,"lower_bound":-0.06827777288496314,"upper_bound":-0.03155238541015348},"point_estimate":-0.06277383217244703,"standard_error":0.007578819266068201}}