{"mean":{"confidence_interval":{"confidence_level":0.95,"lower_bound":-0.012284596623523547,"upper_bound":0.03980118055742743},"point_estimate":0.013745554199229959,"standard_error":0.013264798709391809},"median":{"confidence_interval":{"confidence_level":0.95,"lower_bound":0.016411387768796803,"upper_bound":0.0607003466376832},"point_estimate":0.03198234542407641,"standard_error":0.011350982368723856}}