{"mean":{"confidence_interval":{"confidence_level":0.95,"lower_bound":-0.33218283114840075,"upper_bound":-0.28424971957490147},"point_estimate":-0.30662180430854724,"standard_error":0.012070215433079805},"median":{"confidence_interval":{"confidence_level":0.95,"lower_bound":-0.32206042660495104,"upper_bound":-0.26190863984420854},"point_estimate":-0.2719197777390501,"standard_error":0.017114949099645418}}