{"mean":{"confidence_interval":{"confidence_level":0.95,"lower_bound":-0.10182822193411234,"upper_bound":-0.031832652860204556},"point_estimate":-0.0671845437304468,"standard_error":0.017844235392760054},"median":{"confidence_interval":{"confidence_level":0.95,"lower_bound":-0.20664639860913125,"upper_bound":-0.005003028214095817},"point_estimate":-0.07178239960456978,"standard_error":0.05094678254809863}}