{"mean":{"confidence_interval":{"confidence_level":0.95,"lower_bound":-0.08527084269849028,"upper_bound":-0.03508633200386202},"point_estimate":-0.06072734313450845,"standard_error":0.012765595301625512},"median":{"confidence_interval":{"confidence_level":0.95,"lower_bound":-0.04379061938943907,"upper_bound":0.005144157679924932},"point_estimate":-0.01784452840568218,"standard_error":0.01365933606185061}}