{"mean":{"confidence_interval":{"confidence_level":0.95,"lower_bound":0.38456138564537484,"upper_bound":0.5175551031527823},"point_estimate":0.4492232742203317,"standard_error":0.03388444552768115},"median":{"confidence_interval":{"confidence_level":0.95,"lower_bound":0.24891807938949917,"upper_bound":0.5192045558822298},"point_estimate":0.4634804860548054,"standard_error":0.07602946174620082}}