{"mean":{"confidence_interval":{"confidence_level":0.95,"lower_bound":0.006713902950105544,"upper_bound":0.10250937687801784},"point_estimate":0.050246936189760394,"standard_error":0.02478386229173272},"median":{"confidence_interval":{"confidence_level":0.95,"lower_bound":-0.01569319333858421,"upper_bound":0.04860172026206766},"point_estimate":0.01732480078763521,"standard_error":0.016763536775900704}}