{"mean":{"confidence_interval":{"confidence_level":0.95,"lower_bound":-0.23783113032936515,"upper_bound":-0.15781863333416898},"point_estimate":-0.1997678846227392,"standard_error":0.020444895762059757},"median":{"confidence_interval":{"confidence_level":0.95,"lower_bound":-0.2464912130508102,"upper_bound":-0.197569804951285},"point_estimate":-0.22341853520852906,"standard_error":0.01207400390906335}}