{"mean":{"confidence_interval":{"confidence_level":0.95,"lower_bound":-0.2364248400622015,"upper_bound":-0.1699653663122372},"point_estimate":-0.2043770017078701,"standard_error":0.016934966150384652},"median":{"confidence_interval":{"confidence_level":0.95,"lower_bound":-0.27170276809362637,"upper_bound":-0.1729375862442979},"point_estimate":-0.2205059673062475,"standard_error":0.02313198963460872}}