{"mean":{"confidence_interval":{"confidence_level":0.95,"lower_bound":0.06250038190686744,"upper_bound":0.139962758251223},"point_estimate":0.10053024026351465,"standard_error":0.01993275973905401},"median":{"confidence_interval":{"confidence_level":0.95,"lower_bound":0.08413563751093743,"upper_bound":0.1379875595525376},"point_estimate":0.11430025656292075,"standard_error":0.015610297485773967}}