{"mean":{"confidence_interval":{"confidence_level":0.95,"lower_bound":-0.28242396130505465,"upper_bound":-0.2360824728062453},"point_estimate":-0.259456781543397,"standard_error":0.011767636214136368},"median":{"confidence_interval":{"confidence_level":0.95,"lower_bound":-0.317625986616624,"upper_bound":-0.20255117683523005},"point_estimate":-0.25101702471723675,"standard_error":0.034510049164841565}}