{"mean":{"confidence_interval":{"confidence_level":0.95,"lower_bound":-0.12828696694866062,"upper_bound":-0.06022976485255207},"point_estimate":-0.09525517333518874,"standard_error":0.0174519469024124},"median":{"confidence_interval":{"confidence_level":0.95,"lower_bound":-0.1387528660513364,"upper_bound":-0.06026780200988665},"point_estimate":-0.09595020728248149,"standard_error":0.02020261030899469}}