{"mean":{"confidence_interval":{"confidence_level":0.95,"lower_bound":-0.5371870939882779,"upper_bound":-0.48724569651142113},"point_estimate":-0.5132779116195815,"standard_error":0.012712117620743538},"median":{"confidence_interval":{"confidence_level":0.95,"lower_bound":-0.572636076036423,"upper_bound":-0.5491831886111875},"point_estimate":-0.5617261973661646,"standard_error":0.006038173480985083}}