{"mean":{"confidence_interval":{"confidence_level":0.95,"lower_bound":-0.11147913838231874,"upper_bound":0.08660917829066805},"point_estimate":-0.0032279004421158497,"standard_error":0.05178546618338734},"median":{"confidence_interval":{"confidence_level":0.95,"lower_bound":-0.044442241662573156,"upper_bound":0.06692453720751645},"point_estimate":0.013030000028633193,"standard_error":0.028864161501552174}}