{"mean":{"confidence_interval":{"confidence_level":0.95,"lower_bound":0.1743748971670349,"upper_bound":0.2984216840098025},"point_estimate":0.23197498530219152,"standard_error":0.0316940943751408},"median":{"confidence_interval":{"confidence_level":0.95,"lower_bound":0.09671523126406556,"upper_bound":0.18503080011500805},"point_estimate":0.1347779742466637,"standard_error":0.023400345992208183}}