{"mean":{"confidence_interval":{"confidence_level":0.95,"lower_bound":0.2969066481166772,"upper_bound":0.427756114976354},"point_estimate":0.35494860702404374,"standard_error":0.03363541063242604},"median":{"confidence_interval":{"confidence_level":0.95,"lower_bound":0.2948131926264459,"upper_bound":0.37899744404735025},"point_estimate":0.342604820574161,"standard_error":0.020654850628413303}}