{"mean":{"confidence_interval":{"confidence_level":0.95,"lower_bound":-0.38707520024584924,"upper_bound":-0.3257270824729499},"point_estimate":-0.3586140664463573,"standard_error":0.015723159014657245},"median":{"confidence_interval":{"confidence_level":0.95,"lower_bound":-0.4077568402516485,"upper_bound":-0.3600532969293524},"point_estimate":-0.3844782189361007,"standard_error":0.012852638997749922}}