{"mean":{"confidence_interval":{"confidence_level":0.95,"lower_bound":-0.39879604287811343,"upper_bound":-0.268633046218786},"point_estimate":-0.3267224754561384,"standard_error":0.034314948982267376},"median":{"confidence_interval":{"confidence_level":0.95,"lower_bound":-0.3270705934545266,"upper_bound":-0.2506404217458952},"point_estimate":-0.2845521639041999,"standard_error":0.019916744922153475}}