{"mean":{"confidence_interval":{"confidence_level":0.95,"lower_bound":645.62000918079,"upper_bound":666.284637270702},"point_estimate":655.1069587646862,"standard_error":5.278183412366996},"median":{"confidence_interval":{"confidence_level":0.95,"lower_bound":644.4934338770904,"upper_bound":660.9317042606517},"point_estimate":651.7452081988695,"standard_error":4.358185611820762},"median_abs_dev":{"confidence_interval":{"confidence_level":0.95,"lower_bound":28.870401706095052,"upper_bound":46.54369878402444},"point_estimate":37.39931584961523,"standard_error":4.620532824836133},"slope":{"confidence_interval":{"confidence_level":0.95,"lower_bound":644.4918087336531,"upper_bound":660.0669924579197},"point_estimate":652.276980314685,"standard_error":3.9979834445800253},"std_dev":{"confidence_interval":{"confidence_level":0.95,"lower_bound":33.425456311361586,"upper_bound":75.59801240775349},"point_estimate":53.114379552869224,"standard_error":12.482370731706187}}