{"mean":{"confidence_interval":{"confidence_level":0.95,"lower_bound":0.16694394148486638,"upper_bound":0.17789873738111903},"point_estimate":0.17243864996377645,"standard_error":0.0028016334805650196},"median":{"confidence_interval":{"confidence_level":0.95,"lower_bound":0.16711197065453431,"upper_bound":0.17531257347860518},"point_estimate":0.1708032281178451,"standard_error":0.002452875886295063}}