{"mean":{"confidence_interval":{"confidence_level":0.95,"lower_bound":-0.10626144675263406,"upper_bound":-0.09915658950766648},"point_estimate":-0.10179159441078767,"standard_error":0.001957085224533478},"median":{"confidence_interval":{"confidence_level":0.95,"lower_bound":-0.101673360360102,"upper_bound":-0.0998292981562745},"point_estimate":-0.10051369322080539,"standard_error":0.000449694492034883}}