{"mean":{"confidence_interval":{"confidence_level":0.95,"lower_bound":0.16890347064580427,"upper_bound":0.17367096464698303},"point_estimate":0.17138550108056738,"standard_error":0.0012140387728921496},"median":{"confidence_interval":{"confidence_level":0.95,"lower_bound":0.16810360697301752,"upper_bound":0.17493145664820786},"point_estimate":0.17245252998148164,"standard_error":0.001780559619361499}}