{"mean":{"confidence_interval":{"confidence_level":0.95,"lower_bound":0.14985373370042984,"upper_bound":0.16831324017109042},"point_estimate":0.15832183995737426,"standard_error":0.004739748600658941},"median":{"confidence_interval":{"confidence_level":0.95,"lower_bound":0.14344624171635798,"upper_bound":0.1670012036320241},"point_estimate":0.15649735352191918,"standard_error":0.005674973074906634}}