{"mean":{"confidence_interval":{"confidence_level":0.95,"lower_bound":0.1578723315555478,"upper_bound":0.16007017136117158},"point_estimate":0.1589924687148203,"standard_error":0.0005624557572373704},"median":{"confidence_interval":{"confidence_level":0.95,"lower_bound":0.1582934624138681,"upper_bound":0.16117284683692445},"point_estimate":0.15968918356068684,"standard_error":0.0007719862967065217}}