{"mean":{"confidence_interval":{"confidence_level":0.95,"lower_bound":-0.023972844508011036,"upper_bound":0.005605504651636456},"point_estimate":-0.009370668840770646,"standard_error":0.007778177404275428},"median":{"confidence_interval":{"confidence_level":0.95,"lower_bound":-0.038976353330895885,"upper_bound":0.004081948129041562},"point_estimate":-0.026438277681212985,"standard_error":0.010547971455724295}}