{"mean":{"confidence_interval":{"confidence_level":0.95,"lower_bound":-0.019981664561560978,"upper_bound":-0.012316109179830883},"point_estimate":-0.015202192624664601,"standard_error":0.002141591252896215},"median":{"confidence_interval":{"confidence_level":0.95,"lower_bound":-0.014426984494613437,"upper_bound":-0.012585324491577787},"point_estimate":-0.013810188073199337,"standard_error":0.00046024623617243164}}