{"mean":{"confidence_interval":{"confidence_level":0.95,"lower_bound":-0.024092051246318153,"upper_bound":-0.02105116787129597},"point_estimate":-0.02282258954220151,"standard_error":0.0007801358043174896},"median":{"confidence_interval":{"confidence_level":0.95,"lower_bound":-0.024664054764489074,"upper_bound":-0.022843201813215974},"point_estimate":-0.023661304125945137,"standard_error":0.0004713804409441057}}