{"mean":{"confidence_interval":{"confidence_level":0.95,"lower_bound":-0.000015874481153682564,"upper_bound":0.0012095794402424698},"point_estimate":0.0006075931732771878,"standard_error":0.00031368144432594627},"median":{"confidence_interval":{"confidence_level":0.95,"lower_bound":-0.00015633040407814214,"upper_bound":0.0014489305734535218},"point_estimate":0.000828666606951689,"standard_error":0.0004084697694522128}}