{"mean":{"confidence_interval":{"confidence_level":0.95,"lower_bound":0.1542534629675126,"upper_bound":0.16123736071572115},"point_estimate":0.15745183749057845,"standard_error":0.0017712013943350534},"median":{"confidence_interval":{"confidence_level":0.95,"lower_bound":0.1554210340823423,"upper_bound":0.1642101803492051},"point_estimate":0.16107164972366617,"standard_error":0.001860786609862721}}