{"mean":{"confidence_interval":{"confidence_level":0.95,"lower_bound":-0.0037504245611234056,"upper_bound":0.005919796774449297},"point_estimate":0.0014033725567703659,"standard_error":0.0024563915198272763},"median":{"confidence_interval":{"confidence_level":0.95,"lower_bound":0.0017389300943233543,"upper_bound":0.004841719871882103},"point_estimate":0.0034155184659518945,"standard_error":0.0007690188768378789}}