{"mean":{"confidence_interval":{"confidence_level":0.95,"lower_bound":-0.10823660632114711,"upper_bound":-0.10094834051776357},"point_estimate":-0.10379609468801165,"standard_error":0.0019784211198087655},"median":{"confidence_interval":{"confidence_level":0.95,"lower_bound":-0.10514079961718759,"upper_bound":-0.10197190617122831},"point_estimate":-0.10384476128439724,"standard_error":0.0007986778967895769}}