{"mean":{"confidence_interval":{"confidence_level":0.95,"lower_bound":3009063.970214287,"upper_bound":3062134.097553571},"point_estimate":3035223.529285714,"standard_error":13565.023978440884},"median":{"confidence_interval":{"confidence_level":0.95,"lower_bound":2989258.4642857146,"upper_bound":3041558.785714286},"point_estimate":3005215.7857142854,"standard_error":13073.57556732836},"median_abs_dev":{"confidence_interval":{"confidence_level":0.95,"lower_bound":78874.68924969366,"upper_bound":163070.9063549126},"point_estimate":127468.33303698442,"standard_error":22193.59063502229},"slope":null,"std_dev":{"confidence_interval":{"confidence_level":0.95,"lower_bound":115411.67376050241,"upper_bound":155662.55066519693},"point_estimate":136523.47656299797,"standard_error":10281.497943420032}}