{"mean":{"confidence_interval":{"confidence_level":0.95,"lower_bound":3271661.8604499996,"upper_bound":3289307.661066666},"point_estimate":3280233.3246666654,"standard_error":4509.24675034507},"median":{"confidence_interval":{"confidence_level":0.95,"lower_bound":3258370.0,"upper_bound":3277370.4},"point_estimate":3269376.5666666664,"standard_error":5300.963918845618},"median_abs_dev":{"confidence_interval":{"confidence_level":0.95,"lower_bound":30111.60546541214,"upper_bound":51145.25129199028},"point_estimate":42793.02434027161,"standard_error":5445.367761378203},"slope":null,"std_dev":{"confidence_interval":{"confidence_level":0.95,"lower_bound":37844.61031986075,"upper_bound":51932.35145441033},"point_estimate":45481.45745403679,"standard_error":3605.4504647079407}}