{"mean":{"confidence_interval":{"confidence_level":0.95,"lower_bound":3002653.235625,"upper_bound":3017093.873734375},"point_estimate":3009666.609375,"standard_error":3692.87586706337},"median":{"confidence_interval":{"confidence_level":0.95,"lower_bound":2992058.1875,"upper_bound":3006684.1875},"point_estimate":2998795.96875,"standard_error":3596.5727174424956},"median_abs_dev":{"confidence_interval":{"confidence_level":0.95,"lower_bound":18779.25990410149,"upper_bound":37771.45822942257},"point_estimate":26290.065039508045,"standard_error":4820.020683120074},"slope":null,"std_dev":{"confidence_interval":{"confidence_level":0.95,"lower_bound":29629.499914275926,"upper_bound":43832.781475398064},"point_estimate":37040.13940403814,"standard_error":3628.9843247648946}}