{"mean":{"confidence_interval":{"confidence_level":0.95,"lower_bound":3137888.043234375,"upper_bound":3170908.14959375},"point_estimate":3151418.75375,"standard_error":8657.84830027127},"median":{"confidence_interval":{"confidence_level":0.95,"lower_bound":3133977.1875,"upper_bound":3141999.8125},"point_estimate":3138061.53125,"standard_error":2002.6637116385843},"median_abs_dev":{"confidence_interval":{"confidence_level":0.95,"lower_bound":13765.70909935981,"upper_bound":22247.478223778307},"point_estimate":17970.918599702418,"standard_error":2180.0650850622783},"slope":null,"std_dev":{"confidence_interval":{"confidence_level":0.95,"lower_bound":19774.622986452367,"upper_bound":139098.81238335796},"point_estimate":86874.52137830142,"standard_error":33433.83616326173}}