{"mean":{"confidence_interval":{"confidence_level":0.95,"lower_bound":3051782.8211406246,"upper_bound":3055095.09096875},"point_estimate":3053370.07125,"standard_error":843.3110533291336},"median":{"confidence_interval":{"confidence_level":0.95,"lower_bound":3051137.9375,"upper_bound":3054092.875},"point_estimate":3052480.15625,"standard_error":758.4105571552484},"median_abs_dev":{"confidence_interval":{"confidence_level":0.95,"lower_bound":5240.5739257112145,"upper_bound":8255.950615927577},"point_estimate":6945.517564192414,"standard_error":779.4142456286452},"slope":null,"std_dev":{"confidence_interval":{"confidence_level":0.95,"lower_bound":6362.162170953958,"upper_bound":10700.245536196775},"point_estimate":8472.646919407498,"standard_error":1130.6867287613686}}