{"mean":{"confidence_interval":{"confidence_level":0.95,"lower_bound":5690653.518499998,"upper_bound":5946772.770416667},"point_estimate":5817381.299999999,"standard_error":65231.363317348674},"median":{"confidence_interval":{"confidence_level":0.95,"lower_bound":5530070.333333333,"upper_bound":5804622.333333333},"point_estimate":5638537.666666666,"standard_error":71856.2992266072},"median_abs_dev":{"confidence_interval":{"confidence_level":0.95,"lower_bound":460845.69251835323,"upper_bound":921639.9882376185},"point_estimate":711578.5522669551,"standard_error":115157.91442568314},"slope":null,"std_dev":{"confidence_interval":{"confidence_level":0.95,"lower_bound":581985.5453399327,"upper_bound":723738.0218753052},"point_estimate":658717.5537312842,"standard_error":36131.59814217017}}