{"mean":{"confidence_interval":{"confidence_level":0.95,"lower_bound":7734864.68575,"upper_bound":7823980.061749999},"point_estimate":7779582.12,"standard_error":22752.670276802906},"median":{"confidence_interval":{"confidence_level":0.95,"lower_bound":7728040.0,"upper_bound":7842166.5},"point_estimate":7766240.5,"standard_error":27195.049958350082},"median_abs_dev":{"confidence_interval":{"confidence_level":0.95,"lower_bound":166534.52464342117,"upper_bound":314981.700257957},"point_estimate":233956.12909644842,"standard_error":37816.25088595127},"slope":null,"std_dev":{"confidence_interval":{"confidence_level":0.95,"lower_bound":199403.401775216,"upper_bound":255166.57208732658},"point_estimate":228838.48240457257,"standard_error":14205.151690761279}}