{"mean":{"confidence_interval":{"confidence_level":0.95,"lower_bound":8829190.187375,"upper_bound":8850610.307125},"point_estimate":8839624.115,"standard_error":5472.197607707484},"median":{"confidence_interval":{"confidence_level":0.95,"lower_bound":8816413.0,"upper_bound":8837908.0},"point_estimate":8825818.25,"standard_error":5587.295308963059},"median_abs_dev":{"confidence_interval":{"confidence_level":0.95,"lower_bound":28994.901898987617,"upper_bound":51372.274412959814},"point_estimate":39189.93575423956,"standard_error":5768.632600942405},"slope":null,"std_dev":{"confidence_interval":{"confidence_level":0.95,"lower_bound":43705.513515751816,"upper_bound":64960.18722489237},"point_estimate":54884.04974101322,"standard_error":5466.836552607328}}