{"mean":{"confidence_interval":{"confidence_level":0.95,"lower_bound":7211141.488333334,"upper_bound":7324670.68858333},"point_estimate":7267866.596666665,"standard_error":28994.170622294594},"median":{"confidence_interval":{"confidence_level":0.95,"lower_bound":7197516.666666667,"upper_bound":7377318.0},"point_estimate":7297550.833333333,"standard_error":50456.82348900597},"median_abs_dev":{"confidence_interval":{"confidence_level":0.95,"lower_bound":239071.46965563297,"upper_bound":370627.75442004204},"point_estimate":311150.53837597417,"standard_error":33582.9888282683},"slope":null,"std_dev":{"confidence_interval":{"confidence_level":0.95,"lower_bound":251211.16795381284,"upper_bound":329940.6882267413},"point_estimate":292179.65209760447,"standard_error":20074.462783187955}}