{"mean":{"confidence_interval":{"confidence_level":0.95,"lower_bound":-0.40549987920606106,"upper_bound":-0.39179078653497623},"point_estimate":-0.39835682104893966,"standard_error":0.0035394944846256575},"median":{"confidence_interval":{"confidence_level":0.95,"lower_bound":-0.3945168340245382,"upper_bound":-0.37825966934997246},"point_estimate":-0.387155714881135,"standard_error":0.003906230831966859}}