{"mean":{"confidence_interval":{"confidence_level":0.95,"lower_bound":-0.21237215600378578,"upper_bound":-0.1354485878175082},"point_estimate":-0.18477429136441637,"standard_error":0.02225186626968915},"median":{"confidence_interval":{"confidence_level":0.95,"lower_bound":-0.22624725121529166,"upper_bound":-0.2017720307901354},"point_estimate":-0.21409422157247937,"standard_error":0.00700550086789155}}