{"mean":{"confidence_interval":{"confidence_level":0.95,"lower_bound":-0.4194538332580986,"upper_bound":-0.3557088026616213},"point_estimate":-0.39849494125845897,"standard_error":0.018097860065928863},"median":{"confidence_interval":{"confidence_level":0.95,"lower_bound":-0.4092990192506726,"upper_bound":-0.40066065888448754},"point_estimate":-0.4051186635556716,"standard_error":0.0022952436533009014}}