{"mean":{"confidence_interval":{"confidence_level":0.95,"lower_bound":-0.6446334585614658,"upper_bound":-0.6189729125249658},"point_estimate":-0.6296266369459154,"standard_error":0.006809717580072685},"median":{"confidence_interval":{"confidence_level":0.95,"lower_bound":-0.6245184606454621,"upper_bound":-0.614582994772902},"point_estimate":-0.6197072106298271,"standard_error":0.002216767811507486}}