{"mean":{"confidence_interval":{"confidence_level":0.95,"lower_bound":0.7624944132195122,"upper_bound":0.8084932054419198},"point_estimate":0.7823874732993281,"standard_error":0.011803118301973163},"median":{"confidence_interval":{"confidence_level":0.95,"lower_bound":0.751987473247854,"upper_bound":0.7596477939223374},"point_estimate":0.7550964003299185,"standard_error":0.0020373232258503594}}