{"mean":{"confidence_interval":{"confidence_level":0.95,"lower_bound":-0.15097769013078038,"upper_bound":-0.04944954543221461},"point_estimate":-0.11902978863823754,"standard_error":0.028133313648266395},"median":{"confidence_interval":{"confidence_level":0.95,"lower_bound":-0.16837547984749368,"upper_bound":-0.12911256247050917},"point_estimate":-0.14789616688566054,"standard_error":0.010903199347784196}}