{"mean":{"confidence_interval":{"confidence_level":0.95,"lower_bound":3.1335596351227437,"upper_bound":3.22310682947411},"point_estimate":3.177188729581424,"standard_error":0.023044687149768192},"median":{"confidence_interval":{"confidence_level":0.95,"lower_bound":3.1051768256568257,"upper_bound":3.246751418897487},"point_estimate":3.191183411116742,"standard_error":0.035821257971266104}}