{"mean":{"confidence_interval":{"confidence_level":0.95,"lower_bound":-0.3003637500373545,"upper_bound":-0.287943582761355},"point_estimate":-0.29420459020604983,"standard_error":0.0031700410690167716},"median":{"confidence_interval":{"confidence_level":0.95,"lower_bound":-0.3033051257946524,"upper_bound":-0.27873912721032046},"point_estimate":-0.3001667202729593,"standard_error":0.0046945494832109315}}