{"mean":{"confidence_interval":{"confidence_level":0.95,"lower_bound":0.5216334422792136,"upper_bound":0.6470491782089882},"point_estimate":0.5819288687427855,"standard_error":0.03175200715250084},"median":{"confidence_interval":{"confidence_level":0.95,"lower_bound":0.5310413611777629,"upper_bound":0.631812398221852},"point_estimate":0.5992830284501374,"standard_error":0.024025796737470382}}