{"mean":{"confidence_interval":{"confidence_level":0.95,"lower_bound":0.4986839609560523,"upper_bound":0.6265113902484996},"point_estimate":0.5593668238153471,"standard_error":0.032549242205357695},"median":{"confidence_interval":{"confidence_level":0.95,"lower_bound":0.5107548842350336,"upper_bound":0.6175453910699047},"point_estimate":0.5831712658147095,"standard_error":0.025943679079703588}}