{"mean":{"confidence_interval":{"confidence_level":0.95,"lower_bound":-0.19179745499101267,"upper_bound":-0.11112654570238925},"point_estimate":-0.1622104224011277,"standard_error":0.022172532171183253},"median":{"confidence_interval":{"confidence_level":0.95,"lower_bound":-0.2124553784392995,"upper_bound":-0.16880043814805823},"point_estimate":-0.19818258790829857,"standard_error":0.011057945743613903}}