{"mean":{"confidence_interval":{"confidence_level":0.95,"lower_bound":1.0965583714472782,"upper_bound":1.210297991050103},"point_estimate":1.1501904032559302,"standard_error":0.029157120952241503},"median":{"confidence_interval":{"confidence_level":0.95,"lower_bound":1.0397305233135574,"upper_bound":1.1614299300051312},"point_estimate":1.101395120829518,"standard_error":0.03161491088138084}}