{"mean":{"confidence_interval":{"confidence_level":0.95,"lower_bound":-0.7969970420049171,"upper_bound":-0.7918653418824312},"point_estimate":-0.7942907656488344,"standard_error":0.0013074307782595632},"median":{"confidence_interval":{"confidence_level":0.95,"lower_bound":-0.7944110205307415,"upper_bound":-0.790652495522141},"point_estimate":-0.7924895034696054,"standard_error":0.0009807288045807975}}