{"mean":{"confidence_interval":{"confidence_level":0.95,"lower_bound":0.9456176618699985,"upper_bound":1.0508676455806387},"point_estimate":0.9914316995177155,"standard_error":0.02599730408470572},"median":{"confidence_interval":{"confidence_level":0.95,"lower_bound":0.8899044650905406,"upper_bound":1.0007581650391875},"point_estimate":0.9491643400328476,"standard_error":0.028692641533486624}}