{"mean":{"confidence_interval":{"confidence_level":0.95,"lower_bound":0.6013531384285591,"upper_bound":0.7221748882466699},"point_estimate":0.6606504719155464,"standard_error":0.03090123108527399},"median":{"confidence_interval":{"confidence_level":0.95,"lower_bound":0.6208715586256257,"upper_bound":0.745820656795277},"point_estimate":0.6935600764046395,"standard_error":0.02915395849777091}}