{"mean":{"confidence_interval":{"confidence_level":0.95,"lower_bound":-0.10210239766854745,"upper_bound":-0.035116966711760456},"point_estimate":-0.06461882850103551,"standard_error":0.01720352783935436},"median":{"confidence_interval":{"confidence_level":0.95,"lower_bound":-0.08160315046451805,"upper_bound":-0.01625087604798503},"point_estimate":-0.04976690148980334,"standard_error":0.017196602198983005}}