{"mean":{"confidence_interval":{"confidence_level":0.95,"lower_bound":-0.05650046963878529,"upper_bound":0.06048889568161038},"point_estimate":-0.016921535764224616,"standard_error":0.029294529635470253},"median":{"confidence_interval":{"confidence_level":0.95,"lower_bound":-0.04354821863285163,"upper_bound":-0.003446046816697468},"point_estimate":-0.018567870005774423,"standard_error":0.010975769330972282}}