{"mean":{"confidence_interval":{"confidence_level":0.95,"lower_bound":-0.019380001311326667,"upper_bound":0.07709229837137732},"point_estimate":0.03177580900226906,"standard_error":0.02486376722229635},"median":{"confidence_interval":{"confidence_level":0.95,"lower_bound":0.04699201342352688,"upper_bound":0.09175120363948253},"point_estimate":0.07758167746230793,"standard_error":0.00985401530960827}}