{"mean":{"confidence_interval":{"confidence_level":0.95,"lower_bound":-0.3075468925634339,"upper_bound":-0.2835353546960143},"point_estimate":-0.29554468904940634,"standard_error":0.006121611746950138},"median":{"confidence_interval":{"confidence_level":0.95,"lower_bound":-0.30769037257016785,"upper_bound":-0.2621622336452716},"point_estimate":-0.28170088459784093,"standard_error":0.011628171730702849}}