{"mean":{"confidence_interval":{"confidence_level":0.95,"lower_bound":-0.4314586276992295,"upper_bound":-0.3746595776173394},"point_estimate":-0.4069710981812933,"standard_error":0.014512192732410332},"median":{"confidence_interval":{"confidence_level":0.95,"lower_bound":-0.4215823470364508,"upper_bound":-0.38368162667033157},"point_estimate":-0.3956368558927257,"standard_error":0.008840054186420724}}