{"mean":{"confidence_interval":{"confidence_level":0.95,"lower_bound":-0.5446746437126311,"upper_bound":-0.5246837090633656},"point_estimate":-0.5342201509603148,"standard_error":0.005106141134752551},"median":{"confidence_interval":{"confidence_level":0.95,"lower_bound":-0.5319258761889717,"upper_bound":-0.523662438992248},"point_estimate":-0.5269225273750722,"standard_error":0.0021205486271562027}}