{"mean":{"confidence_interval":{"confidence_level":0.95,"lower_bound":2.52480449737864,"upper_bound":2.602618130578946},"point_estimate":2.564754097143708,"standard_error":0.020344465346841863},"median":{"confidence_interval":{"confidence_level":0.95,"lower_bound":2.508364522402712,"upper_bound":2.6262046216128647},"point_estimate":2.5851963223107677,"standard_error":0.03030440549287264}}