{"mean":{"confidence_interval":{"confidence_level":0.95,"lower_bound":0.8762762277643261,"upper_bound":0.9404369458094195},"point_estimate":0.906754820876186,"standard_error":0.016783126120540524},"median":{"confidence_interval":{"confidence_level":0.95,"lower_bound":0.8453862815627191,"upper_bound":0.9133737979184691},"point_estimate":0.8783444970483425,"standard_error":0.0184873788193374}}