{"mean":{"confidence_interval":{"confidence_level":0.95,"lower_bound":0.5160450100345921,"upper_bound":0.6305117683580869},"point_estimate":0.5711688622494087,"standard_error":0.02915999980557916},"median":{"confidence_interval":{"confidence_level":0.95,"lower_bound":0.5381789760199558,"upper_bound":0.6679251170870188},"point_estimate":0.6103806578046529,"standard_error":0.030939741980802352}}