{"mean":{"confidence_interval":{"confidence_level":0.95,"lower_bound":-0.1373906675608632,"upper_bound":-0.10885395655409288},"point_estimate":-0.12243407597041112,"standard_error":0.007306470916443242},"median":{"confidence_interval":{"confidence_level":0.95,"lower_bound":-0.16504757155314953,"upper_bound":-0.10485630015421088},"point_estimate":-0.12915123082724522,"standard_error":0.015513580760130282}}