{"mean":{"confidence_interval":{"confidence_level":0.95,"lower_bound":0.4028597090621495,"upper_bound":0.49899033810380466},"point_estimate":0.4511195755752746,"standard_error":0.024674183851247193},"median":{"confidence_interval":{"confidence_level":0.95,"lower_bound":0.4136729187682353,"upper_bound":0.5193969200550551},"point_estimate":0.4789310403594249,"standard_error":0.025213221967712834}}