{"mean":{"confidence_interval":{"confidence_level":0.95,"lower_bound":-0.5253078485530838,"upper_bound":-0.49032651158307183},"point_estimate":-0.5068811615639857,"standard_error":0.008989834306875454},"median":{"confidence_interval":{"confidence_level":0.95,"lower_bound":-0.5079281558087074,"upper_bound":-0.47660431142289306},"point_estimate":-0.49248456426937637,"standard_error":0.007703444842834295}}