{"mean":{"confidence_interval":{"confidence_level":0.95,"lower_bound":2.551519255213416,"upper_bound":2.7005003053153707},"point_estimate":2.621991553831623,"standard_error":0.03782068081030093},"median":{"confidence_interval":{"confidence_level":0.95,"lower_bound":2.4505010412005395,"upper_bound":2.563810979221883},"point_estimate":2.4970615360815773,"standard_error":0.02871965505280327}}