{"mean":{"confidence_interval":{"confidence_level":0.95,"lower_bound":-0.1645215770779768,"upper_bound":-0.061206335864379395},"point_estimate":-0.12702447209539702,"standard_error":0.027245228920370294},"median":{"confidence_interval":{"confidence_level":0.95,"lower_bound":-0.16407413263926784,"upper_bound":-0.10920876637827437},"point_estimate":-0.13026620571318093,"standard_error":0.014496283456564075}}