{"mean":{"confidence_interval":{"confidence_level":0.95,"lower_bound":-0.5486273405135357,"upper_bound":-0.5206455576766214},"point_estimate":-0.5371964755645818,"standard_error":0.007144101936384001},"median":{"confidence_interval":{"confidence_level":0.95,"lower_bound":-0.5515927870367954,"upper_bound":-0.5336946738679922},"point_estimate":-0.5425874745028433,"standard_error":0.004867245922477378}}