{"mean":{"confidence_interval":{"confidence_level":0.95,"lower_bound":0.41041738431633035,"upper_bound":0.5502166094450994},"point_estimate":0.49396341793326726,"standard_error":0.03732412381784497},"median":{"confidence_interval":{"confidence_level":0.95,"lower_bound":0.4499899824702851,"upper_bound":0.4899864891327408},"point_estimate":0.46248199365431253,"standard_error":0.01014114133373077}}