{"mean":{"confidence_interval":{"confidence_level":0.95,"lower_bound":-0.23085210920618382,"upper_bound":-0.2032913228575529},"point_estimate":-0.2168927871586308,"standard_error":0.006986659014143231},"median":{"confidence_interval":{"confidence_level":0.95,"lower_bound":-0.269745321706772,"upper_bound":-0.2135675063697441},"point_estimate":-0.22931671220185212,"standard_error":0.015567601183823733}}