{"mean":{"confidence_interval":{"confidence_level":0.95,"lower_bound":-0.11261067845011156,"upper_bound":-0.05553779118709925},"point_estimate":-0.0834083036757669,"standard_error":0.014633778401724045},"median":{"confidence_interval":{"confidence_level":0.95,"lower_bound":-0.0924738391472325,"upper_bound":-0.01817270938701665},"point_estimate":-0.045412544588524506,"standard_error":0.018473067078429602}}