{"mean":{"confidence_interval":{"confidence_level":0.95,"lower_bound":0.8663480447178953,"upper_bound":1.0055461189112438},"point_estimate":0.940357478387126,"standard_error":0.03557031323984033},"median":{"confidence_interval":{"confidence_level":0.95,"lower_bound":0.9232171144991024,"upper_bound":0.9881768807664288},"point_estimate":0.957747919199476,"standard_error":0.01707765061019826}}