{"mean":{"confidence_interval":{"confidence_level":0.95,"lower_bound":-0.7037492836158791,"upper_bound":-0.6927009436772243},"point_estimate":-0.698096150586533,"standard_error":0.002820337248554461},"median":{"confidence_interval":{"confidence_level":0.95,"lower_bound":-0.7040272750914721,"upper_bound":-0.6873024817389513},"point_estimate":-0.6982186570565807,"standard_error":0.004676028928193749}}