{"mean":{"confidence_interval":{"confidence_level":0.95,"lower_bound":0.27884119449768496,"upper_bound":0.39104484213255497},"point_estimate":0.33140075543979464,"standard_error":0.028702237632010144},"median":{"confidence_interval":{"confidence_level":0.95,"lower_bound":0.29956168998968535,"upper_bound":0.38393081691574804},"point_estimate":0.35832676275337083,"standard_error":0.020125588368549302}}