{"mean":{"confidence_interval":{"confidence_level":0.95,"lower_bound":0.05912964855964671,"upper_bound":0.23432952932772988},"point_estimate":0.13895359205785285,"standard_error":0.043013717658820415},"median":{"confidence_interval":{"confidence_level":0.95,"lower_bound":0.11466648497095466,"upper_bound":0.14334257694727737},"point_estimate":0.12395779795646922,"standard_error":0.007301160977066378}}