{"mean":{"confidence_interval":{"confidence_level":0.95,"lower_bound":-0.7238082561811737,"upper_bound":-0.689768734626953},"point_estimate":-0.7111666531435294,"standard_error":0.009934491130005075},"median":{"confidence_interval":{"confidence_level":0.95,"lower_bound":-0.7207263555710018,"upper_bound":-0.7154315739634174},"point_estimate":-0.7181294781951194,"standard_error":0.0013768738573355108}}