{"mean":{"confidence_interval":{"confidence_level":0.95,"lower_bound":1.055309667658771,"upper_bound":1.1169388889960272},"point_estimate":1.0883294666084864,"standard_error":0.015771015377626225},"median":{"confidence_interval":{"confidence_level":0.95,"lower_bound":1.0521070970931787,"upper_bound":1.1174345855130858},"point_estimate":1.0938594314962162,"standard_error":0.015675654971439915}}