{"mean":{"confidence_interval":{"confidence_level":0.95,"lower_bound":-0.18573049009299242,"upper_bound":-0.16444013891956166},"point_estimate":-0.1750558619854885,"standard_error":0.0054063439989358595},"median":{"confidence_interval":{"confidence_level":0.95,"lower_bound":-0.17809595668895398,"upper_bound":-0.15074792512794744},"point_estimate":-0.1610036301568063,"standard_error":0.0068468532508040416}}