{"mean":{"confidence_interval":{"confidence_level":0.95,"lower_bound":0.10487427769579383,"upper_bound":0.21931392559800028},"point_estimate":0.15280818538287755,"standard_error":0.0315626865914426},"median":{"confidence_interval":{"confidence_level":0.95,"lower_bound":0.10151034755865496,"upper_bound":0.14743871855753485},"point_estimate":0.12610785650507794,"standard_error":0.012050681026641924}}