{"mean":{"confidence_interval":{"confidence_level":0.95,"lower_bound":-0.6425811503168648,"upper_bound":-0.5977210503010606},"point_estimate":-0.6215517663511081,"standard_error":0.01138561171762881},"median":{"confidence_interval":{"confidence_level":0.95,"lower_bound":-0.6352914226127602,"upper_bound":-0.6237415001530042},"point_estimate":-0.6300049168282416,"standard_error":0.002877602226892892}}