{"mean":{"confidence_interval":{"confidence_level":0.95,"lower_bound":0.7021298912181126,"upper_bound":0.7979142659397092},"point_estimate":0.7468268635946766,"standard_error":0.02460423394366456},"median":{"confidence_interval":{"confidence_level":0.95,"lower_bound":0.597270064056119,"upper_bound":0.7760754967244852},"point_estimate":0.6590266607556414,"standard_error":0.043919489532421654}}