{"mean":{"confidence_interval":{"confidence_level":0.95,"lower_bound":-0.09142082396616967,"upper_bound":-0.05430703922586533},"point_estimate":-0.07232325513653826,"standard_error":0.009380116043364528},"median":{"confidence_interval":{"confidence_level":0.95,"lower_bound":-0.10483441491876755,"upper_bound":-0.05378989304416404},"point_estimate":-0.08005083090642862,"standard_error":0.013594888085123281}}