{"mean":{"confidence_interval":{"confidence_level":0.95,"lower_bound":-0.2390744717113083,"upper_bound":-0.2176019225289184},"point_estimate":-0.22798075930810446,"standard_error":0.005457855482724726},"median":{"confidence_interval":{"confidence_level":0.95,"lower_bound":-0.22938889819304398,"upper_bound":-0.1975124222206175},"point_estimate":-0.2069210819154994,"standard_error":0.008616171817435314}}