{"mean":{"confidence_interval":{"confidence_level":0.95,"lower_bound":0.851037463159801,"upper_bound":0.9156917594785845},"point_estimate":0.8825508293189781,"standard_error":0.01642388137274018},"median":{"confidence_interval":{"confidence_level":0.95,"lower_bound":0.8133169882814806,"upper_bound":0.9721575575910364},"point_estimate":0.8618967699527524,"standard_error":0.0415763798084483}}