{"mean":{"confidence_interval":{"confidence_level":0.95,"lower_bound":0.11005681216707403,"upper_bound":0.2858073854824621},"point_estimate":0.19203484942205362,"standard_error":0.043838764379326364},"median":{"confidence_interval":{"confidence_level":0.95,"lower_bound":0.1687992020255682,"upper_bound":0.2019571125504931},"point_estimate":0.18275884274725196,"standard_error":0.008162850963580933}}