{"mean":{"confidence_interval":{"confidence_level":0.95,"lower_bound":-0.43922823130728594,"upper_bound":-0.40632676686714964},"point_estimate":-0.42244272756824286,"standard_error":0.008447770581095335},"median":{"confidence_interval":{"confidence_level":0.95,"lower_bound":-0.42485767368831406,"upper_bound":-0.38705868707063384},"point_estimate":-0.39905658297417435,"standard_error":0.008743570775398422}}