{"mean":{"confidence_interval":{"confidence_level":0.95,"lower_bound":-0.5259090342275574,"upper_bound":-0.48941583348778755},"point_estimate":-0.5058106099554058,"standard_error":0.009326370715177374},"median":{"confidence_interval":{"confidence_level":0.95,"lower_bound":-0.5177811455248016,"upper_bound":-0.4865234607984502},"point_estimate":-0.5011542184418358,"standard_error":0.008109877646745773}}