{"mean":{"confidence_interval":{"confidence_level":0.95,"lower_bound":-0.7087804833047142,"upper_bound":-0.697460506849977},"point_estimate":-0.7030958497793247,"standard_error":0.0028772510061150893},"median":{"confidence_interval":{"confidence_level":0.95,"lower_bound":-0.7069802248146428,"upper_bound":-0.687801597754219},"point_estimate":-0.695149780963837,"standard_error":0.005247535309038793}}