{"mean":{"confidence_interval":{"confidence_level":0.95,"lower_bound":-0.7853768151592445,"upper_bound":-0.7654622070173553},"point_estimate":-0.7768046138971554,"standard_error":0.005488999746913071},"median":{"confidence_interval":{"confidence_level":0.95,"lower_bound":-0.787240480484932,"upper_bound":-0.7822711083542517},"point_estimate":-0.7851900198544527,"standard_error":0.0012565464248029514}}