{"mean":{"confidence_interval":{"confidence_level":0.95,"lower_bound":0.18493304254747644,"upper_bound":0.2953670799257641},"point_estimate":0.2288433512866601,"standard_error":0.030607257176241957},"median":{"confidence_interval":{"confidence_level":0.95,"lower_bound":0.202990514675516,"upper_bound":0.2629248964229767},"point_estimate":0.23443289411474844,"standard_error":0.01621965786492966}}