{"mean":{"confidence_interval":{"confidence_level":0.95,"lower_bound":0.3230356241825501,"upper_bound":0.3464961319596137},"point_estimate":0.3347424773965493,"standard_error":0.006008144936851324},"median":{"confidence_interval":{"confidence_level":0.95,"lower_bound":0.3173250398558993,"upper_bound":0.3636848909550061},"point_estimate":0.32328960944888263,"standard_error":0.008711490825287873}}