{"mean":{"confidence_interval":{"confidence_level":0.95,"lower_bound":-0.11934339288639706,"upper_bound":-0.023515113793255406},"point_estimate":-0.08319797206277335,"standard_error":0.027189733929901243},"median":{"confidence_interval":{"confidence_level":0.95,"lower_bound":-0.14023080679036548,"upper_bound":-0.08742144869650081},"point_estimate":-0.11540693712627592,"standard_error":0.013787718505990754}}