{"mean":{"confidence_interval":{"confidence_level":0.95,"lower_bound":-0.044790883980401125,"upper_bound":0.014680136518913917},"point_estimate":-0.015962702248803362,"standard_error":0.015139488976820652},"median":{"confidence_interval":{"confidence_level":0.95,"lower_bound":-0.06174883324374891,"upper_bound":0.04444643442592455},"point_estimate":0.002551674256434655,"standard_error":0.027154109420461273}}