{"mean":{"confidence_interval":{"confidence_level":0.95,"lower_bound":1.0915210099576682,"upper_bound":1.1547069820314586},"point_estimate":1.123136145953811,"standard_error":0.01614548201723552},"median":{"confidence_interval":{"confidence_level":0.95,"lower_bound":1.0880626231459822,"upper_bound":1.1553667906309268},"point_estimate":1.1301469575970686,"standard_error":0.0159572234212546}}