{"mean":{"confidence_interval":{"confidence_level":0.95,"lower_bound":-0.30354028150218837,"upper_bound":-0.24039028693252457},"point_estimate":-0.2788156417325873,"standard_error":0.01699001744305792},"median":{"confidence_interval":{"confidence_level":0.95,"lower_bound":-0.3199442680430409,"upper_bound":-0.2959158573986328},"point_estimate":-0.31024593822404867,"standard_error":0.00618781300696737}}