{"mean":{"confidence_interval":{"confidence_level":0.95,"lower_bound":-0.05548303862292656,"upper_bound":0.001409526405622863},"point_estimate":-0.02624359179948854,"standard_error":0.014531635315957246},"median":{"confidence_interval":{"confidence_level":0.95,"lower_bound":-0.03480078664274966,"upper_bound":0.027970273144481972},"point_estimate":0.008459428217486797,"standard_error":0.01482305622462152}}