{"mean":{"confidence_interval":{"confidence_level":0.95,"lower_bound":0.20349712332624814,"upper_bound":0.2955580808502372},"point_estimate":0.2533374749006796,"standard_error":0.02366200878655523},"median":{"confidence_interval":{"confidence_level":0.95,"lower_bound":0.23132078260820021,"upper_bound":0.29678674389624127},"point_estimate":0.25941468182232597,"standard_error":0.017113700822697055}}