{"mean":{"confidence_interval":{"confidence_level":0.95,"lower_bound":-0.7299967810034841,"upper_bound":-0.7226144166863693},"point_estimate":-0.7262045568150912,"standard_error":0.0018803960970277902},"median":{"confidence_interval":{"confidence_level":0.95,"lower_bound":-0.7252704467044293,"upper_bound":-0.7182732209689795},"point_estimate":-0.7219566392598237,"standard_error":0.0017574953185462688}}