{"mean":{"confidence_interval":{"confidence_level":0.95,"lower_bound":-0.17488955181796373,"upper_bound":-0.07513957764857815},"point_estimate":-0.12470053232698197,"standard_error":0.025221134049405857},"median":{"confidence_interval":{"confidence_level":0.95,"lower_bound":-0.13603975876812746,"upper_bound":-0.10220524145779253},"point_estimate":-0.10932278588874678,"standard_error":0.006986375750270889}}