{"mean":{"confidence_interval":{"confidence_level":0.95,"lower_bound":0.14861064184804554,"upper_bound":0.18797628132054287},"point_estimate":0.16888310328827205,"standard_error":0.009854673261288624},"median":{"confidence_interval":{"confidence_level":0.95,"lower_bound":0.12865081424925084,"upper_bound":0.21335429838770947},"point_estimate":0.1730964948950786,"standard_error":0.021181135141004816}}