{"mean":{"confidence_interval":{"confidence_level":0.95,"lower_bound":-0.24515311542311233,"upper_bound":-0.23459894116145052},"point_estimate":-0.23974751308883857,"standard_error":0.0026869845559845695},"median":{"confidence_interval":{"confidence_level":0.95,"lower_bound":-0.2514217325636694,"upper_bound":-0.2270337831809106},"point_estimate":-0.2359760954008241,"standard_error":0.006144857888890649}}