{"mean":{"confidence_interval":{"confidence_level":0.95,"lower_bound":1.4383300330119468,"upper_bound":1.552779747682265},"point_estimate":1.4870316845752618,"standard_error":0.02918176292804022},"median":{"confidence_interval":{"confidence_level":0.95,"lower_bound":1.4055481374861225,"upper_bound":1.491430089878481},"point_estimate":1.457878018978,"standard_error":0.021993113947419894}}