{"mean":{"confidence_interval":{"confidence_level":0.95,"lower_bound":0.7980096088841917,"upper_bound":0.8393530523055893},"point_estimate":0.8181094844366728,"standard_error":0.0104843786623246},"median":{"confidence_interval":{"confidence_level":0.95,"lower_bound":0.8018162651822192,"upper_bound":0.8796999291445615},"point_estimate":0.8466977925050263,"standard_error":0.02006126790238078}}