{"mean":{"confidence_interval":{"confidence_level":0.95,"lower_bound":-0.5074477889948975,"upper_bound":-0.47630478386863323},"point_estimate":-0.4931964434664836,"standard_error":0.008105162109246876},"median":{"confidence_interval":{"confidence_level":0.95,"lower_bound":-0.5156002084615683,"upper_bound":-0.5059090411390761},"point_estimate":-0.5110052743040441,"standard_error":0.0024761882479510827}}