{"mean":{"confidence_interval":{"confidence_level":0.95,"lower_bound":-0.023039759318346103,"upper_bound":0.08376564840584601},"point_estimate":0.016294249364094293,"standard_error":0.02898555088710735},"median":{"confidence_interval":{"confidence_level":0.95,"lower_bound":-0.03078103638725671,"upper_bound":0.023239396638218758},"point_estimate":-0.001362501821185469,"standard_error":0.014198894518973066}}