{"mean":{"confidence_interval":{"confidence_level":0.95,"lower_bound":0.1193312043745327,"upper_bound":0.20710448713585702},"point_estimate":0.16473925006533974,"standard_error":0.022496630676270727},"median":{"confidence_interval":{"confidence_level":0.95,"lower_bound":0.14897579969760455,"upper_bound":0.20067167052175328},"point_estimate":0.17824425942370836,"standard_error":0.013858991990106305}}