{"mean":{"confidence_interval":{"confidence_level":0.95,"lower_bound":1.0787356904470276,"upper_bound":1.1843356531938587},"point_estimate":1.1280921991968746,"standard_error":0.02738081652203474},"median":{"confidence_interval":{"confidence_level":0.95,"lower_bound":0.9893284003085467,"upper_bound":1.1790015523903397},"point_estimate":1.0931742634560089,"standard_error":0.05137147429642224}}