{"mean":{"confidence_interval":{"confidence_level":0.95,"lower_bound":-0.345020354722842,"upper_bound":-0.3006818139244754},"point_estimate":-0.3201285620859645,"standard_error":0.01150597623702049},"median":{"confidence_interval":{"confidence_level":0.95,"lower_bound":-0.31845542801113413,"upper_bound":-0.29481753612857353},"point_estimate":-0.3083043730768329,"standard_error":0.0062757542895996886}}