{"mean":{"confidence_interval":{"confidence_level":0.95,"lower_bound":-0.7882531796244042,"upper_bound":-0.7821320309330908},"point_estimate":-0.785195437773151,"standard_error":0.0015518768317379274},"median":{"confidence_interval":{"confidence_level":0.95,"lower_bound":-0.7864069729035175,"upper_bound":-0.7794772671708843},"point_estimate":-0.7828450100578607,"standard_error":0.0017748358729242073}}