{"mean":{"confidence_interval":{"confidence_level":0.95,"lower_bound":-0.5981245752932983,"upper_bound":-0.5407242474372614},"point_estimate":-0.5729170157282396,"standard_error":0.01452623423408694},"median":{"confidence_interval":{"confidence_level":0.95,"lower_bound":-0.5791414203810037,"upper_bound":-0.5641007628216546},"point_estimate":-0.5718158160890106,"standard_error":0.0038028703486940978}}