{"mean":{"confidence_interval":{"confidence_level":0.95,"lower_bound":553322.1761099999,"upper_bound":553819.08759},"point_estimate":553568.9247999999,"standard_error":126.55933220811082},"median":{"confidence_interval":{"confidence_level":0.95,"lower_bound":553167.04,"upper_bound":554026.96},"point_estimate":553483.52,"standard_error":209.06329502900064},"median_abs_dev":{"confidence_interval":{"confidence_level":0.95,"lower_bound":1108.7475643159203,"upper_bound":1613.0094673633887},"point_estimate":1372.6503596306227,"standard_error":133.88440275257642},"slope":null,"std_dev":{"confidence_interval":{"confidence_level":0.95,"lower_bound":1088.8696695264648,"upper_bound":1428.7642750190284},"point_estimate":1265.2598560558263,"standard_error":86.9751835378002}}