{"mean":{"confidence_interval":{"confidence_level":0.95,"lower_bound":677593.8774374999,"upper_bound":679666.0426875001},"point_estimate":678650.6675,"standard_error":529.1760904402876},"median":{"confidence_interval":{"confidence_level":0.95,"lower_bound":677501.45,"upper_bound":679446.5},"point_estimate":678228.95,"standard_error":543.8117962115238},"median_abs_dev":{"confidence_interval":{"confidence_level":0.95,"lower_bound":2646.5892130136144,"upper_bound":4466.814265698125},"point_estimate":3502.8648278115797,"standard_error":473.2100020923365},"slope":null,"std_dev":{"confidence_interval":{"confidence_level":0.95,"lower_bound":4185.253531708148,"upper_bound":6437.777185973327},"point_estimate":5343.635557193226,"standard_error":577.4618999837777}}