{"mean":{"confidence_interval":{"confidence_level":0.95,"lower_bound":560518.2120520833,"upper_bound":564806.0053645831},"point_estimate":562114.2945833332,"standard_error":1212.6487890694175},"median":{"confidence_interval":{"confidence_level":0.95,"lower_bound":560860.4166666666,"upper_bound":561485.7916666666},"point_estimate":561234.2708333333,"standard_error":161.81913470007294},"median_abs_dev":{"confidence_interval":{"confidence_level":0.95,"lower_bound":1291.0357020796496,"upper_bound":2817.248824983893},"point_estimate":1969.6340650320053,"standard_error":383.5555783450543},"slope":null,"std_dev":{"confidence_interval":{"confidence_level":0.95,"lower_bound":2375.8419936216915,"upper_bound":20651.73973209779},"point_estimate":12218.54233830163,"standard_error":6371.447459611182}}