{"mean":{"confidence_interval":{"confidence_level":0.95,"lower_bound":2001598.3806875,"upper_bound":2030872.8242812501},"point_estimate":2016010.37125,"standard_error":7469.7351471197735},"median":{"confidence_interval":{"confidence_level":0.95,"lower_bound":1975588.5,"upper_bound":2035526.625},"point_estimate":2009170.3125,"standard_error":16712.929786266646},"median_abs_dev":{"confidence_interval":{"confidence_level":0.95,"lower_bound":69357.60203115642,"upper_bound":107526.3043910265},"point_estimate":89188.02531659603,"standard_error":10277.417569126344},"slope":null,"std_dev":{"confidence_interval":{"confidence_level":0.95,"lower_bound":67165.06065965079,"upper_bound":81801.85516064074},"point_estimate":75098.78605830045,"standard_error":3726.483300413853}}