{"mean":{"confidence_interval":{"confidence_level":0.95,"lower_bound":901878.8590833329,"upper_bound":906932.3092291666},"point_estimate":904265.3808333329,"standard_error":1287.946640383905},"median":{"confidence_interval":{"confidence_level":0.95,"lower_bound":898889.5,"upper_bound":903860.25},"point_estimate":901851.8333333334,"standard_error":1112.4920358727334},"median_abs_dev":{"confidence_interval":{"confidence_level":0.95,"lower_bound":6461.603110283556,"upper_bound":10526.706913113709},"point_estimate":8426.233400404395,"standard_error":1012.0003696826877},"slope":null,"std_dev":{"confidence_interval":{"confidence_level":0.95,"lower_bound":8877.433993965175,"upper_bound":16804.98828613099},"point_estimate":12929.23826763017,"standard_error":2052.444706553726}}