{"mean":{"confidence_interval":{"confidence_level":0.95,"lower_bound":2068251.961375,"upper_bound":2090924.5943125},"point_estimate":2079437.3925,"standard_error":5795.321315374008},"median":{"confidence_interval":{"confidence_level":0.95,"lower_bound":2056118.0,"upper_bound":2090726.4375},"point_estimate":2076138.0625,"standard_error":9967.753678855597},"median_abs_dev":{"confidence_interval":{"confidence_level":0.95,"lower_bound":48604.90889959037,"upper_bound":77944.07977871597},"point_estimate":62579.15495149791,"standard_error":7367.960146019312},"slope":null,"std_dev":{"confidence_interval":{"confidence_level":0.95,"lower_bound":50372.838582516626,"upper_bound":65052.623116529656},"point_estimate":58144.487351629854,"standard_error":3737.0747341212254}}