{"mean":{"confidence_interval":{"confidence_level":0.95,"lower_bound":1504148.452549999,"upper_bound":1522206.8342749998},"point_estimate":1512572.3719999993,"standard_error":4651.722635570387},"median":{"confidence_interval":{"confidence_level":0.95,"lower_bound":1494825.2999999998,"upper_bound":1510645.7},"point_estimate":1502290.6,"standard_error":4079.6829144900976},"median_abs_dev":{"confidence_interval":{"confidence_level":0.95,"lower_bound":20786.348150968828,"upper_bound":33752.055570781165},"point_estimate":26887.469432651964,"standard_error":3125.872343913274},"slope":null,"std_dev":{"confidence_interval":{"confidence_level":0.95,"lower_bound":28688.2150311266,"upper_bound":62377.55782344458},"point_estimate":46578.192108643634,"standard_error":8718.173923384022}}