{"mean":{"confidence_interval":{"confidence_level":0.95,"lower_bound":2026636.83284375,"upper_bound":2067704.5046562501},"point_estimate":2047212.225,"standard_error":10452.851948666153},"median":{"confidence_interval":{"confidence_level":0.95,"lower_bound":2006250.5,"upper_bound":2087027.5},"point_estimate":2050726.625,"standard_error":18483.122450118844},"median_abs_dev":{"confidence_interval":{"confidence_level":0.95,"lower_bound":104290.43728597462,"upper_bound":153015.62210842967},"point_estimate":138495.87192870677,"standard_error":13007.192381130104},"slope":null,"std_dev":{"confidence_interval":{"confidence_level":0.95,"lower_bound":93628.63388808099,"upper_bound":115360.07523631676},"point_estimate":105064.29796313655,"standard_error":5546.516707030932}}